[2026-08-15 04:23:04] ============================================================
[2026-08-15 04:23:04] 03_train_cnn
[2026-08-15 04:23:04] Conda: 5020_env
[2026-08-15 04:23:04] Python: /home/zkb/rpt-re/scripts/py/03_train_cnn.py
[2026-08-15 04:23:04] Args:  --paper-cross --all-seeds --gpu-ids 0,1,2,3 --batch-size 256 --reserve-gib 16
[2026-08-15 04:23:04] Log:   /home/zkb/rpt-re/logs/03_train_cnn/03_train_cnn_20260815_042302.log
[2026-08-15 04:23:04] ============================================================
[2026-08-15 04:23:04] starting python
[2026-08-15 04:23:05] pending jobs=10 configs=[(20, 5), (60, 5), (5, 20), (60, 20), (5, 60), (20, 60)] seeds=[0, 1, 2, 3, 4]
[2026-08-15 04:23:05] nvidia-smi=[(0, 48494, 0), (1, 48496, 0), (2, 48464, 0), (3, 48496, 0)]
[2026-08-15 04:23:05] parallel jobs=10 n_conc=10 gpu_free=[(0, 48494), (1, 48496), (2, 48464), (3, 48496)] gpu_slots=20 per_gpu_slots=[5, 5, 5, 5] jobs_per_gpu_max=32 batch_size=256 ram_diag={'source': 'memory_budget', 'avail_gib': 347.3, 'total_gib': 377.5, 'reserve_gib': 16.0, 'budget_gib': 331.3, 'mem_per_worker_gib': 10.0, 'mem_cap': 33, 'cpu_cap': 112, 'swap_percent': 100.0, 'n_tasks': 10, 'resolved_workers': 10}
[2026-08-15 04:23:05] acquire gpu=1 need_mib=8192 active={0: 0, 1: 1, 2: 0, 3: 0} remaining={0: 48494, 1: 40304, 2: 48464, 3: 48496}
[2026-08-15 04:23:05] acquire gpu=3 need_mib=8192 active={0: 0, 1: 1, 2: 0, 3: 1} remaining={0: 48494, 1: 40304, 2: 48464, 3: 40304}
[2026-08-15 04:23:05] [I20_R5 seed0 gpu1] start
[2026-08-15 04:23:05] [I20_R5 seed1 gpu3] start
[2026-08-15 04:23:05] acquire gpu=0 need_mib=8192 active={0: 1, 1: 1, 2: 0, 3: 1} remaining={0: 40302, 1: 40304, 2: 48464, 3: 40304}
[2026-08-15 04:23:05] acquire gpu=2 need_mib=8192 active={0: 1, 1: 1, 2: 1, 3: 1} remaining={0: 40302, 1: 40304, 2: 40272, 3: 40304}
[2026-08-15 04:23:05] [I20_R5 seed2 gpu0] start
[2026-08-15 04:23:05] [I20_R5 seed3 gpu2] start
[2026-08-15 04:23:05] acquire gpu=1 need_mib=8192 active={0: 1, 1: 2, 2: 1, 3: 1} remaining={0: 40302, 1: 32112, 2: 40272, 3: 40304}
[2026-08-15 04:23:05] [I20_R5 seed4 gpu1] start
[2026-08-15 04:23:05] acquire gpu=3 need_mib=16384 active={0: 1, 1: 2, 2: 1, 3: 2} remaining={0: 40302, 1: 32112, 2: 40272, 3: 23920}
[2026-08-15 04:23:05] [I60_R5 seed0 gpu3] start
[2026-08-15 04:23:05] acquire gpu=0 need_mib=16384 active={0: 2, 1: 2, 2: 1, 3: 2} remaining={0: 23918, 1: 32112, 2: 40272, 3: 23920}
[2026-08-15 04:23:05] [I60_R5 seed1 gpu0] start
[2026-08-15 04:23:05] acquire gpu=2 need_mib=16384 active={0: 2, 1: 2, 2: 2, 3: 2} remaining={0: 23918, 1: 32112, 2: 23888, 3: 23920}
[2026-08-15 04:23:05] acquire gpu=1 need_mib=16384 active={0: 2, 1: 3, 2: 2, 3: 2} remaining={0: 23918, 1: 15728, 2: 23888, 3: 23920}
[2026-08-15 04:23:05] [I60_R5 seed2 gpu2] start
[2026-08-15 04:23:05] acquire gpu=3 need_mib=16384 active={0: 2, 1: 3, 2: 2, 3: 3} remaining={0: 23918, 1: 15728, 2: 23888, 3: 7536}
[2026-08-15 04:23:05] [I60_R5 seed3 gpu1] start
[2026-08-15 04:23:05] [I60_R5 seed4 gpu3] start
[2026-08-15 04:23:07] [I20_R5 seed1 gpu3] pending jobs=1 configs=[(20, 5)] seeds=[1]
[2026-08-15 04:23:07] [I60_R5 seed4 gpu3] pending jobs=1 configs=[(60, 5)] seeds=[4]
[2026-08-15 04:23:07] [I20_R5 seed2 gpu0] pending jobs=1 configs=[(20, 5)] seeds=[2]
[2026-08-15 04:23:07] [I60_R5 seed0 gpu3] pending jobs=1 configs=[(60, 5)] seeds=[0]
[2026-08-15 04:23:07] [I20_R5 seed0 gpu1] pending jobs=1 configs=[(20, 5)] seeds=[0]
[2026-08-15 04:23:07] [I60_R5 seed2 gpu2] pending jobs=1 configs=[(60, 5)] seeds=[2]
[2026-08-15 04:23:07] [I60_R5 seed1 gpu0] pending jobs=1 configs=[(60, 5)] seeds=[1]
[2026-08-15 04:23:07] [I20_R5 seed4 gpu1] pending jobs=1 configs=[(20, 5)] seeds=[4]
[2026-08-15 04:23:07] [I20_R5 seed3 gpu2] pending jobs=1 configs=[(20, 5)] seeds=[3]
[2026-08-15 04:23:08] [I60_R5 seed3 gpu1] pending jobs=1 configs=[(60, 5)] seeds=[3]
[2026-08-15 04:23:16] [I60_R5 seed2 gpu2] I60/R5 freq=week split_seed=0 samples train=2191368 val=939158 test=6542415
[2026-08-15 04:23:17] [I20_R5 seed1 gpu3] I20/R5 freq=week split_seed=0 samples train=2229869 val=955659 test=6619772
[2026-08-15 04:23:17] [I20_R5 seed1 gpu3] pixel stats: year=1993 2% (1/8 years)
[2026-08-15 04:23:17] [I20_R5 seed3 gpu2] I20/R5 freq=week split_seed=0 samples train=2229869 val=955659 test=6619772
[2026-08-15 04:23:17] [I20_R5 seed1 gpu3] pixel stats: year=1993 4% (1/8 years)
[2026-08-15 04:23:17] [I20_R5 seed1 gpu3] pixel stats: year=1993 5% (1/8 years)
[2026-08-15 04:23:17] [I60_R5 seed2 gpu2] pixel stats: year=1993 2% (1/8 years)
[2026-08-15 04:23:17] [I20_R5 seed1 gpu3] pixel stats: year=1993 7% (1/8 years)
[2026-08-15 04:23:17] [I20_R5 seed1 gpu3] pixel stats: year=1993 9% (1/8 years)
[2026-08-15 04:23:17] [I60_R5 seed4 gpu3] I60/R5 freq=week split_seed=0 samples train=2191368 val=939158 test=6542415
[2026-08-15 04:23:17] [I20_R5 seed1 gpu3] pixel stats: year=1993 11% (1/8 years)
[2026-08-15 04:23:17] [I20_R5 seed1 gpu3] pixel stats: year=1993 12% (1/8 years)
[2026-08-15 04:23:18] [I20_R5 seed1 gpu3] pixel stats: year=1993 14% (1/8 years)
[2026-08-15 04:23:18] [I60_R5 seed2 gpu2] pixel stats: year=1993 4% (1/8 years)
[2026-08-15 04:23:18] [I20_R5 seed1 gpu3] pixel stats: year=1993 16% (1/8 years)
[2026-08-15 04:23:18] [I60_R5 seed0 gpu3] I60/R5 freq=week split_seed=0 samples train=2191368 val=939158 test=6542415
[2026-08-15 04:23:18] [I20_R5 seed1 gpu3] pixel stats: year=1993 18% (1/8 years)
[2026-08-15 04:23:18] [I20_R5 seed1 gpu3] pixel stats: year=1993 19% (1/8 years)
[2026-08-15 04:23:18] [I20_R5 seed2 gpu0] I20/R5 freq=week split_seed=0 samples train=2229869 val=955659 test=6619772
[2026-08-15 04:23:18] [I20_R5 seed4 gpu1] I20/R5 freq=week split_seed=0 samples train=2229869 val=955659 test=6619772
[2026-08-15 04:23:18] [I20_R5 seed1 gpu3] pixel stats: year=1993 21% (1/8 years)
[2026-08-15 04:23:18] [I20_R5 seed1 gpu3] pixel stats: year=1993 23% (1/8 years)
[2026-08-15 04:23:18] [I60_R5 seed1 gpu0] I60/R5 freq=week split_seed=0 samples train=2191368 val=939158 test=6542415
[2026-08-15 04:23:18] [I60_R5 seed3 gpu1] I60/R5 freq=week split_seed=0 samples train=2191368 val=939158 test=6542415
[2026-08-15 04:23:18] [I60_R5 seed2 gpu2] pixel stats: year=1993 5% (1/8 years)
[2026-08-15 04:23:18] [I20_R5 seed1 gpu3] pixel stats: year=1993 25% (1/8 years)
[2026-08-15 04:23:18] [I20_R5 seed0 gpu1] I20/R5 freq=week split_seed=0 samples train=2229869 val=955659 test=6619772
[2026-08-15 04:23:18] [I20_R5 seed1 gpu3] pixel stats: year=1993 26% (1/8 years)
[2026-08-15 04:23:18] [I20_R5 seed1 gpu3] pixel stats: year=1993 28% (1/8 years)
[2026-08-15 04:23:18] [I20_R5 seed1 gpu3] pixel stats: year=1993 30% (1/8 years)
[2026-08-15 04:23:19] [I60_R5 seed2 gpu2] pixel stats: year=1993 7% (1/8 years)
[2026-08-15 04:23:19] [I20_R5 seed1 gpu3] pixel stats: year=1993 32% (1/8 years)
[2026-08-15 04:23:19] [I20_R5 seed1 gpu3] pixel stats: year=1993 33% (1/8 years)
[2026-08-15 04:23:19] [I20_R5 seed1 gpu3] pixel stats: year=1993 35% (1/8 years)
[2026-08-15 04:23:19] [I20_R5 seed1 gpu3] pixel stats: year=1993 37% (1/8 years)
[2026-08-15 04:23:19] [I20_R5 seed1 gpu3] pixel stats: year=1993 39% (1/8 years)
[2026-08-15 04:23:19] [I60_R5 seed2 gpu2] pixel stats: year=1993 9% (1/8 years)
[2026-08-15 04:23:19] [I20_R5 seed1 gpu3] pixel stats: year=1993 40% (1/8 years)
[2026-08-15 04:23:19] [I20_R5 seed1 gpu3] pixel stats: year=1993 42% (1/8 years)
[2026-08-15 04:23:19] [I20_R5 seed1 gpu3] pixel stats: year=1993 44% (1/8 years)
[2026-08-15 04:23:19] [I20_R5 seed1 gpu3] pixel stats: year=1993 46% (1/8 years)
[2026-08-15 04:23:19] [I20_R5 seed1 gpu3] pixel stats: year=1993 47% (1/8 years)
[2026-08-15 04:23:20] [I60_R5 seed2 gpu2] pixel stats: year=1993 11% (1/8 years)
[2026-08-15 04:23:20] [I20_R5 seed1 gpu3] pixel stats: year=1993 49% (1/8 years)
[2026-08-15 04:23:20] [I20_R5 seed1 gpu3] pixel stats: year=1993 51% (1/8 years)
[2026-08-15 04:23:20] [I20_R5 seed1 gpu3] pixel stats: year=1993 53% (1/8 years)
[2026-08-15 04:23:20] [I20_R5 seed1 gpu3] pixel stats: year=1993 54% (1/8 years)
[2026-08-15 04:23:20] [I20_R5 seed1 gpu3] pixel stats: year=1993 56% (1/8 years)
[2026-08-15 04:23:20] [I60_R5 seed2 gpu2] pixel stats: year=1993 13% (1/8 years)
[2026-08-15 04:23:20] [I20_R5 seed1 gpu3] pixel stats: year=1993 58% (1/8 years)
[2026-08-15 04:23:20] [I20_R5 seed1 gpu3] pixel stats: year=1993 60% (1/8 years)
[2026-08-15 04:23:20] [I20_R5 seed1 gpu3] pixel stats: year=1993 61% (1/8 years)
[2026-08-15 04:23:20] [I20_R5 seed1 gpu3] pixel stats: year=1993 63% (1/8 years)
[2026-08-15 04:23:20] [I60_R5 seed2 gpu2] pixel stats: year=1993 15% (1/8 years)
[2026-08-15 04:23:20] [I20_R5 seed1 gpu3] pixel stats: year=1993 65% (1/8 years)
[2026-08-15 04:23:21] [I20_R5 seed1 gpu3] pixel stats: year=1993 67% (1/8 years)
[2026-08-15 04:23:21] [I20_R5 seed1 gpu3] pixel stats: year=1993 68% (1/8 years)
[2026-08-15 04:23:21] [I20_R5 seed1 gpu3] pixel stats: year=1993 70% (1/8 years)
[2026-08-15 04:23:21] [I60_R5 seed2 gpu2] pixel stats: year=1993 16% (1/8 years)
[2026-08-15 04:23:21] [I20_R5 seed1 gpu3] pixel stats: year=1993 72% (1/8 years)
[2026-08-15 04:23:21] [I20_R5 seed1 gpu3] pixel stats: year=1993 74% (1/8 years)
[2026-08-15 04:23:21] [I20_R5 seed1 gpu3] pixel stats: year=1993 75% (1/8 years)
[2026-08-15 04:23:21] [I20_R5 seed1 gpu3] pixel stats: year=1993 77% (1/8 years)
[2026-08-15 04:23:21] [I60_R5 seed2 gpu2] pixel stats: year=1993 18% (1/8 years)
[2026-08-15 04:23:21] [I20_R5 seed1 gpu3] pixel stats: year=1993 79% (1/8 years)
[2026-08-15 04:23:21] [I20_R5 seed1 gpu3] pixel stats: year=1993 81% (1/8 years)
[2026-08-15 04:23:21] [I20_R5 seed1 gpu3] pixel stats: year=1993 82% (1/8 years)
[2026-08-15 04:23:22] [I20_R5 seed1 gpu3] pixel stats: year=1993 84% (1/8 years)
[2026-08-15 04:23:22] [I20_R5 seed1 gpu3] pixel stats: year=1993 86% (1/8 years)
[2026-08-15 04:23:22] [I60_R5 seed2 gpu2] pixel stats: year=1993 20% (1/8 years)
[2026-08-15 04:23:22] [I20_R5 seed1 gpu3] pixel stats: year=1993 88% (1/8 years)
[2026-08-15 04:23:22] [I20_R5 seed1 gpu3] pixel stats: year=1993 89% (1/8 years)
[2026-08-15 04:23:22] [I20_R5 seed1 gpu3] pixel stats: year=1993 91% (1/8 years)
[2026-08-15 04:23:22] [I20_R5 seed1 gpu3] pixel stats: year=1993 93% (1/8 years)
[2026-08-15 04:23:22] [I20_R5 seed1 gpu3] pixel stats: year=1993 95% (1/8 years)
[2026-08-15 04:23:22] [I60_R5 seed2 gpu2] pixel stats: year=1993 22% (1/8 years)
[2026-08-15 04:23:22] [I20_R5 seed1 gpu3] pixel stats: year=1993 96% (1/8 years)
[2026-08-15 04:23:22] [I20_R5 seed1 gpu3] pixel stats: year=1993 98% (1/8 years)
[2026-08-15 04:23:22] [I20_R5 seed1 gpu3] pixel stats: year=1993 100% (1/8 years)
[2026-08-15 04:23:22] [I20_R5 seed1 gpu3] pixel stats: year=1993 done (1/8 years)
[2026-08-15 04:23:23] [I20_R5 seed1 gpu3] pixel stats: year=1994 2% (2/8 years)
[2026-08-15 04:23:23] [I20_R5 seed1 gpu3] pixel stats: year=1994 3% (2/8 years)
[2026-08-15 04:23:23] [I60_R5 seed2 gpu2] pixel stats: year=1993 24% (1/8 years)
[2026-08-15 04:23:23] [I20_R5 seed1 gpu3] pixel stats: year=1994 5% (2/8 years)
[2026-08-15 04:23:23] [I20_R5 seed1 gpu3] pixel stats: year=1994 6% (2/8 years)
[2026-08-15 04:23:23] [I20_R5 seed1 gpu3] pixel stats: year=1994 8% (2/8 years)
[2026-08-15 04:23:23] [I20_R5 seed1 gpu3] pixel stats: year=1994 9% (2/8 years)
[2026-08-15 04:23:23] [I60_R5 seed2 gpu2] pixel stats: year=1993 25% (1/8 years)
[2026-08-15 04:23:23] [I20_R5 seed1 gpu3] pixel stats: year=1994 11% (2/8 years)
[2026-08-15 04:23:23] [I20_R5 seed1 gpu3] pixel stats: year=1994 13% (2/8 years)
[2026-08-15 04:23:23] [I20_R5 seed1 gpu3] pixel stats: year=1994 14% (2/8 years)
[2026-08-15 04:23:23] [I20_R5 seed1 gpu3] pixel stats: year=1994 16% (2/8 years)
[2026-08-15 04:23:23] [I20_R5 seed1 gpu3] pixel stats: year=1994 17% (2/8 years)
[2026-08-15 04:23:23] [I60_R5 seed2 gpu2] pixel stats: year=1993 27% (1/8 years)
[2026-08-15 04:23:24] [I20_R5 seed1 gpu3] pixel stats: year=1994 19% (2/8 years)
[2026-08-15 04:23:24] [I20_R5 seed1 gpu3] pixel stats: year=1994 21% (2/8 years)
[2026-08-15 04:23:24] [I20_R5 seed1 gpu3] pixel stats: year=1994 22% (2/8 years)
[2026-08-15 04:23:24] [I20_R5 seed1 gpu3] pixel stats: year=1994 24% (2/8 years)
[2026-08-15 04:23:24] [I20_R5 seed1 gpu3] pixel stats: year=1994 25% (2/8 years)
[2026-08-15 04:23:24] [I60_R5 seed2 gpu2] pixel stats: year=1993 29% (1/8 years)
[2026-08-15 04:23:24] [I20_R5 seed1 gpu3] pixel stats: year=1994 27% (2/8 years)
[2026-08-15 04:23:24] [I20_R5 seed1 gpu3] pixel stats: year=1994 28% (2/8 years)
[2026-08-15 04:23:24] [I20_R5 seed1 gpu3] pixel stats: year=1994 30% (2/8 years)
[2026-08-15 04:23:24] [I20_R5 seed1 gpu3] pixel stats: year=1994 32% (2/8 years)
[2026-08-15 04:23:24] [I20_R5 seed1 gpu3] pixel stats: year=1994 33% (2/8 years)
[2026-08-15 04:23:24] [I60_R5 seed2 gpu2] pixel stats: year=1993 31% (1/8 years)
[2026-08-15 04:23:24] [I20_R5 seed1 gpu3] pixel stats: year=1994 35% (2/8 years)
[2026-08-15 04:23:25] [I20_R5 seed1 gpu3] pixel stats: year=1994 36% (2/8 years)
[2026-08-15 04:23:25] [I20_R5 seed1 gpu3] pixel stats: year=1994 38% (2/8 years)
[2026-08-15 04:23:25] [I20_R5 seed1 gpu3] pixel stats: year=1994 40% (2/8 years)
[2026-08-15 04:23:25] [I60_R5 seed2 gpu2] pixel stats: year=1993 33% (1/8 years)
[2026-08-15 04:23:25] [I20_R5 seed1 gpu3] pixel stats: year=1994 41% (2/8 years)
[2026-08-15 04:23:25] [I20_R5 seed1 gpu3] pixel stats: year=1994 43% (2/8 years)
[2026-08-15 04:23:25] [I20_R5 seed1 gpu3] pixel stats: year=1994 44% (2/8 years)
[2026-08-15 04:23:25] [I20_R5 seed1 gpu3] pixel stats: year=1994 46% (2/8 years)
[2026-08-15 04:23:25] [I20_R5 seed1 gpu3] pixel stats: year=1994 47% (2/8 years)
[2026-08-15 04:23:25] [I60_R5 seed2 gpu2] pixel stats: year=1993 35% (1/8 years)
[2026-08-15 04:23:25] [I20_R5 seed1 gpu3] pixel stats: year=1994 49% (2/8 years)
[2026-08-15 04:23:25] [I20_R5 seed1 gpu3] pixel stats: year=1994 51% (2/8 years)
[2026-08-15 04:23:25] [I20_R5 seed1 gpu3] pixel stats: year=1994 52% (2/8 years)
[2026-08-15 04:23:26] [I20_R5 seed1 gpu3] pixel stats: year=1994 54% (2/8 years)
[2026-08-15 04:23:26] [I20_R5 seed1 gpu3] pixel stats: year=1994 55% (2/8 years)
[2026-08-15 04:23:26] [I60_R5 seed2 gpu2] pixel stats: year=1993 36% (1/8 years)
[2026-08-15 04:23:26] [I20_R5 seed1 gpu3] pixel stats: year=1994 57% (2/8 years)
[2026-08-15 04:23:26] [I20_R5 seed1 gpu3] pixel stats: year=1994 59% (2/8 years)
[2026-08-15 04:23:26] [I20_R5 seed1 gpu3] pixel stats: year=1994 60% (2/8 years)
[2026-08-15 04:23:26] [I20_R5 seed1 gpu3] pixel stats: year=1994 62% (2/8 years)
[2026-08-15 04:23:26] [I20_R5 seed1 gpu3] pixel stats: year=1994 63% (2/8 years)
[2026-08-15 04:23:26] [I60_R5 seed2 gpu2] pixel stats: year=1993 38% (1/8 years)
[2026-08-15 04:23:26] [I20_R5 seed1 gpu3] pixel stats: year=1994 65% (2/8 years)
[2026-08-15 04:23:26] [I20_R5 seed1 gpu3] pixel stats: year=1994 66% (2/8 years)
[2026-08-15 04:23:26] [I20_R5 seed1 gpu3] pixel stats: year=1994 68% (2/8 years)
[2026-08-15 04:23:26] [I20_R5 seed1 gpu3] pixel stats: year=1994 70% (2/8 years)
[2026-08-15 04:23:27] [I60_R5 seed2 gpu2] pixel stats: year=1993 40% (1/8 years)
[2026-08-15 04:23:27] [I20_R5 seed1 gpu3] pixel stats: year=1994 71% (2/8 years)
[2026-08-15 04:23:27] [I20_R5 seed1 gpu3] pixel stats: year=1994 73% (2/8 years)
[2026-08-15 04:23:27] [I20_R5 seed1 gpu3] pixel stats: year=1994 74% (2/8 years)
[2026-08-15 04:23:27] [I20_R5 seed1 gpu3] pixel stats: year=1994 76% (2/8 years)
[2026-08-15 04:23:27] [I20_R5 seed1 gpu3] pixel stats: year=1994 78% (2/8 years)
[2026-08-15 04:23:27] [I60_R5 seed2 gpu2] pixel stats: year=1993 42% (1/8 years)
[2026-08-15 04:23:27] [I20_R5 seed1 gpu3] pixel stats: year=1994 79% (2/8 years)
[2026-08-15 04:23:27] [I20_R5 seed1 gpu3] pixel stats: year=1994 81% (2/8 years)
[2026-08-15 04:23:27] [I20_R5 seed1 gpu3] pixel stats: year=1994 82% (2/8 years)
[2026-08-15 04:23:27] [I20_R5 seed1 gpu3] pixel stats: year=1994 84% (2/8 years)
[2026-08-15 04:23:27] [I20_R5 seed1 gpu3] pixel stats: year=1994 85% (2/8 years)
[2026-08-15 04:23:27] [I60_R5 seed2 gpu2] pixel stats: year=1993 44% (1/8 years)
[2026-08-15 04:23:28] [I20_R5 seed1 gpu3] pixel stats: year=1994 87% (2/8 years)
[2026-08-15 04:23:28] [I20_R5 seed1 gpu3] pixel stats: year=1994 89% (2/8 years)
[2026-08-15 04:23:28] [I20_R5 seed1 gpu3] pixel stats: year=1994 90% (2/8 years)
[2026-08-15 04:23:28] [I20_R5 seed1 gpu3] pixel stats: year=1994 92% (2/8 years)
[2026-08-15 04:23:28] [I20_R5 seed1 gpu3] pixel stats: year=1994 93% (2/8 years)
[2026-08-15 04:23:28] [I60_R5 seed2 gpu2] pixel stats: year=1993 45% (1/8 years)
[2026-08-15 04:23:28] [I20_R5 seed1 gpu3] pixel stats: year=1994 95% (2/8 years)
[2026-08-15 04:23:28] [I20_R5 seed1 gpu3] pixel stats: year=1994 97% (2/8 years)
[2026-08-15 04:23:28] [I20_R5 seed1 gpu3] pixel stats: year=1994 98% (2/8 years)
[2026-08-15 04:23:28] [I20_R5 seed1 gpu3] pixel stats: year=1994 100% (2/8 years)
[2026-08-15 04:23:28] [I20_R5 seed1 gpu3] pixel stats: year=1994 100% (2/8 years)
[2026-08-15 04:23:28] [I20_R5 seed1 gpu3] pixel stats: year=1994 done (2/8 years)
[2026-08-15 04:23:28] [I60_R5 seed2 gpu2] pixel stats: year=1993 47% (1/8 years)
[2026-08-15 04:23:28] [I20_R5 seed1 gpu3] pixel stats: year=1995 2% (3/8 years)
[2026-08-15 04:23:28] [I20_R5 seed1 gpu3] pixel stats: year=1995 3% (3/8 years)
[2026-08-15 04:23:29] [I20_R5 seed1 gpu3] pixel stats: year=1995 5% (3/8 years)
[2026-08-15 04:23:29] [I20_R5 seed1 gpu3] pixel stats: year=1995 6% (3/8 years)
[2026-08-15 04:23:29] [I20_R5 seed1 gpu3] pixel stats: year=1995 8% (3/8 years)
[2026-08-15 04:23:29] [I60_R5 seed2 gpu2] pixel stats: year=1993 49% (1/8 years)
[2026-08-15 04:23:29] [I20_R5 seed1 gpu3] pixel stats: year=1995 9% (3/8 years)
[2026-08-15 04:23:29] [I20_R5 seed1 gpu3] pixel stats: year=1995 11% (3/8 years)
[2026-08-15 04:23:29] [I20_R5 seed1 gpu3] pixel stats: year=1995 12% (3/8 years)
[2026-08-15 04:23:29] [I20_R5 seed1 gpu3] pixel stats: year=1995 14% (3/8 years)
[2026-08-15 04:23:29] [I20_R5 seed1 gpu3] pixel stats: year=1995 15% (3/8 years)
[2026-08-15 04:23:29] [I60_R5 seed2 gpu2] pixel stats: year=1993 51% (1/8 years)
[2026-08-15 04:23:29] [I20_R5 seed1 gpu3] pixel stats: year=1995 17% (3/8 years)
[2026-08-15 04:23:29] [I20_R5 seed1 gpu3] pixel stats: year=1995 18% (3/8 years)
[2026-08-15 04:23:30] [I20_R5 seed1 gpu3] pixel stats: year=1995 20% (3/8 years)
[2026-08-15 04:23:30] [I20_R5 seed1 gpu3] pixel stats: year=1995 21% (3/8 years)
[2026-08-15 04:23:30] [I60_R5 seed2 gpu2] pixel stats: year=1993 53% (1/8 years)
[2026-08-15 04:23:30] [I20_R5 seed1 gpu3] pixel stats: year=1995 23% (3/8 years)
[2026-08-15 04:23:30] [I20_R5 seed1 gpu3] pixel stats: year=1995 24% (3/8 years)
[2026-08-15 04:23:30] [I20_R5 seed1 gpu3] pixel stats: year=1995 26% (3/8 years)
[2026-08-15 04:23:30] [I20_R5 seed1 gpu3] pixel stats: year=1995 27% (3/8 years)
[2026-08-15 04:23:30] [I20_R5 seed1 gpu3] pixel stats: year=1995 29% (3/8 years)
[2026-08-15 04:23:30] [I60_R5 seed2 gpu2] pixel stats: year=1993 54% (1/8 years)
[2026-08-15 04:23:30] [I20_R5 seed1 gpu3] pixel stats: year=1995 30% (3/8 years)
[2026-08-15 04:23:30] [I20_R5 seed1 gpu3] pixel stats: year=1995 32% (3/8 years)
[2026-08-15 04:23:30] [I20_R5 seed1 gpu3] pixel stats: year=1995 33% (3/8 years)
[2026-08-15 04:23:30] [I20_R5 seed1 gpu3] pixel stats: year=1995 35% (3/8 years)
[2026-08-15 04:23:31] [I20_R5 seed1 gpu3] pixel stats: year=1995 36% (3/8 years)
[2026-08-15 04:23:31] [I60_R5 seed2 gpu2] pixel stats: year=1993 56% (1/8 years)
[2026-08-15 04:23:31] [I20_R5 seed1 gpu3] pixel stats: year=1995 38% (3/8 years)
[2026-08-15 04:23:31] [I20_R5 seed1 gpu3] pixel stats: year=1995 40% (3/8 years)
[2026-08-15 04:23:31] [I20_R5 seed1 gpu3] pixel stats: year=1995 41% (3/8 years)
[2026-08-15 04:23:31] [I20_R5 seed1 gpu3] pixel stats: year=1995 43% (3/8 years)
[2026-08-15 04:23:31] [I20_R5 seed1 gpu3] pixel stats: year=1995 44% (3/8 years)
[2026-08-15 04:23:31] [I60_R5 seed2 gpu2] pixel stats: year=1993 58% (1/8 years)
[2026-08-15 04:23:31] [I20_R5 seed1 gpu3] pixel stats: year=1995 46% (3/8 years)
[2026-08-15 04:23:31] [I20_R5 seed1 gpu3] pixel stats: year=1995 47% (3/8 years)
[2026-08-15 04:23:31] [I20_R5 seed1 gpu3] pixel stats: year=1995 49% (3/8 years)
[2026-08-15 04:23:31] [I20_R5 seed1 gpu3] pixel stats: year=1995 50% (3/8 years)
[2026-08-15 04:23:31] [I60_R5 seed2 gpu2] pixel stats: year=1993 60% (1/8 years)
[2026-08-15 04:23:31] [I20_R5 seed1 gpu3] pixel stats: year=1995 52% (3/8 years)
[2026-08-15 04:23:32] [I20_R5 seed1 gpu3] pixel stats: year=1995 53% (3/8 years)
[2026-08-15 04:23:32] [I20_R5 seed1 gpu3] pixel stats: year=1995 55% (3/8 years)
[2026-08-15 04:23:32] [I20_R5 seed1 gpu3] pixel stats: year=1995 56% (3/8 years)
[2026-08-15 04:23:32] [I20_R5 seed1 gpu3] pixel stats: year=1995 58% (3/8 years)
[2026-08-15 04:23:32] [I60_R5 seed2 gpu2] pixel stats: year=1993 62% (1/8 years)
[2026-08-15 04:23:32] [I20_R5 seed1 gpu3] pixel stats: year=1995 59% (3/8 years)
[2026-08-15 04:23:32] [I20_R5 seed1 gpu3] pixel stats: year=1995 61% (3/8 years)
[2026-08-15 04:23:32] [I20_R5 seed1 gpu3] pixel stats: year=1995 62% (3/8 years)
[2026-08-15 04:23:32] [I20_R5 seed1 gpu3] pixel stats: year=1995 64% (3/8 years)
[2026-08-15 04:23:32] [I20_R5 seed1 gpu3] pixel stats: year=1995 65% (3/8 years)
[2026-08-15 04:23:32] [I60_R5 seed2 gpu2] pixel stats: year=1993 64% (1/8 years)
[2026-08-15 04:23:32] [I20_R5 seed1 gpu3] pixel stats: year=1995 67% (3/8 years)
[2026-08-15 04:23:32] [I20_R5 seed1 gpu3] pixel stats: year=1995 68% (3/8 years)
[2026-08-15 04:23:33] [I20_R5 seed1 gpu3] pixel stats: year=1995 70% (3/8 years)
[2026-08-15 04:23:33] [I20_R5 seed1 gpu3] pixel stats: year=1995 71% (3/8 years)
[2026-08-15 04:23:33] [I20_R5 seed1 gpu3] pixel stats: year=1995 73% (3/8 years)
[2026-08-15 04:23:33] [I60_R5 seed2 gpu2] pixel stats: year=1993 65% (1/8 years)
[2026-08-15 04:23:33] [I20_R5 seed1 gpu3] pixel stats: year=1995 74% (3/8 years)
[2026-08-15 04:23:33] [I20_R5 seed1 gpu3] pixel stats: year=1995 76% (3/8 years)
[2026-08-15 04:23:33] [I20_R5 seed1 gpu3] pixel stats: year=1995 77% (3/8 years)
[2026-08-15 04:23:33] [I20_R5 seed1 gpu3] pixel stats: year=1995 79% (3/8 years)
[2026-08-15 04:23:33] [I20_R5 seed1 gpu3] pixel stats: year=1995 81% (3/8 years)
[2026-08-15 04:23:33] [I60_R5 seed2 gpu2] pixel stats: year=1993 67% (1/8 years)
[2026-08-15 04:23:33] [I20_R5 seed1 gpu3] pixel stats: year=1995 82% (3/8 years)
[2026-08-15 04:23:33] [I20_R5 seed1 gpu3] pixel stats: year=1995 84% (3/8 years)
[2026-08-15 04:23:33] [I20_R5 seed1 gpu3] pixel stats: year=1995 85% (3/8 years)
[2026-08-15 04:23:34] [I20_R5 seed1 gpu3] pixel stats: year=1995 87% (3/8 years)
[2026-08-15 04:23:34] [I60_R5 seed2 gpu2] pixel stats: year=1993 69% (1/8 years)
[2026-08-15 04:23:34] [I20_R5 seed1 gpu3] pixel stats: year=1995 88% (3/8 years)
[2026-08-15 04:23:34] [I20_R5 seed1 gpu3] pixel stats: year=1995 90% (3/8 years)
[2026-08-15 04:23:34] [I20_R5 seed1 gpu3] pixel stats: year=1995 91% (3/8 years)
[2026-08-15 04:23:34] [I20_R5 seed1 gpu3] pixel stats: year=1995 93% (3/8 years)
[2026-08-15 04:23:34] [I20_R5 seed1 gpu3] pixel stats: year=1995 94% (3/8 years)
[2026-08-15 04:23:34] [I60_R5 seed2 gpu2] pixel stats: year=1993 71% (1/8 years)
[2026-08-15 04:23:34] [I20_R5 seed1 gpu3] pixel stats: year=1995 96% (3/8 years)
[2026-08-15 04:23:34] [I20_R5 seed1 gpu3] pixel stats: year=1995 97% (3/8 years)
[2026-08-15 04:23:34] [I20_R5 seed1 gpu3] pixel stats: year=1995 99% (3/8 years)
[2026-08-15 04:23:34] [I20_R5 seed1 gpu3] pixel stats: year=1995 100% (3/8 years)
[2026-08-15 04:23:34] [I20_R5 seed1 gpu3] pixel stats: year=1995 done (3/8 years)
[2026-08-15 04:23:34] [I20_R5 seed1 gpu3] pixel stats: year=1996 1% (4/8 years)
[2026-08-15 04:23:35] [I60_R5 seed2 gpu2] pixel stats: year=1993 73% (1/8 years)
[2026-08-15 04:23:35] [I20_R5 seed1 gpu3] pixel stats: year=1996 3% (4/8 years)
[2026-08-15 04:23:35] [I20_R5 seed1 gpu3] pixel stats: year=1996 4% (4/8 years)
[2026-08-15 04:23:35] [I20_R5 seed1 gpu3] pixel stats: year=1996 6% (4/8 years)
[2026-08-15 04:23:35] [I20_R5 seed1 gpu3] pixel stats: year=1996 7% (4/8 years)
[2026-08-15 04:23:35] [I20_R5 seed1 gpu3] pixel stats: year=1996 9% (4/8 years)
[2026-08-15 04:23:35] [I60_R5 seed2 gpu2] pixel stats: year=1993 74% (1/8 years)
[2026-08-15 04:23:35] [I20_R5 seed1 gpu3] pixel stats: year=1996 10% (4/8 years)
[2026-08-15 04:23:35] [I20_R5 seed1 gpu3] pixel stats: year=1996 11% (4/8 years)
[2026-08-15 04:23:35] [I20_R5 seed1 gpu3] pixel stats: year=1996 13% (4/8 years)
[2026-08-15 04:23:35] [I20_R5 seed1 gpu3] pixel stats: year=1996 14% (4/8 years)
[2026-08-15 04:23:35] [I60_R5 seed2 gpu2] pixel stats: year=1993 76% (1/8 years)
[2026-08-15 04:23:35] [I20_R5 seed1 gpu3] pixel stats: year=1996 16% (4/8 years)
[2026-08-15 04:23:36] [I20_R5 seed1 gpu3] pixel stats: year=1996 17% (4/8 years)
[2026-08-15 04:23:36] [I20_R5 seed1 gpu3] pixel stats: year=1996 18% (4/8 years)
[2026-08-15 04:23:36] [I20_R5 seed1 gpu3] pixel stats: year=1996 20% (4/8 years)
[2026-08-15 04:23:36] [I20_R5 seed1 gpu3] pixel stats: year=1996 21% (4/8 years)
[2026-08-15 04:23:36] [I60_R5 seed2 gpu2] pixel stats: year=1993 78% (1/8 years)
[2026-08-15 04:23:36] [I20_R5 seed1 gpu3] pixel stats: year=1996 23% (4/8 years)
[2026-08-15 04:23:36] [I20_R5 seed1 gpu3] pixel stats: year=1996 24% (4/8 years)
[2026-08-15 04:23:36] [I20_R5 seed1 gpu3] pixel stats: year=1996 26% (4/8 years)
[2026-08-15 04:23:36] [I20_R5 seed1 gpu3] pixel stats: year=1996 27% (4/8 years)
[2026-08-15 04:23:36] [I20_R5 seed1 gpu3] pixel stats: year=1996 28% (4/8 years)
[2026-08-15 04:23:36] [I60_R5 seed2 gpu2] pixel stats: year=1993 80% (1/8 years)
[2026-08-15 04:23:36] [I20_R5 seed1 gpu3] pixel stats: year=1996 30% (4/8 years)
[2026-08-15 04:23:36] [I20_R5 seed1 gpu3] pixel stats: year=1996 31% (4/8 years)
[2026-08-15 04:23:37] [I20_R5 seed1 gpu3] pixel stats: year=1996 33% (4/8 years)
[2026-08-15 04:23:37] [I20_R5 seed1 gpu3] pixel stats: year=1996 34% (4/8 years)
[2026-08-15 04:23:37] [I20_R5 seed1 gpu3] pixel stats: year=1996 36% (4/8 years)
[2026-08-15 04:23:37] [I60_R5 seed2 gpu2] pixel stats: year=1993 82% (1/8 years)
[2026-08-15 04:23:37] [I20_R5 seed1 gpu3] pixel stats: year=1996 37% (4/8 years)
[2026-08-15 04:23:37] [I20_R5 seed1 gpu3] pixel stats: year=1996 38% (4/8 years)
[2026-08-15 04:23:37] [I20_R5 seed1 gpu3] pixel stats: year=1996 40% (4/8 years)
[2026-08-15 04:23:37] [I20_R5 seed1 gpu3] pixel stats: year=1996 41% (4/8 years)
[2026-08-15 04:23:37] [I60_R5 seed2 gpu2] pixel stats: year=1993 84% (1/8 years)
[2026-08-15 04:23:37] [I20_R5 seed1 gpu3] pixel stats: year=1996 43% (4/8 years)
[2026-08-15 04:23:37] [I20_R5 seed1 gpu3] pixel stats: year=1996 44% (4/8 years)
[2026-08-15 04:23:37] [I20_R5 seed1 gpu3] pixel stats: year=1996 45% (4/8 years)
[2026-08-15 04:23:37] [I20_R5 seed1 gpu3] pixel stats: year=1996 47% (4/8 years)
[2026-08-15 04:23:38] [I20_R5 seed1 gpu3] pixel stats: year=1996 48% (4/8 years)
[2026-08-15 04:23:38] [I60_R5 seed2 gpu2] pixel stats: year=1993 85% (1/8 years)
[2026-08-15 04:23:38] [I20_R5 seed1 gpu3] pixel stats: year=1996 50% (4/8 years)
[2026-08-15 04:23:38] [I20_R5 seed1 gpu3] pixel stats: year=1996 51% (4/8 years)
[2026-08-15 04:23:38] [I20_R5 seed1 gpu3] pixel stats: year=1996 53% (4/8 years)
[2026-08-15 04:23:38] [I20_R5 seed1 gpu3] pixel stats: year=1996 54% (4/8 years)
[2026-08-15 04:23:38] [I20_R5 seed1 gpu3] pixel stats: year=1996 55% (4/8 years)
[2026-08-15 04:23:38] [I60_R5 seed2 gpu2] pixel stats: year=1993 87% (1/8 years)
[2026-08-15 04:23:38] [I20_R5 seed1 gpu3] pixel stats: year=1996 57% (4/8 years)
[2026-08-15 04:23:38] [I20_R5 seed1 gpu3] pixel stats: year=1996 58% (4/8 years)
[2026-08-15 04:23:38] [I20_R5 seed1 gpu3] pixel stats: year=1996 60% (4/8 years)
[2026-08-15 04:23:38] [I20_R5 seed1 gpu3] pixel stats: year=1996 61% (4/8 years)
[2026-08-15 04:23:38] [I20_R5 seed1 gpu3] pixel stats: year=1996 63% (4/8 years)
[2026-08-15 04:23:38] [I60_R5 seed2 gpu2] pixel stats: year=1993 89% (1/8 years)
[2026-08-15 04:23:39] [I20_R5 seed1 gpu3] pixel stats: year=1996 64% (4/8 years)
[2026-08-15 04:23:39] [I20_R5 seed1 gpu3] pixel stats: year=1996 65% (4/8 years)
[2026-08-15 04:23:39] [I20_R5 seed1 gpu3] pixel stats: year=1996 67% (4/8 years)
[2026-08-15 04:23:39] [I20_R5 seed1 gpu3] pixel stats: year=1996 68% (4/8 years)
[2026-08-15 04:23:39] [I20_R5 seed1 gpu3] pixel stats: year=1996 70% (4/8 years)
[2026-08-15 04:23:39] [I60_R5 seed2 gpu2] pixel stats: year=1993 91% (1/8 years)
[2026-08-15 04:23:39] [I20_R5 seed1 gpu3] pixel stats: year=1996 71% (4/8 years)
[2026-08-15 04:23:39] [I20_R5 seed1 gpu3] pixel stats: year=1996 73% (4/8 years)
[2026-08-15 04:23:39] [I20_R5 seed1 gpu3] pixel stats: year=1996 74% (4/8 years)
[2026-08-15 04:23:39] [I20_R5 seed1 gpu3] pixel stats: year=1996 75% (4/8 years)
[2026-08-15 04:23:39] [I60_R5 seed2 gpu2] pixel stats: year=1993 93% (1/8 years)
[2026-08-15 04:23:39] [I20_R5 seed1 gpu3] pixel stats: year=1996 77% (4/8 years)
[2026-08-15 04:23:39] [I20_R5 seed1 gpu3] pixel stats: year=1996 78% (4/8 years)
[2026-08-15 04:23:40] [I20_R5 seed1 gpu3] pixel stats: year=1996 80% (4/8 years)
[2026-08-15 04:23:40] [I20_R5 seed1 gpu3] pixel stats: year=1996 81% (4/8 years)
[2026-08-15 04:23:40] [I20_R5 seed1 gpu3] pixel stats: year=1996 82% (4/8 years)
[2026-08-15 04:23:40] [I60_R5 seed2 gpu2] pixel stats: year=1993 94% (1/8 years)
[2026-08-15 04:23:40] [I20_R5 seed1 gpu3] pixel stats: year=1996 84% (4/8 years)
[2026-08-15 04:23:40] [I20_R5 seed1 gpu3] pixel stats: year=1996 85% (4/8 years)
[2026-08-15 04:23:40] [I20_R5 seed1 gpu3] pixel stats: year=1996 87% (4/8 years)
[2026-08-15 04:23:40] [I20_R5 seed1 gpu3] pixel stats: year=1996 88% (4/8 years)
[2026-08-15 04:23:40] [I20_R5 seed1 gpu3] pixel stats: year=1996 90% (4/8 years)
[2026-08-15 04:23:40] [I60_R5 seed2 gpu2] pixel stats: year=1993 96% (1/8 years)
[2026-08-15 04:23:40] [I20_R5 seed1 gpu3] pixel stats: year=1996 91% (4/8 years)
[2026-08-15 04:23:40] [I20_R5 seed1 gpu3] pixel stats: year=1996 92% (4/8 years)
[2026-08-15 04:23:40] [I20_R5 seed1 gpu3] pixel stats: year=1996 94% (4/8 years)
[2026-08-15 04:23:41] [I20_R5 seed1 gpu3] pixel stats: year=1996 95% (4/8 years)
[2026-08-15 04:23:41] [I20_R5 seed1 gpu3] pixel stats: year=1996 97% (4/8 years)
[2026-08-15 04:23:41] [I60_R5 seed2 gpu2] pixel stats: year=1993 98% (1/8 years)
[2026-08-15 04:23:41] [I20_R5 seed1 gpu3] pixel stats: year=1996 98% (4/8 years)
[2026-08-15 04:23:41] [I20_R5 seed1 gpu3] pixel stats: year=1996 100% (4/8 years)
[2026-08-15 04:23:41] [I20_R5 seed1 gpu3] pixel stats: year=1996 100% (4/8 years)
[2026-08-15 04:23:41] [I20_R5 seed1 gpu3] pixel stats: year=1996 done (4/8 years)
[2026-08-15 04:23:41] [I20_R5 seed1 gpu3] pixel stats: year=1997 1% (5/8 years)
[2026-08-15 04:23:41] [I20_R5 seed1 gpu3] pixel stats: year=1997 3% (5/8 years)
[2026-08-15 04:23:41] [I60_R5 seed2 gpu2] pixel stats: year=1993 100% (1/8 years)
[2026-08-15 04:23:41] [I60_R5 seed2 gpu2] pixel stats: year=1993 100% (1/8 years)
[2026-08-15 04:23:41] [I60_R5 seed2 gpu2] pixel stats: year=1993 done (1/8 years)
[2026-08-15 04:23:41] [I20_R5 seed1 gpu3] pixel stats: year=1997 4% (5/8 years)
[2026-08-15 04:23:41] [I20_R5 seed1 gpu3] pixel stats: year=1997 5% (5/8 years)
[2026-08-15 04:23:41] [I20_R5 seed1 gpu3] pixel stats: year=1997 7% (5/8 years)
[2026-08-15 04:23:41] [I20_R5 seed1 gpu3] pixel stats: year=1997 8% (5/8 years)
[2026-08-15 04:23:42] [I20_R5 seed1 gpu3] pixel stats: year=1997 9% (5/8 years)
[2026-08-15 04:23:42] [I60_R5 seed2 gpu2] pixel stats: year=1994 2% (2/8 years)
[2026-08-15 04:23:42] [I20_R5 seed1 gpu3] pixel stats: year=1997 11% (5/8 years)
[2026-08-15 04:23:42] [I20_R5 seed1 gpu3] pixel stats: year=1997 12% (5/8 years)
[2026-08-15 04:23:42] [I20_R5 seed1 gpu3] pixel stats: year=1997 14% (5/8 years)
[2026-08-15 04:23:42] [I20_R5 seed1 gpu3] pixel stats: year=1997 15% (5/8 years)
[2026-08-15 04:23:42] [I20_R5 seed1 gpu3] pixel stats: year=1997 16% (5/8 years)
[2026-08-15 04:23:42] [I60_R5 seed2 gpu2] pixel stats: year=1994 3% (2/8 years)
[2026-08-15 04:23:42] [I20_R5 seed1 gpu3] pixel stats: year=1997 18% (5/8 years)
[2026-08-15 04:23:42] [I20_R5 seed1 gpu3] pixel stats: year=1997 19% (5/8 years)
[2026-08-15 04:23:42] [I20_R5 seed1 gpu3] pixel stats: year=1997 20% (5/8 years)
[2026-08-15 04:23:42] [I20_R5 seed1 gpu3] pixel stats: year=1997 22% (5/8 years)
[2026-08-15 04:23:42] [I20_R5 seed1 gpu3] pixel stats: year=1997 23% (5/8 years)
[2026-08-15 04:23:43] [I60_R5 seed2 gpu2] pixel stats: year=1994 5% (2/8 years)
[2026-08-15 04:23:43] [I20_R5 seed1 gpu3] pixel stats: year=1997 24% (5/8 years)
[2026-08-15 04:23:43] [I20_R5 seed1 gpu3] pixel stats: year=1997 26% (5/8 years)
[2026-08-15 04:23:43] [I20_R5 seed1 gpu3] pixel stats: year=1997 27% (5/8 years)
[2026-08-15 04:23:43] [I20_R5 seed1 gpu3] pixel stats: year=1997 28% (5/8 years)
[2026-08-15 04:23:43] [I20_R5 seed1 gpu3] pixel stats: year=1997 30% (5/8 years)
[2026-08-15 04:23:43] [I60_R5 seed2 gpu2] pixel stats: year=1994 6% (2/8 years)
[2026-08-15 04:23:43] [I20_R5 seed1 gpu3] pixel stats: year=1997 31% (5/8 years)
[2026-08-15 04:23:43] [I20_R5 seed1 gpu3] pixel stats: year=1997 32% (5/8 years)
[2026-08-15 04:23:43] [I20_R5 seed1 gpu3] pixel stats: year=1997 34% (5/8 years)
[2026-08-15 04:23:43] [I20_R5 seed1 gpu3] pixel stats: year=1997 35% (5/8 years)
[2026-08-15 04:23:43] [I20_R5 seed1 gpu3] pixel stats: year=1997 37% (5/8 years)
[2026-08-15 04:23:43] [I60_R5 seed2 gpu2] pixel stats: year=1994 8% (2/8 years)
[2026-08-15 04:23:43] [I20_R5 seed1 gpu3] pixel stats: year=1997 38% (5/8 years)
[2026-08-15 04:23:44] [I20_R5 seed1 gpu3] pixel stats: year=1997 39% (5/8 years)
[2026-08-15 04:23:44] [I20_R5 seed1 gpu3] pixel stats: year=1997 41% (5/8 years)
[2026-08-15 04:23:44] [I20_R5 seed1 gpu3] pixel stats: year=1997 42% (5/8 years)
[2026-08-15 04:23:44] [I20_R5 seed1 gpu3] pixel stats: year=1997 43% (5/8 years)
[2026-08-15 04:23:44] [I60_R5 seed2 gpu2] pixel stats: year=1994 10% (2/8 years)
[2026-08-15 04:23:44] [I20_R5 seed1 gpu3] pixel stats: year=1997 45% (5/8 years)
[2026-08-15 04:23:44] [I20_R5 seed1 gpu3] pixel stats: year=1997 46% (5/8 years)
[2026-08-15 04:23:44] [I20_R5 seed1 gpu3] pixel stats: year=1997 47% (5/8 years)
[2026-08-15 04:23:44] [I20_R5 seed1 gpu3] pixel stats: year=1997 49% (5/8 years)
[2026-08-15 04:23:44] [I60_R5 seed2 gpu2] pixel stats: year=1994 11% (2/8 years)
[2026-08-15 04:23:44] [I20_R5 seed1 gpu3] pixel stats: year=1997 50% (5/8 years)
[2026-08-15 04:23:44] [I20_R5 seed1 gpu3] pixel stats: year=1997 51% (5/8 years)
[2026-08-15 04:23:44] [I20_R5 seed1 gpu3] pixel stats: year=1997 53% (5/8 years)
[2026-08-15 04:23:45] [I20_R5 seed1 gpu3] pixel stats: year=1997 54% (5/8 years)
[2026-08-15 04:23:45] [I20_R5 seed1 gpu3] pixel stats: year=1997 55% (5/8 years)
[2026-08-15 04:23:45] [I60_R5 seed2 gpu2] pixel stats: year=1994 13% (2/8 years)
[2026-08-15 04:23:45] [I20_R5 seed1 gpu3] pixel stats: year=1997 57% (5/8 years)
[2026-08-15 04:23:45] [I20_R5 seed1 gpu3] pixel stats: year=1997 58% (5/8 years)
[2026-08-15 04:23:45] [I20_R5 seed1 gpu3] pixel stats: year=1997 60% (5/8 years)
[2026-08-15 04:23:45] [I20_R5 seed1 gpu3] pixel stats: year=1997 61% (5/8 years)
[2026-08-15 04:23:45] [I20_R5 seed1 gpu3] pixel stats: year=1997 62% (5/8 years)
[2026-08-15 04:23:45] [I60_R5 seed2 gpu2] pixel stats: year=1994 14% (2/8 years)
[2026-08-15 04:23:45] [I20_R5 seed1 gpu3] pixel stats: year=1997 64% (5/8 years)
[2026-08-15 04:23:45] [I20_R5 seed1 gpu3] pixel stats: year=1997 65% (5/8 years)
[2026-08-15 04:23:45] [I20_R5 seed1 gpu3] pixel stats: year=1997 66% (5/8 years)
[2026-08-15 04:23:46] [I20_R5 seed1 gpu3] pixel stats: year=1997 68% (5/8 years)
[2026-08-15 04:23:46] [I20_R5 seed1 gpu3] pixel stats: year=1997 69% (5/8 years)
[2026-08-15 04:23:46] [I60_R5 seed2 gpu2] pixel stats: year=1994 16% (2/8 years)
[2026-08-15 04:23:46] [I20_R5 seed1 gpu3] pixel stats: year=1997 70% (5/8 years)
[2026-08-15 04:23:46] [I20_R5 seed1 gpu3] pixel stats: year=1997 72% (5/8 years)
[2026-08-15 04:23:46] [I20_R5 seed1 gpu3] pixel stats: year=1997 73% (5/8 years)
[2026-08-15 04:23:46] [I20_R5 seed1 gpu3] pixel stats: year=1997 74% (5/8 years)
[2026-08-15 04:23:46] [I20_R5 seed1 gpu3] pixel stats: year=1997 76% (5/8 years)
[2026-08-15 04:23:46] [I60_R5 seed2 gpu2] pixel stats: year=1994 18% (2/8 years)
[2026-08-15 04:23:46] [I20_R5 seed1 gpu3] pixel stats: year=1997 77% (5/8 years)
[2026-08-15 04:23:46] [I20_R5 seed1 gpu3] pixel stats: year=1997 78% (5/8 years)
[2026-08-15 04:23:46] [I20_R5 seed1 gpu3] pixel stats: year=1997 80% (5/8 years)
[2026-08-15 04:23:46] [I20_R5 seed1 gpu3] pixel stats: year=1997 81% (5/8 years)
[2026-08-15 04:23:47] [I60_R5 seed2 gpu2] pixel stats: year=1994 19% (2/8 years)
[2026-08-15 04:23:47] [I20_R5 seed1 gpu3] pixel stats: year=1997 83% (5/8 years)
[2026-08-15 04:23:47] [I20_R5 seed1 gpu3] pixel stats: year=1997 84% (5/8 years)
[2026-08-15 04:23:47] [I20_R5 seed1 gpu3] pixel stats: year=1997 85% (5/8 years)
[2026-08-15 04:23:47] [I20_R5 seed1 gpu3] pixel stats: year=1997 87% (5/8 years)
[2026-08-15 04:23:47] [I20_R5 seed1 gpu3] pixel stats: year=1997 88% (5/8 years)
[2026-08-15 04:23:47] [I60_R5 seed2 gpu2] pixel stats: year=1994 21% (2/8 years)
[2026-08-15 04:23:47] [I20_R5 seed1 gpu3] pixel stats: year=1997 89% (5/8 years)
[2026-08-15 04:23:47] [I20_R5 seed1 gpu3] pixel stats: year=1997 91% (5/8 years)
[2026-08-15 04:23:47] [I20_R5 seed1 gpu3] pixel stats: year=1997 92% (5/8 years)
[2026-08-15 04:23:47] [I20_R5 seed1 gpu3] pixel stats: year=1997 93% (5/8 years)
[2026-08-15 04:23:47] [I20_R5 seed1 gpu3] pixel stats: year=1997 95% (5/8 years)
[2026-08-15 04:23:47] [I60_R5 seed2 gpu2] pixel stats: year=1994 22% (2/8 years)
[2026-08-15 04:23:47] [I20_R5 seed1 gpu3] pixel stats: year=1997 96% (5/8 years)
[2026-08-15 04:23:48] [I20_R5 seed1 gpu3] pixel stats: year=1997 97% (5/8 years)
[2026-08-15 04:23:48] [I20_R5 seed1 gpu3] pixel stats: year=1997 99% (5/8 years)
[2026-08-15 04:23:48] [I20_R5 seed1 gpu3] pixel stats: year=1997 100% (5/8 years)
[2026-08-15 04:23:48] [I20_R5 seed1 gpu3] pixel stats: year=1997 done (5/8 years)
[2026-08-15 04:23:48] [I20_R5 seed1 gpu3] pixel stats: year=1998 1% (6/8 years)
[2026-08-15 04:23:48] [I60_R5 seed2 gpu2] pixel stats: year=1994 24% (2/8 years)
[2026-08-15 04:23:48] [I20_R5 seed1 gpu3] pixel stats: year=1998 3% (6/8 years)
[2026-08-15 04:23:48] [I20_R5 seed1 gpu3] pixel stats: year=1998 4% (6/8 years)
[2026-08-15 04:23:48] [I20_R5 seed1 gpu3] pixel stats: year=1998 5% (6/8 years)
[2026-08-15 04:23:48] [I20_R5 seed1 gpu3] pixel stats: year=1998 7% (6/8 years)
[2026-08-15 04:23:48] [I60_R5 seed2 gpu2] pixel stats: year=1994 26% (2/8 years)
[2026-08-15 04:23:48] [I20_R5 seed1 gpu3] pixel stats: year=1998 8% (6/8 years)
[2026-08-15 04:23:48] [I20_R5 seed1 gpu3] pixel stats: year=1998 9% (6/8 years)
[2026-08-15 04:23:48] [I20_R5 seed1 gpu3] pixel stats: year=1998 11% (6/8 years)
[2026-08-15 04:23:49] [I20_R5 seed1 gpu3] pixel stats: year=1998 12% (6/8 years)
[2026-08-15 04:23:49] [I20_R5 seed1 gpu3] pixel stats: year=1998 13% (6/8 years)
[2026-08-15 04:23:49] [I60_R5 seed2 gpu2] pixel stats: year=1994 27% (2/8 years)
[2026-08-15 04:23:49] [I20_R5 seed1 gpu3] pixel stats: year=1998 15% (6/8 years)
[2026-08-15 04:23:49] [I20_R5 seed1 gpu3] pixel stats: year=1998 16% (6/8 years)
[2026-08-15 04:23:49] [I20_R5 seed1 gpu3] pixel stats: year=1998 17% (6/8 years)
[2026-08-15 04:23:49] [I20_R5 seed1 gpu3] pixel stats: year=1998 19% (6/8 years)
[2026-08-15 04:23:49] [I20_R5 seed1 gpu3] pixel stats: year=1998 20% (6/8 years)
[2026-08-15 04:23:49] [I60_R5 seed2 gpu2] pixel stats: year=1994 29% (2/8 years)
[2026-08-15 04:23:49] [I20_R5 seed1 gpu3] pixel stats: year=1998 21% (6/8 years)
[2026-08-15 04:23:49] [I20_R5 seed1 gpu3] pixel stats: year=1998 23% (6/8 years)
[2026-08-15 04:23:49] [I20_R5 seed1 gpu3] pixel stats: year=1998 24% (6/8 years)
[2026-08-15 04:23:49] [I20_R5 seed1 gpu3] pixel stats: year=1998 25% (6/8 years)
[2026-08-15 04:23:50] [I20_R5 seed1 gpu3] pixel stats: year=1998 27% (6/8 years)
[2026-08-15 04:23:50] [I60_R5 seed2 gpu2] pixel stats: year=1994 30% (2/8 years)
[2026-08-15 04:23:50] [I20_R5 seed1 gpu3] pixel stats: year=1998 28% (6/8 years)
[2026-08-15 04:23:50] [I20_R5 seed1 gpu3] pixel stats: year=1998 29% (6/8 years)
[2026-08-15 04:23:50] [I20_R5 seed1 gpu3] pixel stats: year=1998 31% (6/8 years)
[2026-08-15 04:23:50] [I20_R5 seed1 gpu3] pixel stats: year=1998 32% (6/8 years)
[2026-08-15 04:23:50] [I60_R5 seed2 gpu2] pixel stats: year=1994 32% (2/8 years)
[2026-08-15 04:23:50] [I20_R5 seed1 gpu3] pixel stats: year=1998 33% (6/8 years)
[2026-08-15 04:23:50] [I20_R5 seed1 gpu3] pixel stats: year=1998 35% (6/8 years)
[2026-08-15 04:23:50] [I20_R5 seed1 gpu3] pixel stats: year=1998 36% (6/8 years)
[2026-08-15 04:23:50] [I20_R5 seed1 gpu3] pixel stats: year=1998 37% (6/8 years)
[2026-08-15 04:23:50] [I20_R5 seed1 gpu3] pixel stats: year=1998 39% (6/8 years)
[2026-08-15 04:23:50] [I60_R5 seed2 gpu2] pixel stats: year=1994 34% (2/8 years)
[2026-08-15 04:23:51] [I20_R5 seed1 gpu3] pixel stats: year=1998 40% (6/8 years)
[2026-08-15 04:23:51] [I20_R5 seed1 gpu3] pixel stats: year=1998 41% (6/8 years)
[2026-08-15 04:23:51] [I20_R5 seed1 gpu3] pixel stats: year=1998 43% (6/8 years)
[2026-08-15 04:23:51] [I20_R5 seed1 gpu3] pixel stats: year=1998 44% (6/8 years)
[2026-08-15 04:23:51] [I20_R5 seed1 gpu3] pixel stats: year=1998 45% (6/8 years)
[2026-08-15 04:23:51] [I60_R5 seed2 gpu2] pixel stats: year=1994 35% (2/8 years)
[2026-08-15 04:23:51] [I20_R5 seed1 gpu3] pixel stats: year=1998 47% (6/8 years)
[2026-08-15 04:23:51] [I20_R5 seed1 gpu3] pixel stats: year=1998 48% (6/8 years)
[2026-08-15 04:23:51] [I20_R5 seed1 gpu3] pixel stats: year=1998 49% (6/8 years)
[2026-08-15 04:23:51] [I20_R5 seed1 gpu3] pixel stats: year=1998 50% (6/8 years)
[2026-08-15 04:23:51] [I20_R5 seed1 gpu3] pixel stats: year=1998 52% (6/8 years)
[2026-08-15 04:23:51] [I60_R5 seed2 gpu2] pixel stats: year=1994 37% (2/8 years)
[2026-08-15 04:23:51] [I20_R5 seed1 gpu3] pixel stats: year=1998 53% (6/8 years)
[2026-08-15 04:23:52] [I20_R5 seed1 gpu3] pixel stats: year=1998 54% (6/8 years)
[2026-08-15 04:23:52] [I20_R5 seed1 gpu3] pixel stats: year=1998 56% (6/8 years)
[2026-08-15 04:23:52] [I20_R5 seed1 gpu3] pixel stats: year=1998 57% (6/8 years)
[2026-08-15 04:23:52] [I60_R5 seed2 gpu2] pixel stats: year=1994 38% (2/8 years)
[2026-08-15 04:23:52] [I20_R5 seed1 gpu3] pixel stats: year=1998 58% (6/8 years)
[2026-08-15 04:23:52] [I20_R5 seed1 gpu3] pixel stats: year=1998 60% (6/8 years)
[2026-08-15 04:23:52] [I20_R5 seed1 gpu3] pixel stats: year=1998 61% (6/8 years)
[2026-08-15 04:23:52] [I20_R5 seed1 gpu3] pixel stats: year=1998 62% (6/8 years)
[2026-08-15 04:23:52] [I20_R5 seed1 gpu3] pixel stats: year=1998 64% (6/8 years)
[2026-08-15 04:23:52] [I60_R5 seed2 gpu2] pixel stats: year=1994 40% (2/8 years)
[2026-08-15 04:23:52] [I20_R5 seed1 gpu3] pixel stats: year=1998 65% (6/8 years)
[2026-08-15 04:23:52] [I20_R5 seed1 gpu3] pixel stats: year=1998 66% (6/8 years)
[2026-08-15 04:23:52] [I20_R5 seed1 gpu3] pixel stats: year=1998 68% (6/8 years)
[2026-08-15 04:23:53] [I20_R5 seed1 gpu3] pixel stats: year=1998 69% (6/8 years)
[2026-08-15 04:23:53] [I20_R5 seed1 gpu3] pixel stats: year=1998 70% (6/8 years)
[2026-08-15 04:23:53] [I60_R5 seed2 gpu2] pixel stats: year=1994 42% (2/8 years)
[2026-08-15 04:23:53] [I20_R5 seed1 gpu3] pixel stats: year=1998 72% (6/8 years)
[2026-08-15 04:23:53] [I20_R5 seed1 gpu3] pixel stats: year=1998 73% (6/8 years)
[2026-08-15 04:23:53] [I20_R5 seed1 gpu3] pixel stats: year=1998 74% (6/8 years)
[2026-08-15 04:23:53] [I20_R5 seed1 gpu3] pixel stats: year=1998 76% (6/8 years)
[2026-08-15 04:23:53] [I20_R5 seed1 gpu3] pixel stats: year=1998 77% (6/8 years)
[2026-08-15 04:23:53] [I60_R5 seed2 gpu2] pixel stats: year=1994 43% (2/8 years)
[2026-08-15 04:23:53] [I20_R5 seed1 gpu3] pixel stats: year=1998 78% (6/8 years)
[2026-08-15 04:23:53] [I20_R5 seed1 gpu3] pixel stats: year=1998 80% (6/8 years)
[2026-08-15 04:23:53] [I20_R5 seed1 gpu3] pixel stats: year=1998 81% (6/8 years)
[2026-08-15 04:23:53] [I20_R5 seed1 gpu3] pixel stats: year=1998 82% (6/8 years)
[2026-08-15 04:23:54] [I20_R5 seed1 gpu3] pixel stats: year=1998 84% (6/8 years)
[2026-08-15 04:23:54] [I60_R5 seed2 gpu2] pixel stats: year=1994 45% (2/8 years)
[2026-08-15 04:23:54] [I20_R5 seed1 gpu3] pixel stats: year=1998 85% (6/8 years)
[2026-08-15 04:23:54] [I20_R5 seed1 gpu3] pixel stats: year=1998 86% (6/8 years)
[2026-08-15 04:23:54] [I20_R5 seed1 gpu3] pixel stats: year=1998 88% (6/8 years)
[2026-08-15 04:23:54] [I20_R5 seed1 gpu3] pixel stats: year=1998 89% (6/8 years)
[2026-08-15 04:23:54] [I60_R5 seed2 gpu2] pixel stats: year=1994 46% (2/8 years)
[2026-08-15 04:23:54] [I20_R5 seed1 gpu3] pixel stats: year=1998 90% (6/8 years)
[2026-08-15 04:23:54] [I20_R5 seed1 gpu3] pixel stats: year=1998 92% (6/8 years)
[2026-08-15 04:23:54] [I20_R5 seed1 gpu3] pixel stats: year=1998 93% (6/8 years)
[2026-08-15 04:23:54] [I20_R5 seed1 gpu3] pixel stats: year=1998 94% (6/8 years)
[2026-08-15 04:23:54] [I20_R5 seed1 gpu3] pixel stats: year=1998 96% (6/8 years)
[2026-08-15 04:23:54] [I60_R5 seed2 gpu2] pixel stats: year=1994 48% (2/8 years)
[2026-08-15 04:23:54] [I20_R5 seed1 gpu3] pixel stats: year=1998 97% (6/8 years)
[2026-08-15 04:23:55] [I20_R5 seed1 gpu3] pixel stats: year=1998 98% (6/8 years)
[2026-08-15 04:23:55] [I20_R5 seed1 gpu3] pixel stats: year=1998 100% (6/8 years)
[2026-08-15 04:23:55] [I20_R5 seed1 gpu3] pixel stats: year=1998 100% (6/8 years)
[2026-08-15 04:23:55] [I20_R5 seed1 gpu3] pixel stats: year=1998 done (6/8 years)
[2026-08-15 04:23:55] [I20_R5 seed1 gpu3] pixel stats: year=1999 1% (7/8 years)
[2026-08-15 04:23:55] [I20_R5 seed1 gpu3] pixel stats: year=1999 3% (7/8 years)
[2026-08-15 04:23:55] [I60_R5 seed2 gpu2] pixel stats: year=1994 50% (2/8 years)
[2026-08-15 04:23:55] [I20_R5 seed1 gpu3] pixel stats: year=1999 4% (7/8 years)
[2026-08-15 04:23:55] [I20_R5 seed1 gpu3] pixel stats: year=1999 6% (7/8 years)
[2026-08-15 04:23:55] [I20_R5 seed1 gpu3] pixel stats: year=1999 7% (7/8 years)
[2026-08-15 04:23:55] [I20_R5 seed1 gpu3] pixel stats: year=1999 9% (7/8 years)
[2026-08-15 04:23:55] [I60_R5 seed2 gpu2] pixel stats: year=1994 51% (2/8 years)
[2026-08-15 04:23:55] [I20_R5 seed1 gpu3] pixel stats: year=1999 10% (7/8 years)
[2026-08-15 04:23:55] [I20_R5 seed1 gpu3] pixel stats: year=1999 11% (7/8 years)
[2026-08-15 04:23:56] [I20_R5 seed1 gpu3] pixel stats: year=1999 13% (7/8 years)
[2026-08-15 04:23:56] [I20_R5 seed1 gpu3] pixel stats: year=1999 14% (7/8 years)
[2026-08-15 04:23:56] [I20_R5 seed1 gpu3] pixel stats: year=1999 16% (7/8 years)
[2026-08-15 04:23:56] [I60_R5 seed2 gpu2] pixel stats: year=1994 53% (2/8 years)
[2026-08-15 04:23:56] [I20_R5 seed1 gpu3] pixel stats: year=1999 17% (7/8 years)
[2026-08-15 04:23:56] [I20_R5 seed1 gpu3] pixel stats: year=1999 19% (7/8 years)
[2026-08-15 04:23:56] [I20_R5 seed1 gpu3] pixel stats: year=1999 20% (7/8 years)
[2026-08-15 04:23:56] [I20_R5 seed1 gpu3] pixel stats: year=1999 21% (7/8 years)
[2026-08-15 04:23:56] [I20_R5 seed1 gpu3] pixel stats: year=1999 23% (7/8 years)
[2026-08-15 04:23:56] [I60_R5 seed2 gpu2] pixel stats: year=1994 54% (2/8 years)
[2026-08-15 04:23:56] [I20_R5 seed1 gpu3] pixel stats: year=1999 24% (7/8 years)
[2026-08-15 04:23:56] [I20_R5 seed1 gpu3] pixel stats: year=1999 26% (7/8 years)
[2026-08-15 04:23:56] [I20_R5 seed1 gpu3] pixel stats: year=1999 27% (7/8 years)
[2026-08-15 04:23:57] [I20_R5 seed1 gpu3] pixel stats: year=1999 29% (7/8 years)
[2026-08-15 04:23:57] [I20_R5 seed1 gpu3] pixel stats: year=1999 30% (7/8 years)
[2026-08-15 04:23:57] [I60_R5 seed2 gpu2] pixel stats: year=1994 56% (2/8 years)
[2026-08-15 04:23:57] [I20_R5 seed1 gpu3] pixel stats: year=1999 31% (7/8 years)
[2026-08-15 04:23:57] [I20_R5 seed1 gpu3] pixel stats: year=1999 33% (7/8 years)
[2026-08-15 04:23:57] [I20_R5 seed1 gpu3] pixel stats: year=1999 34% (7/8 years)
[2026-08-15 04:23:57] [I20_R5 seed1 gpu3] pixel stats: year=1999 36% (7/8 years)
[2026-08-15 04:23:57] [I60_R5 seed2 gpu2] pixel stats: year=1994 58% (2/8 years)
[2026-08-15 04:23:57] [I20_R5 seed1 gpu3] pixel stats: year=1999 37% (7/8 years)
[2026-08-15 04:23:57] [I20_R5 seed1 gpu3] pixel stats: year=1999 39% (7/8 years)
[2026-08-15 04:23:57] [I20_R5 seed1 gpu3] pixel stats: year=1999 40% (7/8 years)
[2026-08-15 04:23:57] [I20_R5 seed1 gpu3] pixel stats: year=1999 41% (7/8 years)
[2026-08-15 04:23:57] [I20_R5 seed1 gpu3] pixel stats: year=1999 43% (7/8 years)
[2026-08-15 04:23:58] [I60_R5 seed2 gpu2] pixel stats: year=1994 59% (2/8 years)
[2026-08-15 04:23:58] [I20_R5 seed1 gpu3] pixel stats: year=1999 44% (7/8 years)
[2026-08-15 04:23:58] [I20_R5 seed1 gpu3] pixel stats: year=1999 46% (7/8 years)
[2026-08-15 04:23:58] [I20_R5 seed1 gpu3] pixel stats: year=1999 47% (7/8 years)
[2026-08-15 04:23:58] [I20_R5 seed1 gpu3] pixel stats: year=1999 49% (7/8 years)
[2026-08-15 04:23:58] [I20_R5 seed1 gpu3] pixel stats: year=1999 50% (7/8 years)
[2026-08-15 04:23:58] [I60_R5 seed2 gpu2] pixel stats: year=1994 61% (2/8 years)
[2026-08-15 04:23:58] [I20_R5 seed1 gpu3] pixel stats: year=1999 51% (7/8 years)
[2026-08-15 04:23:58] [I20_R5 seed1 gpu3] pixel stats: year=1999 53% (7/8 years)
[2026-08-15 04:23:58] [I20_R5 seed1 gpu3] pixel stats: year=1999 54% (7/8 years)
[2026-08-15 04:23:58] [I20_R5 seed1 gpu3] pixel stats: year=1999 56% (7/8 years)
[2026-08-15 04:23:58] [I20_R5 seed1 gpu3] pixel stats: year=1999 57% (7/8 years)
[2026-08-15 04:23:58] [I60_R5 seed2 gpu2] pixel stats: year=1994 62% (2/8 years)
[2026-08-15 04:23:58] [I20_R5 seed1 gpu3] pixel stats: year=1999 59% (7/8 years)
[2026-08-15 04:23:59] [I20_R5 seed1 gpu3] pixel stats: year=1999 60% (7/8 years)
[2026-08-15 04:23:59] [I20_R5 seed1 gpu3] pixel stats: year=1999 61% (7/8 years)
[2026-08-15 04:23:59] [I20_R5 seed1 gpu3] pixel stats: year=1999 63% (7/8 years)
[2026-08-15 04:23:59] [I20_R5 seed1 gpu3] pixel stats: year=1999 64% (7/8 years)
[2026-08-15 04:23:59] [I60_R5 seed2 gpu2] pixel stats: year=1994 64% (2/8 years)
[2026-08-15 04:23:59] [I20_R5 seed1 gpu3] pixel stats: year=1999 66% (7/8 years)
[2026-08-15 04:23:59] [I20_R5 seed1 gpu3] pixel stats: year=1999 67% (7/8 years)
[2026-08-15 04:23:59] [I20_R5 seed1 gpu3] pixel stats: year=1999 69% (7/8 years)
[2026-08-15 04:23:59] [I20_R5 seed1 gpu3] pixel stats: year=1999 70% (7/8 years)
[2026-08-15 04:23:59] [I60_R5 seed2 gpu2] pixel stats: year=1994 66% (2/8 years)
[2026-08-15 04:23:59] [I20_R5 seed1 gpu3] pixel stats: year=1999 71% (7/8 years)
[2026-08-15 04:23:59] [I20_R5 seed1 gpu3] pixel stats: year=1999 73% (7/8 years)
[2026-08-15 04:23:59] [I20_R5 seed1 gpu3] pixel stats: year=1999 74% (7/8 years)
[2026-08-15 04:24:00] [I20_R5 seed1 gpu3] pixel stats: year=1999 76% (7/8 years)
[2026-08-15 04:24:00] [I20_R5 seed1 gpu3] pixel stats: year=1999 77% (7/8 years)
[2026-08-15 04:24:00] [I60_R5 seed2 gpu2] pixel stats: year=1994 67% (2/8 years)
[2026-08-15 04:24:00] [I20_R5 seed1 gpu3] pixel stats: year=1999 79% (7/8 years)
[2026-08-15 04:24:00] [I20_R5 seed1 gpu3] pixel stats: year=1999 80% (7/8 years)
[2026-08-15 04:24:00] [I20_R5 seed1 gpu3] pixel stats: year=1999 81% (7/8 years)
[2026-08-15 04:24:00] [I20_R5 seed1 gpu3] pixel stats: year=1999 83% (7/8 years)
[2026-08-15 04:24:00] [I20_R5 seed1 gpu3] pixel stats: year=1999 84% (7/8 years)
[2026-08-15 04:24:00] [I60_R5 seed2 gpu2] pixel stats: year=1994 69% (2/8 years)
[2026-08-15 04:24:00] [I20_R5 seed1 gpu3] pixel stats: year=1999 86% (7/8 years)
[2026-08-15 04:24:00] [I20_R5 seed1 gpu3] pixel stats: year=1999 87% (7/8 years)
[2026-08-15 04:24:00] [I20_R5 seed1 gpu3] pixel stats: year=1999 89% (7/8 years)
[2026-08-15 04:24:00] [I20_R5 seed1 gpu3] pixel stats: year=1999 90% (7/8 years)
[2026-08-15 04:24:01] [I20_R5 seed1 gpu3] pixel stats: year=1999 91% (7/8 years)
[2026-08-15 04:24:01] [I60_R5 seed2 gpu2] pixel stats: year=1994 70% (2/8 years)
[2026-08-15 04:24:01] [I20_R5 seed1 gpu3] pixel stats: year=1999 93% (7/8 years)
[2026-08-15 04:24:01] [I20_R5 seed1 gpu3] pixel stats: year=1999 94% (7/8 years)
[2026-08-15 04:24:01] [I20_R5 seed1 gpu3] pixel stats: year=1999 96% (7/8 years)
[2026-08-15 04:24:01] [I20_R5 seed1 gpu3] pixel stats: year=1999 97% (7/8 years)
[2026-08-15 04:24:01] [I60_R5 seed2 gpu2] pixel stats: year=1994 72% (2/8 years)
[2026-08-15 04:24:01] [I20_R5 seed1 gpu3] pixel stats: year=1999 99% (7/8 years)
[2026-08-15 04:24:01] [I20_R5 seed1 gpu3] pixel stats: year=1999 100% (7/8 years)
[2026-08-15 04:24:01] [I20_R5 seed1 gpu3] pixel stats: year=1999 100% (7/8 years)
[2026-08-15 04:24:01] [I20_R5 seed1 gpu3] pixel stats: year=1999 done (7/8 years)
[2026-08-15 04:24:01] [I20_R5 seed1 gpu3] pixel stats: year=2000 1% (8/8 years)
[2026-08-15 04:24:01] [I20_R5 seed1 gpu3] pixel stats: year=2000 3% (8/8 years)
[2026-08-15 04:24:01] [I20_R5 seed1 gpu3] pixel stats: year=2000 4% (8/8 years)
[2026-08-15 04:24:01] [I60_R5 seed2 gpu2] pixel stats: year=1994 74% (2/8 years)
[2026-08-15 04:24:02] [I20_R5 seed1 gpu3] pixel stats: year=2000 6% (8/8 years)
[2026-08-15 04:24:02] [I20_R5 seed1 gpu3] pixel stats: year=2000 7% (8/8 years)
[2026-08-15 04:24:02] [I20_R5 seed1 gpu3] pixel stats: year=2000 9% (8/8 years)
[2026-08-15 04:24:02] [I20_R5 seed1 gpu3] pixel stats: year=2000 10% (8/8 years)
[2026-08-15 04:24:02] [I20_R5 seed1 gpu3] pixel stats: year=2000 12% (8/8 years)
[2026-08-15 04:24:02] [I60_R5 seed2 gpu2] pixel stats: year=1994 75% (2/8 years)
[2026-08-15 04:24:02] [I20_R5 seed1 gpu3] pixel stats: year=2000 13% (8/8 years)
[2026-08-15 04:24:02] [I20_R5 seed1 gpu3] pixel stats: year=2000 15% (8/8 years)
[2026-08-15 04:24:02] [I20_R5 seed1 gpu3] pixel stats: year=2000 16% (8/8 years)
[2026-08-15 04:24:02] [I20_R5 seed1 gpu3] pixel stats: year=2000 17% (8/8 years)
[2026-08-15 04:24:02] [I20_R5 seed1 gpu3] pixel stats: year=2000 19% (8/8 years)
[2026-08-15 04:24:02] [I60_R5 seed2 gpu2] pixel stats: year=1994 77% (2/8 years)
[2026-08-15 04:24:02] [I20_R5 seed1 gpu3] pixel stats: year=2000 20% (8/8 years)
[2026-08-15 04:24:03] [I20_R5 seed1 gpu3] pixel stats: year=2000 22% (8/8 years)
[2026-08-15 04:24:03] [I20_R5 seed1 gpu3] pixel stats: year=2000 23% (8/8 years)
[2026-08-15 04:24:03] [I20_R5 seed1 gpu3] pixel stats: year=2000 25% (8/8 years)
[2026-08-15 04:24:03] [I60_R5 seed2 gpu2] pixel stats: year=1994 78% (2/8 years)
[2026-08-15 04:24:03] [I20_R5 seed1 gpu3] pixel stats: year=2000 26% (8/8 years)
[2026-08-15 04:24:03] [I20_R5 seed1 gpu3] pixel stats: year=2000 28% (8/8 years)
[2026-08-15 04:24:03] [I20_R5 seed1 gpu3] pixel stats: year=2000 29% (8/8 years)
[2026-08-15 04:24:03] [I20_R5 seed1 gpu3] pixel stats: year=2000 30% (8/8 years)
[2026-08-15 04:24:03] [I20_R5 seed1 gpu3] pixel stats: year=2000 32% (8/8 years)
[2026-08-15 04:24:03] [I60_R5 seed2 gpu2] pixel stats: year=1994 80% (2/8 years)
[2026-08-15 04:24:03] [I20_R5 seed1 gpu3] pixel stats: year=2000 33% (8/8 years)
[2026-08-15 04:24:03] [I20_R5 seed1 gpu3] pixel stats: year=2000 35% (8/8 years)
[2026-08-15 04:24:03] [I20_R5 seed1 gpu3] pixel stats: year=2000 36% (8/8 years)
[2026-08-15 04:24:04] [I20_R5 seed1 gpu3] pixel stats: year=2000 38% (8/8 years)
[2026-08-15 04:24:04] [I20_R5 seed1 gpu3] pixel stats: year=2000 39% (8/8 years)
[2026-08-15 04:24:04] [I60_R5 seed2 gpu2] pixel stats: year=1994 82% (2/8 years)
[2026-08-15 04:24:04] [I20_R5 seed1 gpu3] pixel stats: year=2000 41% (8/8 years)
[2026-08-15 04:24:04] [I20_R5 seed1 gpu3] pixel stats: year=2000 42% (8/8 years)
[2026-08-15 04:24:04] [I20_R5 seed1 gpu3] pixel stats: year=2000 44% (8/8 years)
[2026-08-15 04:24:04] [I20_R5 seed1 gpu3] pixel stats: year=2000 45% (8/8 years)
[2026-08-15 04:24:04] [I20_R5 seed1 gpu3] pixel stats: year=2000 46% (8/8 years)
[2026-08-15 04:24:04] [I60_R5 seed2 gpu2] pixel stats: year=1994 83% (2/8 years)
[2026-08-15 04:24:04] [I20_R5 seed1 gpu3] pixel stats: year=2000 48% (8/8 years)
[2026-08-15 04:24:04] [I20_R5 seed1 gpu3] pixel stats: year=2000 49% (8/8 years)
[2026-08-15 04:24:04] [I20_R5 seed1 gpu3] pixel stats: year=2000 51% (8/8 years)
[2026-08-15 04:24:04] [I20_R5 seed1 gpu3] pixel stats: year=2000 52% (8/8 years)
[2026-08-15 04:24:05] [I60_R5 seed2 gpu2] pixel stats: year=1994 85% (2/8 years)
[2026-08-15 04:24:05] [I20_R5 seed1 gpu3] pixel stats: year=2000 54% (8/8 years)
[2026-08-15 04:24:05] [I20_R5 seed1 gpu3] pixel stats: year=2000 55% (8/8 years)
[2026-08-15 04:24:05] [I20_R5 seed1 gpu3] pixel stats: year=2000 57% (8/8 years)
[2026-08-15 04:24:05] [I20_R5 seed1 gpu3] pixel stats: year=2000 58% (8/8 years)
[2026-08-15 04:24:05] [I20_R5 seed1 gpu3] pixel stats: year=2000 60% (8/8 years)
[2026-08-15 04:24:05] [I60_R5 seed2 gpu2] pixel stats: year=1994 86% (2/8 years)
[2026-08-15 04:24:05] [I20_R5 seed1 gpu3] pixel stats: year=2000 61% (8/8 years)
[2026-08-15 04:24:05] [I20_R5 seed1 gpu3] pixel stats: year=2000 62% (8/8 years)
[2026-08-15 04:24:05] [I20_R5 seed1 gpu3] pixel stats: year=2000 64% (8/8 years)
[2026-08-15 04:24:05] [I20_R5 seed1 gpu3] pixel stats: year=2000 65% (8/8 years)
[2026-08-15 04:24:05] [I20_R5 seed1 gpu3] pixel stats: year=2000 67% (8/8 years)
[2026-08-15 04:24:05] [I60_R5 seed2 gpu2] pixel stats: year=1994 88% (2/8 years)
[2026-08-15 04:24:05] [I20_R5 seed1 gpu3] pixel stats: year=2000 68% (8/8 years)
[2026-08-15 04:24:06] [I20_R5 seed1 gpu3] pixel stats: year=2000 70% (8/8 years)
[2026-08-15 04:24:06] [I20_R5 seed1 gpu3] pixel stats: year=2000 71% (8/8 years)
[2026-08-15 04:24:06] [I20_R5 seed1 gpu3] pixel stats: year=2000 73% (8/8 years)
[2026-08-15 04:24:06] [I20_R5 seed1 gpu3] pixel stats: year=2000 74% (8/8 years)
[2026-08-15 04:24:06] [I60_R5 seed2 gpu2] pixel stats: year=1994 90% (2/8 years)
[2026-08-15 04:24:06] [I20_R5 seed1 gpu3] pixel stats: year=2000 75% (8/8 years)
[2026-08-15 04:24:06] [I20_R5 seed1 gpu3] pixel stats: year=2000 77% (8/8 years)
[2026-08-15 04:24:06] [I20_R5 seed1 gpu3] pixel stats: year=2000 78% (8/8 years)
[2026-08-15 04:24:06] [I20_R5 seed1 gpu3] pixel stats: year=2000 80% (8/8 years)
[2026-08-15 04:24:06] [I20_R5 seed1 gpu3] pixel stats: year=2000 81% (8/8 years)
[2026-08-15 04:24:06] [I60_R5 seed2 gpu2] pixel stats: year=1994 91% (2/8 years)
[2026-08-15 04:24:06] [I20_R5 seed1 gpu3] pixel stats: year=2000 83% (8/8 years)
[2026-08-15 04:24:07] [I20_R5 seed1 gpu3] pixel stats: year=2000 84% (8/8 years)
[2026-08-15 04:24:07] [I20_R5 seed1 gpu3] pixel stats: year=2000 86% (8/8 years)
[2026-08-15 04:24:07] [I20_R5 seed1 gpu3] pixel stats: year=2000 87% (8/8 years)
[2026-08-15 04:24:07] [I20_R5 seed1 gpu3] pixel stats: year=2000 89% (8/8 years)
[2026-08-15 04:24:07] [I60_R5 seed2 gpu2] pixel stats: year=1994 93% (2/8 years)
[2026-08-15 04:24:07] [I20_R5 seed1 gpu3] pixel stats: year=2000 90% (8/8 years)
[2026-08-15 04:24:07] [I20_R5 seed1 gpu3] pixel stats: year=2000 91% (8/8 years)
[2026-08-15 04:24:07] [I20_R5 seed1 gpu3] pixel stats: year=2000 93% (8/8 years)
[2026-08-15 04:24:07] [I20_R5 seed1 gpu3] pixel stats: year=2000 94% (8/8 years)
[2026-08-15 04:24:07] [I60_R5 seed2 gpu2] pixel stats: year=1994 94% (2/8 years)
[2026-08-15 04:24:07] [I20_R5 seed1 gpu3] pixel stats: year=2000 96% (8/8 years)
[2026-08-15 04:24:07] [I20_R5 seed1 gpu3] pixel stats: year=2000 97% (8/8 years)
[2026-08-15 04:24:07] [I20_R5 seed1 gpu3] pixel stats: year=2000 99% (8/8 years)
[2026-08-15 04:24:08] [I20_R5 seed1 gpu3] pixel stats: year=2000 100% (8/8 years)
[2026-08-15 04:24:08] [I20_R5 seed1 gpu3] pixel stats: year=2000 done (8/8 years)
[2026-08-15 04:24:08] [I20_R5 seed1 gpu3] pixel_mean=25.553102 pixel_std=76.570751
[2026-08-15 04:24:08] [I20_R5 seed3 gpu2] pixel_mean=25.553102 pixel_std=76.570751
[2026-08-15 04:24:08] [I20_R5 seed2 gpu0] pixel_mean=25.553102 pixel_std=76.570751
[2026-08-15 04:24:08] [I20_R5 seed4 gpu1] pixel_mean=25.553102 pixel_std=76.570751
[2026-08-15 04:24:08] [I20_R5 seed0 gpu1] pixel_mean=25.553102 pixel_std=76.570751
[2026-08-15 04:24:08] [I60_R5 seed2 gpu2] pixel stats: year=1994 96% (2/8 years)
[2026-08-15 04:24:08] [I20_R5 seed1 gpu3] I20_R5 train_seed=1
[2026-08-15 04:24:08] [I20_R5 seed2 gpu0] I20_R5 train_seed=2
[2026-08-15 04:24:08] [I20_R5 seed0 gpu1] I20_R5 train_seed=0
[2026-08-15 04:24:08] [I20_R5 seed3 gpu2] I20_R5 train_seed=3
[2026-08-15 04:24:08] [I20_R5 seed4 gpu1] I20_R5 train_seed=4
[2026-08-15 04:24:08] [I60_R5 seed2 gpu2] pixel stats: year=1994 98% (2/8 years)
[2026-08-15 04:24:08] [I60_R5 seed2 gpu2] pixel stats: year=1994 99% (2/8 years)
[2026-08-15 04:24:09] [I20_R5 seed1 gpu3] model I20 flatten=46080 params=708866
[2026-08-15 04:24:09] [I20_R5 seed2 gpu0] model I20 flatten=46080 params=708866[I20_R5 seed0 gpu1] model I20 flatten=46080 params=708866
[2026-08-15 04:24:09] 
[2026-08-15 04:24:09] [I20_R5 seed4 gpu1] model I20 flatten=46080 params=708866
[2026-08-15 04:24:09] [I20_R5 seed3 gpu2] model I20 flatten=46080 params=708866
[2026-08-15 04:24:09] [I60_R5 seed2 gpu2] pixel stats: year=1994 100% (2/8 years)
[2026-08-15 04:24:09] [I60_R5 seed2 gpu2] pixel stats: year=1994 done (2/8 years)
[2026-08-15 04:24:09] [I60_R5 seed2 gpu2] pixel stats: year=1995 2% (3/8 years)
[2026-08-15 04:24:10] [I60_R5 seed2 gpu2] pixel stats: year=1995 3% (3/8 years)
[2026-08-15 04:24:10] [I60_R5 seed2 gpu2] pixel stats: year=1995 5% (3/8 years)
[2026-08-15 04:24:10] [I60_R5 seed2 gpu2] pixel stats: year=1995 6% (3/8 years)
[2026-08-15 04:24:11] [I60_R5 seed2 gpu2] pixel stats: year=1995 8% (3/8 years)
[2026-08-15 04:24:11] [I60_R5 seed2 gpu2] pixel stats: year=1995 9% (3/8 years)
[2026-08-15 04:24:12] [I60_R5 seed2 gpu2] pixel stats: year=1995 11% (3/8 years)
[2026-08-15 04:24:12] [I60_R5 seed2 gpu2] pixel stats: year=1995 12% (3/8 years)
[2026-08-15 04:24:13] [I60_R5 seed2 gpu2] pixel stats: year=1995 14% (3/8 years)
[2026-08-15 04:24:13] [I60_R5 seed2 gpu2] pixel stats: year=1995 16% (3/8 years)
[2026-08-15 04:24:13] [I60_R5 seed2 gpu2] pixel stats: year=1995 17% (3/8 years)
[2026-08-15 04:24:14] [I60_R5 seed2 gpu2] pixel stats: year=1995 19% (3/8 years)
[2026-08-15 04:24:14] [I60_R5 seed2 gpu2] pixel stats: year=1995 20% (3/8 years)
[2026-08-15 04:24:15] [I60_R5 seed2 gpu2] pixel stats: year=1995 22% (3/8 years)
[2026-08-15 04:24:15] [I60_R5 seed2 gpu2] pixel stats: year=1995 23% (3/8 years)
[2026-08-15 04:24:16] [I60_R5 seed2 gpu2] pixel stats: year=1995 25% (3/8 years)
[2026-08-15 04:24:16] [I60_R5 seed2 gpu2] pixel stats: year=1995 26% (3/8 years)
[2026-08-15 04:24:16] [I60_R5 seed2 gpu2] pixel stats: year=1995 28% (3/8 years)
[2026-08-15 04:24:17] [I60_R5 seed2 gpu2] pixel stats: year=1995 29% (3/8 years)
[2026-08-15 04:24:17] [I60_R5 seed2 gpu2] pixel stats: year=1995 31% (3/8 years)
[2026-08-15 04:24:18] [I60_R5 seed2 gpu2] pixel stats: year=1995 33% (3/8 years)
[2026-08-15 04:24:18] [I60_R5 seed2 gpu2] pixel stats: year=1995 34% (3/8 years)
[2026-08-15 04:24:19] [I60_R5 seed2 gpu2] pixel stats: year=1995 36% (3/8 years)
[2026-08-15 04:24:19] [I60_R5 seed2 gpu2] pixel stats: year=1995 37% (3/8 years)
[2026-08-15 04:24:19] [I60_R5 seed2 gpu2] pixel stats: year=1995 39% (3/8 years)
[2026-08-15 04:24:20] [I60_R5 seed2 gpu2] pixel stats: year=1995 40% (3/8 years)
[2026-08-15 04:24:20] [I60_R5 seed2 gpu2] pixel stats: year=1995 42% (3/8 years)
[2026-08-15 04:24:21] [I60_R5 seed2 gpu2] pixel stats: year=1995 43% (3/8 years)
[2026-08-15 04:24:21] [I60_R5 seed2 gpu2] pixel stats: year=1995 45% (3/8 years)
[2026-08-15 04:24:22] [I60_R5 seed2 gpu2] pixel stats: year=1995 47% (3/8 years)
[2026-08-15 04:24:22] [I60_R5 seed2 gpu2] pixel stats: year=1995 48% (3/8 years)
[2026-08-15 04:24:22] [I60_R5 seed2 gpu2] pixel stats: year=1995 50% (3/8 years)
[2026-08-15 04:24:23] [I60_R5 seed2 gpu2] pixel stats: year=1995 51% (3/8 years)
[2026-08-15 04:24:23] [I60_R5 seed2 gpu2] pixel stats: year=1995 53% (3/8 years)
[2026-08-15 04:24:24] [I60_R5 seed2 gpu2] pixel stats: year=1995 54% (3/8 years)
[2026-08-15 04:24:24] [I60_R5 seed2 gpu2] pixel stats: year=1995 56% (3/8 years)
[2026-08-15 04:24:25] [I60_R5 seed2 gpu2] pixel stats: year=1995 57% (3/8 years)
[2026-08-15 04:24:25] [I60_R5 seed2 gpu2] pixel stats: year=1995 59% (3/8 years)
[2026-08-15 04:24:25] [I60_R5 seed2 gpu2] pixel stats: year=1995 61% (3/8 years)
[2026-08-15 04:24:26] [I60_R5 seed2 gpu2] pixel stats: year=1995 62% (3/8 years)
[2026-08-15 04:24:26] [I60_R5 seed2 gpu2] pixel stats: year=1995 64% (3/8 years)
[2026-08-15 04:24:27] [I60_R5 seed2 gpu2] pixel stats: year=1995 65% (3/8 years)
[2026-08-15 04:24:27] [I60_R5 seed2 gpu2] pixel stats: year=1995 67% (3/8 years)
[2026-08-15 04:24:27] [I60_R5 seed2 gpu2] pixel stats: year=1995 68% (3/8 years)
[2026-08-15 04:24:28] [I60_R5 seed2 gpu2] pixel stats: year=1995 70% (3/8 years)
[2026-08-15 04:24:28] [I60_R5 seed2 gpu2] pixel stats: year=1995 71% (3/8 years)
[2026-08-15 04:24:29] [I60_R5 seed2 gpu2] pixel stats: year=1995 73% (3/8 years)
[2026-08-15 04:24:29] [I60_R5 seed2 gpu2] pixel stats: year=1995 75% (3/8 years)
[2026-08-15 04:24:30] [I60_R5 seed2 gpu2] pixel stats: year=1995 76% (3/8 years)
[2026-08-15 04:24:30] [I60_R5 seed2 gpu2] pixel stats: year=1995 78% (3/8 years)
[2026-08-15 04:24:30] [I60_R5 seed2 gpu2] pixel stats: year=1995 79% (3/8 years)
[2026-08-15 04:24:31] [I60_R5 seed2 gpu2] pixel stats: year=1995 81% (3/8 years)
[2026-08-15 04:24:31] [I60_R5 seed2 gpu2] pixel stats: year=1995 82% (3/8 years)
[2026-08-15 04:24:32] [I60_R5 seed2 gpu2] pixel stats: year=1995 84% (3/8 years)
[2026-08-15 04:24:32] [I60_R5 seed2 gpu2] pixel stats: year=1995 85% (3/8 years)
[2026-08-15 04:24:33] [I60_R5 seed2 gpu2] pixel stats: year=1995 87% (3/8 years)
[2026-08-15 04:24:33] [I60_R5 seed2 gpu2] pixel stats: year=1995 88% (3/8 years)
[2026-08-15 04:24:33] [I60_R5 seed2 gpu2] pixel stats: year=1995 90% (3/8 years)
[2026-08-15 04:24:34] [I60_R5 seed2 gpu2] pixel stats: year=1995 92% (3/8 years)
[2026-08-15 04:24:34] [I60_R5 seed2 gpu2] pixel stats: year=1995 93% (3/8 years)
[2026-08-15 04:24:35] [I60_R5 seed2 gpu2] pixel stats: year=1995 95% (3/8 years)
[2026-08-15 04:24:35] [I60_R5 seed2 gpu2] pixel stats: year=1995 96% (3/8 years)
[2026-08-15 04:24:36] [I60_R5 seed2 gpu2] pixel stats: year=1995 98% (3/8 years)
[2026-08-15 04:24:36] [I60_R5 seed2 gpu2] pixel stats: year=1995 99% (3/8 years)
[2026-08-15 04:24:36] [I60_R5 seed2 gpu2] pixel stats: year=1995 100% (3/8 years)
[2026-08-15 04:24:36] [I60_R5 seed2 gpu2] pixel stats: year=1995 done (3/8 years)
[2026-08-15 04:24:37] [I60_R5 seed2 gpu2] pixel stats: year=1996 1% (4/8 years)
[2026-08-15 04:24:37] [I60_R5 seed2 gpu2] pixel stats: year=1996 3% (4/8 years)
[2026-08-15 04:24:37] [I60_R5 seed2 gpu2] pixel stats: year=1996 4% (4/8 years)
[2026-08-15 04:24:38] [I60_R5 seed2 gpu2] pixel stats: year=1996 6% (4/8 years)
[2026-08-15 04:24:38] [I60_R5 seed2 gpu2] pixel stats: year=1996 7% (4/8 years)
[2026-08-15 04:24:39] [I60_R5 seed2 gpu2] pixel stats: year=1996 9% (4/8 years)
[2026-08-15 04:24:39] [I60_R5 seed2 gpu2] pixel stats: year=1996 10% (4/8 years)
[2026-08-15 04:24:40] [I60_R5 seed2 gpu2] pixel stats: year=1996 12% (4/8 years)
[2026-08-15 04:24:40] [I60_R5 seed2 gpu2] pixel stats: year=1996 13% (4/8 years)
[2026-08-15 04:24:40] [I60_R5 seed2 gpu2] pixel stats: year=1996 15% (4/8 years)
[2026-08-15 04:24:41] [I60_R5 seed2 gpu2] pixel stats: year=1996 16% (4/8 years)
[2026-08-15 04:24:41] [I60_R5 seed2 gpu2] pixel stats: year=1996 17% (4/8 years)
[2026-08-15 04:24:42] [I60_R5 seed2 gpu2] pixel stats: year=1996 19% (4/8 years)
[2026-08-15 04:24:42] [I60_R5 seed2 gpu2] pixel stats: year=1996 20% (4/8 years)
[2026-08-15 04:24:43] [I60_R5 seed2 gpu2] pixel stats: year=1996 22% (4/8 years)
[2026-08-15 04:24:43] [I60_R5 seed2 gpu2] pixel stats: year=1996 23% (4/8 years)
[2026-08-15 04:24:43] [I60_R5 seed2 gpu2] pixel stats: year=1996 25% (4/8 years)
[2026-08-15 04:24:44] [I60_R5 seed2 gpu2] pixel stats: year=1996 26% (4/8 years)
[2026-08-15 04:24:44] [I60_R5 seed2 gpu2] pixel stats: year=1996 28% (4/8 years)
[2026-08-15 04:24:45] [I60_R5 seed2 gpu2] pixel stats: year=1996 29% (4/8 years)
[2026-08-15 04:24:45] [I60_R5 seed2 gpu2] pixel stats: year=1996 30% (4/8 years)
[2026-08-15 04:24:46] [I60_R5 seed2 gpu2] pixel stats: year=1996 32% (4/8 years)
[2026-08-15 04:24:46] [I60_R5 seed2 gpu2] pixel stats: year=1996 33% (4/8 years)
[2026-08-15 04:24:46] [I60_R5 seed2 gpu2] pixel stats: year=1996 35% (4/8 years)
[2026-08-15 04:24:47] [I60_R5 seed2 gpu2] pixel stats: year=1996 36% (4/8 years)
[2026-08-15 04:24:47] [I60_R5 seed2 gpu2] pixel stats: year=1996 38% (4/8 years)
[2026-08-15 04:24:48] [I60_R5 seed2 gpu2] pixel stats: year=1996 39% (4/8 years)
[2026-08-15 04:24:48] [I60_R5 seed2 gpu2] pixel stats: year=1996 41% (4/8 years)
[2026-08-15 04:24:49] [I60_R5 seed2 gpu2] pixel stats: year=1996 42% (4/8 years)
[2026-08-15 04:24:49] [I60_R5 seed2 gpu2] pixel stats: year=1996 44% (4/8 years)
[2026-08-15 04:24:49] [I60_R5 seed2 gpu2] pixel stats: year=1996 45% (4/8 years)
[2026-08-15 04:24:50] [I60_R5 seed2 gpu2] pixel stats: year=1996 46% (4/8 years)
[2026-08-15 04:24:50] [I60_R5 seed2 gpu2] pixel stats: year=1996 48% (4/8 years)
[2026-08-15 04:24:51] [I60_R5 seed2 gpu2] pixel stats: year=1996 49% (4/8 years)
[2026-08-15 04:24:51] [I60_R5 seed2 gpu2] pixel stats: year=1996 51% (4/8 years)
[2026-08-15 04:24:52] [I60_R5 seed2 gpu2] pixel stats: year=1996 52% (4/8 years)
[2026-08-15 04:24:52] [I60_R5 seed2 gpu2] pixel stats: year=1996 54% (4/8 years)
[2026-08-15 04:24:52] [I60_R5 seed2 gpu2] pixel stats: year=1996 55% (4/8 years)
[2026-08-15 04:24:53] [I60_R5 seed2 gpu2] pixel stats: year=1996 57% (4/8 years)
[2026-08-15 04:24:53] [I60_R5 seed2 gpu2] pixel stats: year=1996 58% (4/8 years)
[2026-08-15 04:24:54] [I60_R5 seed2 gpu2] pixel stats: year=1996 59% (4/8 years)
[2026-08-15 04:24:54] [I60_R5 seed2 gpu2] pixel stats: year=1996 61% (4/8 years)
[2026-08-15 04:24:55] [I60_R5 seed2 gpu2] pixel stats: year=1996 62% (4/8 years)
[2026-08-15 04:24:55] [I60_R5 seed2 gpu2] pixel stats: year=1996 64% (4/8 years)
[2026-08-15 04:24:55] [I60_R5 seed2 gpu2] pixel stats: year=1996 65% (4/8 years)
[2026-08-15 04:24:56] [I60_R5 seed2 gpu2] pixel stats: year=1996 67% (4/8 years)
[2026-08-15 04:24:56] [I60_R5 seed2 gpu2] pixel stats: year=1996 68% (4/8 years)
[2026-08-15 04:24:57] [I60_R5 seed2 gpu2] pixel stats: year=1996 70% (4/8 years)
[2026-08-15 04:24:57] [I60_R5 seed2 gpu2] pixel stats: year=1996 71% (4/8 years)
[2026-08-15 04:24:57] [I60_R5 seed2 gpu2] pixel stats: year=1996 73% (4/8 years)
[2026-08-15 04:24:58] [I60_R5 seed2 gpu2] pixel stats: year=1996 74% (4/8 years)
[2026-08-15 04:24:58] [I60_R5 seed2 gpu2] pixel stats: year=1996 75% (4/8 years)
[2026-08-15 04:24:59] [I60_R5 seed2 gpu2] pixel stats: year=1996 77% (4/8 years)
[2026-08-15 04:24:59] [I60_R5 seed2 gpu2] pixel stats: year=1996 78% (4/8 years)
[2026-08-15 04:25:00] [I60_R5 seed2 gpu2] pixel stats: year=1996 80% (4/8 years)
[2026-08-15 04:25:00] [I60_R5 seed2 gpu2] pixel stats: year=1996 81% (4/8 years)
[2026-08-15 04:25:00] [I60_R5 seed2 gpu2] pixel stats: year=1996 83% (4/8 years)
[2026-08-15 04:25:01] [I60_R5 seed2 gpu2] pixel stats: year=1996 84% (4/8 years)
[2026-08-15 04:25:01] [I60_R5 seed2 gpu2] pixel stats: year=1996 86% (4/8 years)
[2026-08-15 04:25:02] [I60_R5 seed2 gpu2] pixel stats: year=1996 87% (4/8 years)
[2026-08-15 04:25:02] [I60_R5 seed2 gpu2] pixel stats: year=1996 88% (4/8 years)
[2026-08-15 04:25:03] [I60_R5 seed2 gpu2] pixel stats: year=1996 90% (4/8 years)
[2026-08-15 04:25:03] [I60_R5 seed2 gpu2] pixel stats: year=1996 91% (4/8 years)
[2026-08-15 04:25:03] [I60_R5 seed2 gpu2] pixel stats: year=1996 93% (4/8 years)
[2026-08-15 04:25:04] [I60_R5 seed2 gpu2] pixel stats: year=1996 94% (4/8 years)
[2026-08-15 04:25:04] [I60_R5 seed2 gpu2] pixel stats: year=1996 96% (4/8 years)
[2026-08-15 04:25:05] [I60_R5 seed2 gpu2] pixel stats: year=1996 97% (4/8 years)
[2026-08-15 04:25:05] [I60_R5 seed2 gpu2] pixel stats: year=1996 99% (4/8 years)
[2026-08-15 04:25:06] [I60_R5 seed2 gpu2] pixel stats: year=1996 100% (4/8 years)
[2026-08-15 04:25:06] [I60_R5 seed2 gpu2] pixel stats: year=1996 done (4/8 years)
[2026-08-15 04:25:06] [I60_R5 seed2 gpu2] pixel stats: year=1997 1% (5/8 years)
[2026-08-15 04:25:06] [I60_R5 seed2 gpu2] pixel stats: year=1997 3% (5/8 years)
[2026-08-15 04:25:07] [I60_R5 seed2 gpu2] pixel stats: year=1997 4% (5/8 years)
[2026-08-15 04:25:07] [I60_R5 seed2 gpu2] pixel stats: year=1997 6% (5/8 years)
[2026-08-15 04:25:08] [I60_R5 seed2 gpu2] pixel stats: year=1997 7% (5/8 years)
[2026-08-15 04:25:08] [I60_R5 seed2 gpu2] pixel stats: year=1997 8% (5/8 years)
[2026-08-15 04:25:09] [I60_R5 seed2 gpu2] pixel stats: year=1997 10% (5/8 years)
[2026-08-15 04:25:09] [I60_R5 seed2 gpu2] pixel stats: year=1997 11% (5/8 years)
[2026-08-15 04:25:09] [I60_R5 seed2 gpu2] pixel stats: year=1997 12% (5/8 years)
[2026-08-15 04:25:10] [I60_R5 seed2 gpu2] pixel stats: year=1997 14% (5/8 years)
[2026-08-15 04:25:10] [I60_R5 seed2 gpu2] pixel stats: year=1997 15% (5/8 years)
[2026-08-15 04:25:11] [I60_R5 seed2 gpu2] pixel stats: year=1997 17% (5/8 years)
[2026-08-15 04:25:11] [I60_R5 seed2 gpu2] pixel stats: year=1997 18% (5/8 years)
[2026-08-15 04:25:12] [I60_R5 seed2 gpu2] pixel stats: year=1997 19% (5/8 years)
[2026-08-15 04:25:12] [I60_R5 seed2 gpu2] pixel stats: year=1997 21% (5/8 years)
[2026-08-15 04:25:12] [I60_R5 seed2 gpu2] pixel stats: year=1997 22% (5/8 years)
[2026-08-15 04:25:13] [I60_R5 seed2 gpu2] pixel stats: year=1997 23% (5/8 years)
[2026-08-15 04:25:13] [I60_R5 seed2 gpu2] pixel stats: year=1997 25% (5/8 years)
[2026-08-15 04:25:14] [I60_R5 seed2 gpu2] pixel stats: year=1997 26% (5/8 years)
[2026-08-15 04:25:14] [I60_R5 seed2 gpu2] pixel stats: year=1997 28% (5/8 years)
[2026-08-15 04:25:15] [I60_R5 seed2 gpu2] pixel stats: year=1997 29% (5/8 years)
[2026-08-15 04:25:15] [I60_R5 seed2 gpu2] pixel stats: year=1997 30% (5/8 years)
[2026-08-15 04:25:15] [I60_R5 seed2 gpu2] pixel stats: year=1997 32% (5/8 years)
[2026-08-15 04:25:16] [I60_R5 seed2 gpu2] pixel stats: year=1997 33% (5/8 years)
[2026-08-15 04:25:16] [I60_R5 seed2 gpu2] pixel stats: year=1997 34% (5/8 years)
[2026-08-15 04:25:17] [I60_R5 seed2 gpu2] pixel stats: year=1997 36% (5/8 years)
[2026-08-15 04:25:17] [I60_R5 seed2 gpu2] pixel stats: year=1997 37% (5/8 years)
[2026-08-15 04:25:17] [I60_R5 seed2 gpu2] pixel stats: year=1997 39% (5/8 years)
[2026-08-15 04:25:18] [I60_R5 seed2 gpu2] pixel stats: year=1997 40% (5/8 years)
[2026-08-15 04:25:18] [I60_R5 seed2 gpu2] pixel stats: year=1997 41% (5/8 years)
[2026-08-15 04:25:19] [I60_R5 seed2 gpu2] pixel stats: year=1997 43% (5/8 years)
[2026-08-15 04:25:19] [I60_R5 seed2 gpu2] pixel stats: year=1997 44% (5/8 years)
[2026-08-15 04:25:20] [I60_R5 seed2 gpu2] pixel stats: year=1997 46% (5/8 years)
[2026-08-15 04:25:20] [I60_R5 seed2 gpu2] pixel stats: year=1997 47% (5/8 years)
[2026-08-15 04:25:20] [I60_R5 seed2 gpu2] pixel stats: year=1997 48% (5/8 years)
[2026-08-15 04:25:21] [I60_R5 seed2 gpu2] pixel stats: year=1997 50% (5/8 years)
[2026-08-15 04:25:21] [I60_R5 seed2 gpu2] pixel stats: year=1997 51% (5/8 years)
[2026-08-15 04:25:22] [I60_R5 seed2 gpu2] pixel stats: year=1997 52% (5/8 years)
[2026-08-15 04:25:22] [I60_R5 seed2 gpu2] pixel stats: year=1997 54% (5/8 years)
[2026-08-15 04:25:23] [I60_R5 seed2 gpu2] pixel stats: year=1997 55% (5/8 years)
[2026-08-15 04:25:23] [I60_R5 seed2 gpu2] pixel stats: year=1997 57% (5/8 years)
[2026-08-15 04:25:23] [I60_R5 seed2 gpu2] pixel stats: year=1997 58% (5/8 years)
[2026-08-15 04:25:24] [I60_R5 seed2 gpu2] pixel stats: year=1997 59% (5/8 years)
[2026-08-15 04:25:24] [I60_R5 seed2 gpu2] pixel stats: year=1997 61% (5/8 years)
[2026-08-15 04:25:25] [I60_R5 seed2 gpu2] pixel stats: year=1997 62% (5/8 years)
[2026-08-15 04:25:25] [I60_R5 seed2 gpu2] pixel stats: year=1997 63% (5/8 years)
[2026-08-15 04:25:26] [I60_R5 seed2 gpu2] pixel stats: year=1997 65% (5/8 years)
[2026-08-15 04:25:26] [I60_R5 seed2 gpu2] pixel stats: year=1997 66% (5/8 years)
[2026-08-15 04:25:26] [I60_R5 seed2 gpu2] pixel stats: year=1997 68% (5/8 years)
[2026-08-15 04:25:27] [I60_R5 seed2 gpu2] pixel stats: year=1997 69% (5/8 years)
[2026-08-15 04:25:27] [I60_R5 seed2 gpu2] pixel stats: year=1997 70% (5/8 years)
[2026-08-15 04:25:28] [I60_R5 seed2 gpu2] pixel stats: year=1997 72% (5/8 years)
[2026-08-15 04:25:28] [I60_R5 seed2 gpu2] pixel stats: year=1997 73% (5/8 years)
[2026-08-15 04:25:29] [I60_R5 seed2 gpu2] pixel stats: year=1997 74% (5/8 years)
[2026-08-15 04:25:29] [I60_R5 seed2 gpu2] pixel stats: year=1997 76% (5/8 years)
[2026-08-15 04:25:29] [I60_R5 seed2 gpu2] pixel stats: year=1997 77% (5/8 years)
[2026-08-15 04:25:30] [I60_R5 seed2 gpu2] pixel stats: year=1997 79% (5/8 years)
[2026-08-15 04:25:30] [I60_R5 seed2 gpu2] pixel stats: year=1997 80% (5/8 years)
[2026-08-15 04:25:31] [I60_R5 seed2 gpu2] pixel stats: year=1997 81% (5/8 years)
[2026-08-15 04:25:31] [I60_R5 seed2 gpu2] pixel stats: year=1997 83% (5/8 years)
[2026-08-15 04:25:32] [I60_R5 seed2 gpu2] pixel stats: year=1997 84% (5/8 years)
[2026-08-15 04:25:32] [I60_R5 seed2 gpu2] pixel stats: year=1997 85% (5/8 years)
[2026-08-15 04:25:32] [I60_R5 seed2 gpu2] pixel stats: year=1997 87% (5/8 years)
[2026-08-15 04:25:33] [I60_R5 seed2 gpu2] pixel stats: year=1997 88% (5/8 years)
[2026-08-15 04:25:33] [I60_R5 seed2 gpu2] pixel stats: year=1997 90% (5/8 years)
[2026-08-15 04:25:34] [I60_R5 seed2 gpu2] pixel stats: year=1997 91% (5/8 years)
[2026-08-15 04:25:34] [I60_R5 seed2 gpu2] pixel stats: year=1997 92% (5/8 years)
[2026-08-15 04:25:34] [I60_R5 seed2 gpu2] pixel stats: year=1997 94% (5/8 years)
[2026-08-15 04:25:35] [I60_R5 seed2 gpu2] pixel stats: year=1997 95% (5/8 years)
[2026-08-15 04:25:35] [I60_R5 seed2 gpu2] pixel stats: year=1997 97% (5/8 years)
[2026-08-15 04:25:36] [I60_R5 seed2 gpu2] pixel stats: year=1997 98% (5/8 years)
[2026-08-15 04:25:36] [I60_R5 seed2 gpu2] pixel stats: year=1997 99% (5/8 years)
[2026-08-15 04:25:36] [I60_R5 seed2 gpu2] pixel stats: year=1997 100% (5/8 years)
[2026-08-15 04:25:36] [I60_R5 seed2 gpu2] pixel stats: year=1997 done (5/8 years)
[2026-08-15 04:25:37] [I60_R5 seed2 gpu2] pixel stats: year=1998 1% (6/8 years)
[2026-08-15 04:25:37] [I60_R5 seed2 gpu2] pixel stats: year=1998 3% (6/8 years)
[2026-08-15 04:25:38] [I60_R5 seed2 gpu2] pixel stats: year=1998 4% (6/8 years)
[2026-08-15 04:25:38] [I60_R5 seed2 gpu2] pixel stats: year=1998 5% (6/8 years)
[2026-08-15 04:25:39] [I60_R5 seed2 gpu2] pixel stats: year=1998 7% (6/8 years)
[2026-08-15 04:25:39] [I60_R5 seed2 gpu2] pixel stats: year=1998 8% (6/8 years)
[2026-08-15 04:25:39] [I60_R5 seed2 gpu2] pixel stats: year=1998 9% (6/8 years)
[2026-08-15 04:25:40] [I60_R5 seed2 gpu2] pixel stats: year=1998 11% (6/8 years)
[2026-08-15 04:25:40] [I60_R5 seed2 gpu2] pixel stats: year=1998 12% (6/8 years)
[2026-08-15 04:25:41] [I60_R5 seed2 gpu2] pixel stats: year=1998 13% (6/8 years)
[2026-08-15 04:25:41] [I60_R5 seed2 gpu2] pixel stats: year=1998 15% (6/8 years)
[2026-08-15 04:25:42] [I60_R5 seed2 gpu2] pixel stats: year=1998 16% (6/8 years)
[2026-08-15 04:25:42] [I60_R5 seed2 gpu2] pixel stats: year=1998 17% (6/8 years)
[2026-08-15 04:25:42] [I60_R5 seed2 gpu2] pixel stats: year=1998 19% (6/8 years)
[2026-08-15 04:25:43] [I60_R5 seed2 gpu2] pixel stats: year=1998 20% (6/8 years)
[2026-08-15 04:25:43] [I60_R5 seed2 gpu2] pixel stats: year=1998 21% (6/8 years)
[2026-08-15 04:25:44] [I60_R5 seed2 gpu2] pixel stats: year=1998 23% (6/8 years)
[2026-08-15 04:25:44] [I60_R5 seed2 gpu2] pixel stats: year=1998 24% (6/8 years)
[2026-08-15 04:25:45] [I60_R5 seed2 gpu2] pixel stats: year=1998 25% (6/8 years)
[2026-08-15 04:25:45] [I60_R5 seed2 gpu2] pixel stats: year=1998 27% (6/8 years)
[2026-08-15 04:25:45] [I60_R5 seed2 gpu2] pixel stats: year=1998 28% (6/8 years)
[2026-08-15 04:25:46] [I60_R5 seed2 gpu2] pixel stats: year=1998 29% (6/8 years)
[2026-08-15 04:25:46] [I60_R5 seed2 gpu2] pixel stats: year=1998 31% (6/8 years)
[2026-08-15 04:25:47] [I60_R5 seed2 gpu2] pixel stats: year=1998 32% (6/8 years)
[2026-08-15 04:25:47] [I60_R5 seed2 gpu2] pixel stats: year=1998 33% (6/8 years)
[2026-08-15 04:25:48] [I60_R5 seed2 gpu2] pixel stats: year=1998 35% (6/8 years)
[2026-08-15 04:25:48] [I60_R5 seed2 gpu2] pixel stats: year=1998 36% (6/8 years)
[2026-08-15 04:25:48] [I60_R5 seed2 gpu2] pixel stats: year=1998 37% (6/8 years)
[2026-08-15 04:25:49] [I60_R5 seed2 gpu2] pixel stats: year=1998 39% (6/8 years)
[2026-08-15 04:25:49] [I60_R5 seed2 gpu2] pixel stats: year=1998 40% (6/8 years)
[2026-08-15 04:25:50] [I60_R5 seed2 gpu2] pixel stats: year=1998 42% (6/8 years)
[2026-08-15 04:25:50] [I60_R5 seed2 gpu2] pixel stats: year=1998 43% (6/8 years)
[2026-08-15 04:25:51] [I60_R5 seed2 gpu2] pixel stats: year=1998 44% (6/8 years)
[2026-08-15 04:25:51] [I60_R5 seed2 gpu2] pixel stats: year=1998 46% (6/8 years)
[2026-08-15 04:25:51] [I60_R5 seed2 gpu2] pixel stats: year=1998 47% (6/8 years)
[2026-08-15 04:25:52] [I60_R5 seed2 gpu2] pixel stats: year=1998 48% (6/8 years)
[2026-08-15 04:25:52] [I60_R5 seed2 gpu2] pixel stats: year=1998 50% (6/8 years)
[2026-08-15 04:25:53] [I60_R5 seed2 gpu2] pixel stats: year=1998 51% (6/8 years)
[2026-08-15 04:25:53] [I60_R5 seed2 gpu2] pixel stats: year=1998 52% (6/8 years)
[2026-08-15 04:25:53] [I60_R5 seed2 gpu2] pixel stats: year=1998 54% (6/8 years)
[2026-08-15 04:25:54] [I60_R5 seed2 gpu2] pixel stats: year=1998 55% (6/8 years)
[2026-08-15 04:25:54] [I60_R5 seed2 gpu2] pixel stats: year=1998 56% (6/8 years)
[2026-08-15 04:25:55] [I60_R5 seed2 gpu2] pixel stats: year=1998 58% (6/8 years)
[2026-08-15 04:25:55] [I60_R5 seed2 gpu2] pixel stats: year=1998 59% (6/8 years)
[2026-08-15 04:25:56] [I60_R5 seed2 gpu2] pixel stats: year=1998 60% (6/8 years)
[2026-08-15 04:25:56] [I60_R5 seed2 gpu2] pixel stats: year=1998 62% (6/8 years)
[2026-08-15 04:25:56] [I60_R5 seed2 gpu2] pixel stats: year=1998 63% (6/8 years)
[2026-08-15 04:25:57] [I60_R5 seed2 gpu2] pixel stats: year=1998 64% (6/8 years)
[2026-08-15 04:25:57] [I60_R5 seed2 gpu2] pixel stats: year=1998 66% (6/8 years)
[2026-08-15 04:25:58] [I60_R5 seed2 gpu2] pixel stats: year=1998 67% (6/8 years)
[2026-08-15 04:25:58] [I60_R5 seed2 gpu2] pixel stats: year=1998 68% (6/8 years)
[2026-08-15 04:25:59] [I60_R5 seed2 gpu2] pixel stats: year=1998 70% (6/8 years)
[2026-08-15 04:25:59] [I60_R5 seed2 gpu2] pixel stats: year=1998 71% (6/8 years)
[2026-08-15 04:25:59] [I60_R5 seed2 gpu2] pixel stats: year=1998 72% (6/8 years)
[2026-08-15 04:26:00] [I60_R5 seed2 gpu2] pixel stats: year=1998 74% (6/8 years)
[2026-08-15 04:26:00] [I60_R5 seed2 gpu2] pixel stats: year=1998 75% (6/8 years)
[2026-08-15 04:26:01] [I60_R5 seed2 gpu2] pixel stats: year=1998 76% (6/8 years)
[2026-08-15 04:26:01] [I60_R5 seed2 gpu2] pixel stats: year=1998 78% (6/8 years)
[2026-08-15 04:26:02] [I60_R5 seed2 gpu2] pixel stats: year=1998 79% (6/8 years)
[2026-08-15 04:26:02] [I60_R5 seed2 gpu2] pixel stats: year=1998 80% (6/8 years)
[2026-08-15 04:26:02] [I60_R5 seed2 gpu2] pixel stats: year=1998 82% (6/8 years)
[2026-08-15 04:26:03] [I60_R5 seed2 gpu2] pixel stats: year=1998 83% (6/8 years)
[2026-08-15 04:26:03] [I60_R5 seed2 gpu2] pixel stats: year=1998 84% (6/8 years)
[2026-08-15 04:26:04] [I60_R5 seed2 gpu2] pixel stats: year=1998 86% (6/8 years)
[2026-08-15 04:26:04] [I60_R5 seed2 gpu2] pixel stats: year=1998 87% (6/8 years)
[2026-08-15 04:26:05] [I60_R5 seed2 gpu2] pixel stats: year=1998 88% (6/8 years)
[2026-08-15 04:26:05] [I60_R5 seed2 gpu2] pixel stats: year=1998 90% (6/8 years)
[2026-08-15 04:26:05] [I60_R5 seed2 gpu2] pixel stats: year=1998 91% (6/8 years)
[2026-08-15 04:26:06] [I60_R5 seed2 gpu2] pixel stats: year=1998 92% (6/8 years)
[2026-08-15 04:26:06] [I60_R5 seed2 gpu2] pixel stats: year=1998 94% (6/8 years)
[2026-08-15 04:26:07] [I60_R5 seed2 gpu2] pixel stats: year=1998 95% (6/8 years)
[2026-08-15 04:26:07] [I60_R5 seed2 gpu2] pixel stats: year=1998 96% (6/8 years)
[2026-08-15 04:26:08] [I60_R5 seed2 gpu2] pixel stats: year=1998 98% (6/8 years)
[2026-08-15 04:26:08] [I60_R5 seed2 gpu2] pixel stats: year=1998 99% (6/8 years)
[2026-08-15 04:26:08] [I60_R5 seed2 gpu2] pixel stats: year=1998 100% (6/8 years)
[2026-08-15 04:26:08] [I60_R5 seed2 gpu2] pixel stats: year=1998 done (6/8 years)
[2026-08-15 04:26:09] [I60_R5 seed2 gpu2] pixel stats: year=1999 1% (7/8 years)
[2026-08-15 04:26:09] [I60_R5 seed2 gpu2] pixel stats: year=1999 3% (7/8 years)
[2026-08-15 04:26:10] [I60_R5 seed2 gpu2] pixel stats: year=1999 4% (7/8 years)
[2026-08-15 04:26:10] [I60_R5 seed2 gpu2] pixel stats: year=1999 6% (7/8 years)
[2026-08-15 04:26:10] [I60_R5 seed2 gpu2] pixel stats: year=1999 7% (7/8 years)
[2026-08-15 04:26:11] [I60_R5 seed2 gpu2] pixel stats: year=1999 9% (7/8 years)
[2026-08-15 04:26:11] [I60_R5 seed2 gpu2] pixel stats: year=1999 10% (7/8 years)
[2026-08-15 04:26:12] [I60_R5 seed2 gpu2] pixel stats: year=1999 12% (7/8 years)
[2026-08-15 04:26:12] [I60_R5 seed2 gpu2] pixel stats: year=1999 13% (7/8 years)
[2026-08-15 04:26:13] [I60_R5 seed2 gpu2] pixel stats: year=1999 15% (7/8 years)
[2026-08-15 04:26:13] [I60_R5 seed2 gpu2] pixel stats: year=1999 16% (7/8 years)
[2026-08-15 04:26:13] [I60_R5 seed2 gpu2] pixel stats: year=1999 17% (7/8 years)
[2026-08-15 04:26:14] [I60_R5 seed2 gpu2] pixel stats: year=1999 19% (7/8 years)
[2026-08-15 04:26:14] [I60_R5 seed2 gpu2] pixel stats: year=1999 20% (7/8 years)
[2026-08-15 04:26:15] [I60_R5 seed2 gpu2] pixel stats: year=1999 22% (7/8 years)
[2026-08-15 04:26:15] [I60_R5 seed2 gpu2] pixel stats: year=1999 23% (7/8 years)
[2026-08-15 04:26:16] [I60_R5 seed2 gpu2] pixel stats: year=1999 25% (7/8 years)
[2026-08-15 04:26:16] [I60_R5 seed2 gpu2] pixel stats: year=1999 26% (7/8 years)
[2026-08-15 04:26:16] [I60_R5 seed2 gpu2] pixel stats: year=1999 28% (7/8 years)
[2026-08-15 04:26:17] [I60_R5 seed2 gpu2] pixel stats: year=1999 29% (7/8 years)
[2026-08-15 04:26:17] [I60_R5 seed2 gpu2] pixel stats: year=1999 30% (7/8 years)
[2026-08-15 04:26:18] [I60_R5 seed2 gpu2] pixel stats: year=1999 32% (7/8 years)
[2026-08-15 04:26:18] [I60_R5 seed2 gpu2] pixel stats: year=1999 33% (7/8 years)
[2026-08-15 04:26:19] [I60_R5 seed2 gpu2] pixel stats: year=1999 35% (7/8 years)
[2026-08-15 04:26:19] [I60_R5 seed2 gpu2] pixel stats: year=1999 36% (7/8 years)
[2026-08-15 04:26:19] [I60_R5 seed2 gpu2] pixel stats: year=1999 38% (7/8 years)
[2026-08-15 04:26:20] [I60_R5 seed2 gpu2] pixel stats: year=1999 39% (7/8 years)
[2026-08-15 04:26:20] [I60_R5 seed2 gpu2] pixel stats: year=1999 41% (7/8 years)
[2026-08-15 04:26:21] [I60_R5 seed2 gpu2] pixel stats: year=1999 42% (7/8 years)
[2026-08-15 04:26:21] [I60_R5 seed2 gpu2] pixel stats: year=1999 44% (7/8 years)
[2026-08-15 04:26:22] [I60_R5 seed2 gpu2] pixel stats: year=1999 45% (7/8 years)
[2026-08-15 04:26:22] [I60_R5 seed2 gpu2] pixel stats: year=1999 46% (7/8 years)
[2026-08-15 04:26:22] [I60_R5 seed2 gpu2] pixel stats: year=1999 48% (7/8 years)
[2026-08-15 04:26:23] [I60_R5 seed2 gpu2] pixel stats: year=1999 49% (7/8 years)
[2026-08-15 04:26:23] [I60_R5 seed2 gpu2] pixel stats: year=1999 51% (7/8 years)
[2026-08-15 04:26:24] [I60_R5 seed2 gpu2] pixel stats: year=1999 52% (7/8 years)
[2026-08-15 04:26:24] [I60_R5 seed2 gpu2] pixel stats: year=1999 54% (7/8 years)
[2026-08-15 04:26:25] [I60_R5 seed2 gpu2] pixel stats: year=1999 55% (7/8 years)
[2026-08-15 04:26:25] [I60_R5 seed2 gpu2] pixel stats: year=1999 57% (7/8 years)
[2026-08-15 04:26:25] [I60_R5 seed2 gpu2] pixel stats: year=1999 58% (7/8 years)
[2026-08-15 04:26:26] [I60_R5 seed2 gpu2] pixel stats: year=1999 59% (7/8 years)
[2026-08-15 04:26:26] [I60_R5 seed2 gpu2] pixel stats: year=1999 61% (7/8 years)
[2026-08-15 04:26:27] [I60_R5 seed2 gpu2] pixel stats: year=1999 62% (7/8 years)
[2026-08-15 04:26:27] [I60_R5 seed2 gpu2] pixel stats: year=1999 64% (7/8 years)
[2026-08-15 04:26:28] [I60_R5 seed2 gpu2] pixel stats: year=1999 65% (7/8 years)
[2026-08-15 04:26:28] [I60_R5 seed2 gpu2] pixel stats: year=1999 67% (7/8 years)
[2026-08-15 04:26:28] [I60_R5 seed2 gpu2] pixel stats: year=1999 68% (7/8 years)
[2026-08-15 04:26:29] [I60_R5 seed2 gpu2] pixel stats: year=1999 70% (7/8 years)
[2026-08-15 04:26:29] [I60_R5 seed2 gpu2] pixel stats: year=1999 71% (7/8 years)
[2026-08-15 04:26:30] [I60_R5 seed2 gpu2] pixel stats: year=1999 73% (7/8 years)
[2026-08-15 04:26:30] [I60_R5 seed2 gpu2] pixel stats: year=1999 74% (7/8 years)
[2026-08-15 04:26:31] [I60_R5 seed2 gpu2] pixel stats: year=1999 75% (7/8 years)
[2026-08-15 04:26:31] [I60_R5 seed2 gpu2] pixel stats: year=1999 77% (7/8 years)
[2026-08-15 04:26:31] [I60_R5 seed2 gpu2] pixel stats: year=1999 78% (7/8 years)
[2026-08-15 04:26:32] [I20_R5 seed2 gpu0] epoch=1 train_loss=0.837503 val_loss=0.692549
[2026-08-15 04:26:32] [I20_R5 seed2 gpu0] new best epoch=1 val_loss=0.692549 -> /data/kaibiao/data/projects/rpt-re/processed/us/models/I20_R5/seed2/best.pt
[2026-08-15 04:26:32] [I60_R5 seed2 gpu2] pixel stats: year=1999 80% (7/8 years)
[2026-08-15 04:26:32] [I60_R5 seed2 gpu2] pixel stats: year=1999 81% (7/8 years)
[2026-08-15 04:26:33] [I60_R5 seed2 gpu2] pixel stats: year=1999 83% (7/8 years)
[2026-08-15 04:26:33] [I60_R5 seed2 gpu2] pixel stats: year=1999 84% (7/8 years)
[2026-08-15 04:26:34] [I60_R5 seed2 gpu2] pixel stats: year=1999 86% (7/8 years)
[2026-08-15 04:26:34] [I60_R5 seed2 gpu2] pixel stats: year=1999 87% (7/8 years)
[2026-08-15 04:26:34] [I60_R5 seed2 gpu2] pixel stats: year=1999 89% (7/8 years)
[2026-08-15 04:26:35] [I60_R5 seed2 gpu2] pixel stats: year=1999 90% (7/8 years)
[2026-08-15 04:26:35] [I60_R5 seed2 gpu2] pixel stats: year=1999 91% (7/8 years)
[2026-08-15 04:26:36] [I60_R5 seed2 gpu2] pixel stats: year=1999 93% (7/8 years)
[2026-08-15 04:26:36] [I60_R5 seed2 gpu2] pixel stats: year=1999 94% (7/8 years)
[2026-08-15 04:26:37] [I60_R5 seed2 gpu2] pixel stats: year=1999 96% (7/8 years)
[2026-08-15 04:26:37] [I60_R5 seed2 gpu2] pixel stats: year=1999 97% (7/8 years)
[2026-08-15 04:26:37] [I60_R5 seed2 gpu2] pixel stats: year=1999 99% (7/8 years)
[2026-08-15 04:26:38] [I60_R5 seed2 gpu2] pixel stats: year=1999 100% (7/8 years)
[2026-08-15 04:26:38] [I60_R5 seed2 gpu2] pixel stats: year=1999 done (7/8 years)
[2026-08-15 04:26:38] [I60_R5 seed2 gpu2] pixel stats: year=2000 1% (8/8 years)
[2026-08-15 04:26:39] [I60_R5 seed2 gpu2] pixel stats: year=2000 3% (8/8 years)
[2026-08-15 04:26:39] [I60_R5 seed2 gpu2] pixel stats: year=2000 4% (8/8 years)
[2026-08-15 04:26:40] [I60_R5 seed2 gpu2] pixel stats: year=2000 6% (8/8 years)
[2026-08-15 04:26:40] [I60_R5 seed2 gpu2] pixel stats: year=2000 7% (8/8 years)
[2026-08-15 04:26:40] [I60_R5 seed2 gpu2] pixel stats: year=2000 9% (8/8 years)
[2026-08-15 04:26:41] [I20_R5 seed1 gpu3] epoch=1 train_loss=0.841222 val_loss=0.692288
[2026-08-15 04:26:41] [I20_R5 seed1 gpu3] new best epoch=1 val_loss=0.692288 -> /data/kaibiao/data/projects/rpt-re/processed/us/models/I20_R5/seed1/best.pt
[2026-08-15 04:26:41] [I60_R5 seed2 gpu2] pixel stats: year=2000 10% (8/8 years)
[2026-08-15 04:26:41] [I60_R5 seed2 gpu2] pixel stats: year=2000 12% (8/8 years)
[2026-08-15 04:26:42] [I60_R5 seed2 gpu2] pixel stats: year=2000 13% (8/8 years)
[2026-08-15 04:26:42] [I60_R5 seed2 gpu2] pixel stats: year=2000 15% (8/8 years)
[2026-08-15 04:26:43] [I60_R5 seed2 gpu2] pixel stats: year=2000 16% (8/8 years)
[2026-08-15 04:26:43] [I60_R5 seed2 gpu2] pixel stats: year=2000 18% (8/8 years)
[2026-08-15 04:26:43] [I20_R5 seed3 gpu2] epoch=1 train_loss=0.831106 val_loss=0.691844
[2026-08-15 04:26:43] [I20_R5 seed3 gpu2] new best epoch=1 val_loss=0.691844 -> /data/kaibiao/data/projects/rpt-re/processed/us/models/I20_R5/seed3/best.pt
[2026-08-15 04:26:43] [I60_R5 seed2 gpu2] pixel stats: year=2000 19% (8/8 years)
[2026-08-15 04:26:44] [I60_R5 seed2 gpu2] pixel stats: year=2000 21% (8/8 years)
[2026-08-15 04:26:44] [I60_R5 seed2 gpu2] pixel stats: year=2000 22% (8/8 years)
[2026-08-15 04:26:45] [I60_R5 seed2 gpu2] pixel stats: year=2000 24% (8/8 years)
[2026-08-15 04:26:45] [I60_R5 seed2 gpu2] pixel stats: year=2000 25% (8/8 years)
[2026-08-15 04:26:46] [I60_R5 seed2 gpu2] pixel stats: year=2000 27% (8/8 years)
[2026-08-15 04:26:46] [I60_R5 seed2 gpu2] pixel stats: year=2000 28% (8/8 years)
[2026-08-15 04:26:46] [I60_R5 seed2 gpu2] pixel stats: year=2000 29% (8/8 years)
[2026-08-15 04:26:47] [I60_R5 seed2 gpu2] pixel stats: year=2000 31% (8/8 years)
[2026-08-15 04:26:47] [I60_R5 seed2 gpu2] pixel stats: year=2000 32% (8/8 years)
[2026-08-15 04:26:48] [I60_R5 seed2 gpu2] pixel stats: year=2000 34% (8/8 years)
[2026-08-15 04:26:48] [I60_R5 seed2 gpu2] pixel stats: year=2000 35% (8/8 years)
[2026-08-15 04:26:49] [I60_R5 seed2 gpu2] pixel stats: year=2000 37% (8/8 years)
[2026-08-15 04:26:49] [I60_R5 seed2 gpu2] pixel stats: year=2000 38% (8/8 years)
[2026-08-15 04:26:49] [I60_R5 seed2 gpu2] pixel stats: year=2000 40% (8/8 years)
[2026-08-15 04:26:50] [I60_R5 seed2 gpu2] pixel stats: year=2000 41% (8/8 years)
[2026-08-15 04:26:50] [I60_R5 seed2 gpu2] pixel stats: year=2000 43% (8/8 years)
[2026-08-15 04:26:51] [I60_R5 seed2 gpu2] pixel stats: year=2000 44% (8/8 years)
[2026-08-15 04:26:51] [I60_R5 seed2 gpu2] pixel stats: year=2000 46% (8/8 years)
[2026-08-15 04:26:51] [I60_R5 seed2 gpu2] pixel stats: year=2000 47% (8/8 years)
[2026-08-15 04:26:52] [I60_R5 seed2 gpu2] pixel stats: year=2000 49% (8/8 years)
[2026-08-15 04:26:52] [I60_R5 seed2 gpu2] pixel stats: year=2000 50% (8/8 years)
[2026-08-15 04:26:53] [I60_R5 seed2 gpu2] pixel stats: year=2000 52% (8/8 years)
[2026-08-15 04:26:53] [I60_R5 seed2 gpu2] pixel stats: year=2000 53% (8/8 years)
[2026-08-15 04:26:54] [I60_R5 seed2 gpu2] pixel stats: year=2000 54% (8/8 years)
[2026-08-15 04:26:54] [I60_R5 seed2 gpu2] pixel stats: year=2000 56% (8/8 years)
[2026-08-15 04:26:54] [I60_R5 seed2 gpu2] pixel stats: year=2000 57% (8/8 years)
[2026-08-15 04:26:55] [I60_R5 seed2 gpu2] pixel stats: year=2000 59% (8/8 years)
[2026-08-15 04:26:55] [I60_R5 seed2 gpu2] pixel stats: year=2000 60% (8/8 years)
[2026-08-15 04:26:56] [I60_R5 seed2 gpu2] pixel stats: year=2000 62% (8/8 years)
[2026-08-15 04:26:56] [I60_R5 seed2 gpu2] pixel stats: year=2000 63% (8/8 years)
[2026-08-15 04:26:57] [I60_R5 seed2 gpu2] pixel stats: year=2000 65% (8/8 years)
[2026-08-15 04:26:57] [I60_R5 seed2 gpu2] pixel stats: year=2000 66% (8/8 years)
[2026-08-15 04:26:57] [I60_R5 seed2 gpu2] pixel stats: year=2000 68% (8/8 years)
[2026-08-15 04:26:58] [I60_R5 seed2 gpu2] pixel stats: year=2000 69% (8/8 years)
[2026-08-15 04:26:58] [I60_R5 seed2 gpu2] pixel stats: year=2000 71% (8/8 years)
[2026-08-15 04:26:59] [I60_R5 seed2 gpu2] pixel stats: year=2000 72% (8/8 years)
[2026-08-15 04:26:59] [I60_R5 seed2 gpu2] pixel stats: year=2000 74% (8/8 years)
[2026-08-15 04:27:00] [I60_R5 seed2 gpu2] pixel stats: year=2000 75% (8/8 years)
[2026-08-15 04:27:00] [I60_R5 seed2 gpu2] pixel stats: year=2000 77% (8/8 years)
[2026-08-15 04:27:00] [I60_R5 seed2 gpu2] pixel stats: year=2000 78% (8/8 years)
[2026-08-15 04:27:01] [I60_R5 seed2 gpu2] pixel stats: year=2000 80% (8/8 years)
[2026-08-15 04:27:01] [I60_R5 seed2 gpu2] pixel stats: year=2000 81% (8/8 years)
[2026-08-15 04:27:02] [I60_R5 seed2 gpu2] pixel stats: year=2000 82% (8/8 years)
[2026-08-15 04:27:02] [I60_R5 seed2 gpu2] pixel stats: year=2000 84% (8/8 years)
[2026-08-15 04:27:03] [I60_R5 seed2 gpu2] pixel stats: year=2000 85% (8/8 years)
[2026-08-15 04:27:03] [I60_R5 seed2 gpu2] pixel stats: year=2000 87% (8/8 years)
[2026-08-15 04:27:03] [I60_R5 seed2 gpu2] pixel stats: year=2000 88% (8/8 years)
[2026-08-15 04:27:04] [I60_R5 seed2 gpu2] pixel stats: year=2000 90% (8/8 years)
[2026-08-15 04:27:04] [I60_R5 seed2 gpu2] pixel stats: year=2000 91% (8/8 years)
[2026-08-15 04:27:05] [I60_R5 seed2 gpu2] pixel stats: year=2000 93% (8/8 years)
[2026-08-15 04:27:05] [I60_R5 seed2 gpu2] pixel stats: year=2000 94% (8/8 years)
[2026-08-15 04:27:05] [I60_R5 seed2 gpu2] pixel stats: year=2000 96% (8/8 years)
[2026-08-15 04:27:06] [I60_R5 seed2 gpu2] pixel stats: year=2000 97% (8/8 years)
[2026-08-15 04:27:06] [I60_R5 seed2 gpu2] pixel stats: year=2000 99% (8/8 years)
[2026-08-15 04:27:07] [I60_R5 seed2 gpu2] pixel stats: year=2000 100% (8/8 years)
[2026-08-15 04:27:07] [I60_R5 seed2 gpu2] pixel stats: year=2000 done (8/8 years)
[2026-08-15 04:27:07] [I60_R5 seed2 gpu2] pixel_mean=15.655615 pixel_std=61.213426
[2026-08-15 04:27:07] [I60_R5 seed4 gpu3] pixel_mean=15.655615 pixel_std=61.213426
[2026-08-15 04:27:07] [I60_R5 seed0 gpu3] pixel_mean=15.655615 pixel_std=61.213426
[2026-08-15 04:27:07] [I60_R5 seed1 gpu0] pixel_mean=15.655615 pixel_std=61.213426
[2026-08-15 04:27:07] [I60_R5 seed3 gpu1] pixel_mean=15.655615 pixel_std=61.213426
[2026-08-15 04:27:07] [I60_R5 seed2 gpu2] I60_R5 train_seed=2
[2026-08-15 04:27:07] [I60_R5 seed4 gpu3] I60_R5 train_seed=4
[2026-08-15 04:27:07] [I60_R5 seed0 gpu3] I60_R5 train_seed=0
[2026-08-15 04:27:07] [I60_R5 seed1 gpu0] I60_R5 train_seed=1
[2026-08-15 04:27:07] [I60_R5 seed3 gpu1] I60_R5 train_seed=3
[2026-08-15 04:27:08] [I60_R5 seed2 gpu2] model I60 flatten=184320 params=2952962
[2026-08-15 04:27:08] [I60_R5 seed4 gpu3] model I60 flatten=184320 params=2952962
[2026-08-15 04:27:08] [I60_R5 seed0 gpu3] model I60 flatten=184320 params=2952962
[2026-08-15 04:27:08] [I60_R5 seed1 gpu0] model I60 flatten=184320 params=2952962
[2026-08-15 04:27:08] [I60_R5 seed3 gpu1] model I60 flatten=184320 params=2952962
[2026-08-15 04:29:26] [I20_R5 seed4 gpu1] epoch=1 train_loss=0.844948 val_loss=0.691553
[2026-08-15 04:29:26] [I20_R5 seed4 gpu1] new best epoch=1 val_loss=0.691553 -> /data/kaibiao/data/projects/rpt-re/processed/us/models/I20_R5/seed4/best.pt
[2026-08-15 04:29:30] [I20_R5 seed0 gpu1] epoch=1 train_loss=0.839754 val_loss=0.694491
[2026-08-15 04:29:30] [I20_R5 seed0 gpu1] new best epoch=1 val_loss=0.694491 -> /data/kaibiao/data/projects/rpt-re/processed/us/models/I20_R5/seed0/best.pt
[2026-08-15 04:30:21] [I20_R5 seed2 gpu0] epoch=2 train_loss=0.714038 val_loss=0.687451
[2026-08-15 04:30:21] [I20_R5 seed2 gpu0] new best epoch=2 val_loss=0.687451 -> /data/kaibiao/data/projects/rpt-re/processed/us/models/I20_R5/seed2/best.pt
[2026-08-15 04:30:47] [I20_R5 seed3 gpu2] epoch=2 train_loss=0.714312 val_loss=0.687889
[2026-08-15 04:30:47] [I20_R5 seed3 gpu2] new best epoch=2 val_loss=0.687889 -> /data/kaibiao/data/projects/rpt-re/processed/us/models/I20_R5/seed3/best.pt
[2026-08-15 04:32:18] [I20_R5 seed1 gpu3] epoch=2 train_loss=0.715837 val_loss=0.695789
[2026-08-15 04:34:50] [I20_R5 seed2 gpu0] epoch=3 train_loss=0.695262 val_loss=0.686982
[2026-08-15 04:34:50] [I20_R5 seed2 gpu0] new best epoch=3 val_loss=0.686982 -> /data/kaibiao/data/projects/rpt-re/processed/us/models/I20_R5/seed2/best.pt
[2026-08-15 04:35:11] [I20_R5 seed3 gpu2] epoch=3 train_loss=0.696381 val_loss=0.685457
[2026-08-15 04:35:11] [I20_R5 seed3 gpu2] new best epoch=3 val_loss=0.685457 -> /data/kaibiao/data/projects/rpt-re/processed/us/models/I20_R5/seed3/best.pt
[2026-08-15 04:36:03] [I20_R5 seed4 gpu1] epoch=2 train_loss=0.716274 val_loss=0.687179
[2026-08-15 04:36:03] [I20_R5 seed4 gpu1] new best epoch=2 val_loss=0.687179 -> /data/kaibiao/data/projects/rpt-re/processed/us/models/I20_R5/seed4/best.pt
[2026-08-15 04:36:30] [I20_R5 seed0 gpu1] epoch=2 train_loss=0.715574 val_loss=0.689649
[2026-08-15 04:36:30] [I20_R5 seed0 gpu1] new best epoch=2 val_loss=0.689649 -> /data/kaibiao/data/projects/rpt-re/processed/us/models/I20_R5/seed0/best.pt
[2026-08-15 04:38:42] [I20_R5 seed1 gpu3] epoch=3 train_loss=0.695802 val_loss=0.685187
[2026-08-15 04:38:42] [I20_R5 seed1 gpu3] new best epoch=3 val_loss=0.685187 -> /data/kaibiao/data/projects/rpt-re/processed/us/models/I20_R5/seed1/best.pt
[2026-08-15 04:39:20] [I20_R5 seed2 gpu0] epoch=4 train_loss=0.689345 val_loss=0.687016
[2026-08-15 04:39:37] [I20_R5 seed3 gpu2] epoch=4 train_loss=0.690080 val_loss=0.684038
[2026-08-15 04:39:37] [I20_R5 seed3 gpu2] new best epoch=4 val_loss=0.684038 -> /data/kaibiao/data/projects/rpt-re/processed/us/models/I20_R5/seed3/best.pt
[2026-08-15 04:42:39] [I20_R5 seed4 gpu1] epoch=3 train_loss=0.695344 val_loss=0.684872
[2026-08-15 04:42:39] [I20_R5 seed4 gpu1] new best epoch=3 val_loss=0.684872 -> /data/kaibiao/data/projects/rpt-re/processed/us/models/I20_R5/seed4/best.pt
[2026-08-15 04:43:29] [I20_R5 seed0 gpu1] epoch=3 train_loss=0.696812 val_loss=0.685751
[2026-08-15 04:43:29] [I20_R5 seed0 gpu1] new best epoch=3 val_loss=0.685751 -> /data/kaibiao/data/projects/rpt-re/processed/us/models/I20_R5/seed0/best.pt
[2026-08-15 04:43:49] [I20_R5 seed2 gpu0] epoch=5 train_loss=0.686890 val_loss=0.683623
[2026-08-15 04:43:49] [I20_R5 seed2 gpu0] new best epoch=5 val_loss=0.683623 -> /data/kaibiao/data/projects/rpt-re/processed/us/models/I20_R5/seed2/best.pt
[2026-08-15 04:44:01] [I20_R5 seed3 gpu2] epoch=5 train_loss=0.687324 val_loss=0.684078
[2026-08-15 04:45:07] [I20_R5 seed1 gpu3] epoch=4 train_loss=0.689499 val_loss=0.684016
[2026-08-15 04:45:07] [I20_R5 seed1 gpu3] new best epoch=4 val_loss=0.684016 -> /data/kaibiao/data/projects/rpt-re/processed/us/models/I20_R5/seed1/best.pt
[2026-08-15 04:48:18] [I20_R5 seed2 gpu0] epoch=6 train_loss=0.685452 val_loss=0.686599
[2026-08-15 04:48:26] [I20_R5 seed3 gpu2] epoch=6 train_loss=0.685914 val_loss=0.685094
[2026-08-15 04:48:26] [I20_R5 seed3 gpu2] early stop at epoch=6 best_epoch=4
[2026-08-15 04:48:26] [I20_R5 seed3 gpu2] training done best_epoch=4 val_loss=0.684038
[2026-08-15 04:49:17] [I20_R5 seed4 gpu1] epoch=4 train_loss=0.689357 val_loss=0.686179
[2026-08-15 04:50:28] [I20_R5 seed0 gpu1] epoch=4 train_loss=0.690192 val_loss=0.684135
[2026-08-15 04:50:28] [I20_R5 seed0 gpu1] new best epoch=4 val_loss=0.684135 -> /data/kaibiao/data/projects/rpt-re/processed/us/models/I20_R5/seed0/best.pt
[2026-08-15 04:51:32] [I20_R5 seed1 gpu3] epoch=5 train_loss=0.687110 val_loss=0.686063
[2026-08-15 04:52:48] [I20_R5 seed2 gpu0] epoch=7 train_loss=0.684623 val_loss=0.682921
[2026-08-15 04:52:48] [I20_R5 seed2 gpu0] new best epoch=7 val_loss=0.682921 -> /data/kaibiao/data/projects/rpt-re/processed/us/models/I20_R5/seed2/best.pt
[2026-08-15 04:53:12] [I20_R5 seed3 gpu2] saved OOS predictions n=6619772 -> /data/kaibiao/data/projects/rpt-re/processed/us/models/I20_R5/seed3_pred.feather
[2026-08-15 04:53:13] [I20_R5 seed3 gpu2] done
[2026-08-15 04:55:55] [I20_R5 seed4 gpu1] epoch=5 train_loss=0.686695 val_loss=0.684403
[2026-08-15 04:55:55] [I20_R5 seed4 gpu1] new best epoch=5 val_loss=0.684403 -> /data/kaibiao/data/projects/rpt-re/processed/us/models/I20_R5/seed4/best.pt
[2026-08-15 04:57:14] [I60_R5 seed2 gpu2] epoch=1 train_loss=0.861210 val_loss=0.693982
[2026-08-15 04:57:14] [I60_R5 seed2 gpu2] new best epoch=1 val_loss=0.693982 -> /data/kaibiao/data/projects/rpt-re/processed/us/models/I60_R5/seed2/best.pt
[2026-08-15 04:57:18] [I20_R5 seed2 gpu0] epoch=8 train_loss=0.684131 val_loss=0.682612
[2026-08-15 04:57:18] [I20_R5 seed2 gpu0] new best epoch=8 val_loss=0.682612 -> /data/kaibiao/data/projects/rpt-re/processed/us/models/I20_R5/seed2/best.pt
[2026-08-15 04:57:27] [I20_R5 seed0 gpu1] epoch=5 train_loss=0.687278 val_loss=0.689656
[2026-08-15 04:57:56] [I20_R5 seed1 gpu3] epoch=6 train_loss=0.685563 val_loss=0.688629
[2026-08-15 04:57:56] [I20_R5 seed1 gpu3] early stop at epoch=6 best_epoch=4
[2026-08-15 04:57:56] [I20_R5 seed1 gpu3] training done best_epoch=4 val_loss=0.684016
[2026-08-15 05:01:38] [I20_R5 seed2 gpu0] epoch=9 train_loss=0.683609 val_loss=0.684290
[2026-08-15 05:01:57] [I60_R5 seed1 gpu0] epoch=1 train_loss=0.862630 val_loss=0.695652
[2026-08-15 05:01:57] [I60_R5 seed1 gpu0] new best epoch=1 val_loss=0.695652 -> /data/kaibiao/data/projects/rpt-re/processed/us/models/I60_R5/seed1/best.pt
[2026-08-15 05:02:33] [I20_R5 seed4 gpu1] epoch=6 train_loss=0.685574 val_loss=0.685589
[2026-08-15 05:03:43] [I20_R5 seed1 gpu3] saved OOS predictions n=6619772 -> /data/kaibiao/data/projects/rpt-re/processed/us/models/I20_R5/seed1_pred.feather
[2026-08-15 05:03:44] [I20_R5 seed1 gpu3] done
[2026-08-15 05:04:29] [I20_R5 seed0 gpu1] epoch=6 train_loss=0.685744 val_loss=0.685144
[2026-08-15 05:04:29] [I20_R5 seed0 gpu1] early stop at epoch=6 best_epoch=4
[2026-08-15 05:04:29] [I20_R5 seed0 gpu1] training done best_epoch=4 val_loss=0.684135
[2026-08-15 05:06:08] [I20_R5 seed2 gpu0] epoch=10 train_loss=0.683084 val_loss=0.683565
[2026-08-15 05:06:08] [I20_R5 seed2 gpu0] early stop at epoch=10 best_epoch=8
[2026-08-15 05:06:09] [I20_R5 seed2 gpu0] training done best_epoch=8 val_loss=0.682612
[2026-08-15 05:09:16] [I20_R5 seed4 gpu1] epoch=7 train_loss=0.684761 val_loss=0.682836
[2026-08-15 05:09:16] [I20_R5 seed4 gpu1] new best epoch=7 val_loss=0.682836 -> /data/kaibiao/data/projects/rpt-re/processed/us/models/I20_R5/seed4/best.pt
[2026-08-15 05:10:23] [I20_R5 seed0 gpu1] saved OOS predictions n=6619772 -> /data/kaibiao/data/projects/rpt-re/processed/us/models/I20_R5/seed0_pred.feather
[2026-08-15 05:10:24] [I20_R5 seed0 gpu1] done
[2026-08-15 05:10:59] [I20_R5 seed2 gpu0] saved OOS predictions n=6619772 -> /data/kaibiao/data/projects/rpt-re/processed/us/models/I20_R5/seed2_pred.feather
[2026-08-15 05:11:00] [I20_R5 seed2 gpu0] done
[2026-08-15 05:13:00] [I60_R5 seed4 gpu3] epoch=1 train_loss=0.859947 val_loss=0.696805
[2026-08-15 05:13:00] [I60_R5 seed4 gpu3] new best epoch=1 val_loss=0.696805 -> /data/kaibiao/data/projects/rpt-re/processed/us/models/I60_R5/seed4/best.pt
[2026-08-15 05:13:01] [I60_R5 seed0 gpu3] epoch=1 train_loss=0.861939 val_loss=0.695142
[2026-08-15 05:13:01] [I60_R5 seed0 gpu3] new best epoch=1 val_loss=0.695142 -> /data/kaibiao/data/projects/rpt-re/processed/us/models/I60_R5/seed0/best.pt
[2026-08-15 05:13:55] [I20_R5 seed4 gpu1] epoch=8 train_loss=0.684142 val_loss=0.685391
[2026-08-15 05:14:46] [I60_R5 seed3 gpu1] epoch=1 train_loss=0.865563 val_loss=0.719365
[2026-08-15 05:14:46] [I60_R5 seed3 gpu1] new best epoch=1 val_loss=0.719365 -> /data/kaibiao/data/projects/rpt-re/processed/us/models/I60_R5/seed3/best.pt
[2026-08-15 05:14:56] [I60_R5 seed2 gpu2] epoch=2 train_loss=0.729494 val_loss=0.694414
[2026-08-15 05:18:21] [I20_R5 seed4 gpu1] epoch=9 train_loss=0.683556 val_loss=0.682196
[2026-08-15 05:18:21] [I20_R5 seed4 gpu1] new best epoch=9 val_loss=0.682196 -> /data/kaibiao/data/projects/rpt-re/processed/us/models/I20_R5/seed4/best.pt
[2026-08-15 05:22:48] [I20_R5 seed4 gpu1] epoch=10 train_loss=0.683095 val_loss=0.682820
[2026-08-15 05:23:34] [I60_R5 seed1 gpu0] epoch=2 train_loss=0.728390 val_loss=0.704708
[2026-08-15 05:27:15] [I20_R5 seed4 gpu1] epoch=11 train_loss=0.682779 val_loss=0.682156
[2026-08-15 05:27:15] [I20_R5 seed4 gpu1] new best epoch=11 val_loss=0.682156 -> /data/kaibiao/data/projects/rpt-re/processed/us/models/I20_R5/seed4/best.pt
[2026-08-15 05:31:46] [I20_R5 seed4 gpu1] epoch=12 train_loss=0.682242 val_loss=0.686457
[2026-08-15 05:32:32] [I60_R5 seed2 gpu2] epoch=3 train_loss=0.702990 val_loss=0.699147
[2026-08-15 05:32:32] [I60_R5 seed2 gpu2] early stop at epoch=3 best_epoch=1
[2026-08-15 05:32:32] [I60_R5 seed2 gpu2] training done best_epoch=1 val_loss=0.693982
[2026-08-15 05:36:23] [I20_R5 seed4 gpu1] epoch=13 train_loss=0.682009 val_loss=0.681912
[2026-08-15 05:36:23] [I20_R5 seed4 gpu1] new best epoch=13 val_loss=0.681912 -> /data/kaibiao/data/projects/rpt-re/processed/us/models/I20_R5/seed4/best.pt
[2026-08-15 05:41:01] [I20_R5 seed4 gpu1] epoch=14 train_loss=0.681598 val_loss=0.681977
[2026-08-15 05:41:06] [I60_R5 seed1 gpu0] epoch=3 train_loss=0.702609 val_loss=0.694240
[2026-08-15 05:41:06] [I60_R5 seed1 gpu0] new best epoch=3 val_loss=0.694240 -> /data/kaibiao/data/projects/rpt-re/processed/us/models/I60_R5/seed1/best.pt
[2026-08-15 05:45:34] [I20_R5 seed4 gpu1] epoch=15 train_loss=0.681017 val_loss=0.682608
[2026-08-15 05:45:34] [I20_R5 seed4 gpu1] early stop at epoch=15 best_epoch=13
[2026-08-15 05:45:34] [I20_R5 seed4 gpu1] training done best_epoch=13 val_loss=0.681912
[2026-08-15 05:46:42] [I60_R5 seed4 gpu3] epoch=2 train_loss=0.726438 val_loss=0.695899
[2026-08-15 05:46:43] [I60_R5 seed4 gpu3] new best epoch=2 val_loss=0.695899 -> /data/kaibiao/data/projects/rpt-re/processed/us/models/I60_R5/seed4/best.pt
[2026-08-15 05:46:43] [I60_R5 seed0 gpu3] epoch=2 train_loss=0.724728 val_loss=0.733778
[2026-08-15 05:48:14] [I60_R5 seed3 gpu1] epoch=2 train_loss=0.729050 val_loss=0.694897
[2026-08-15 05:48:14] [I60_R5 seed3 gpu1] new best epoch=2 val_loss=0.694897 -> /data/kaibiao/data/projects/rpt-re/processed/us/models/I60_R5/seed3/best.pt
[2026-08-15 05:50:09] [I60_R5 seed2 gpu2] saved OOS predictions n=6542415 -> /data/kaibiao/data/projects/rpt-re/processed/us/models/I60_R5/seed2_pred.feather
[2026-08-15 05:50:10] [I60_R5 seed2 gpu2] done
[2026-08-15 05:50:13] [I20_R5 seed4 gpu1] saved OOS predictions n=6619772 -> /data/kaibiao/data/projects/rpt-re/processed/us/models/I20_R5/seed4_pred.feather
[2026-08-15 05:50:14] [I20_R5 seed4 gpu1] done
[2026-08-15 05:58:47] [I60_R5 seed1 gpu0] epoch=4 train_loss=0.695991 val_loss=0.704686
[2026-08-15 06:06:16] [I60_R5 seed3 gpu1] epoch=3 train_loss=0.702696 val_loss=0.689984
[2026-08-15 06:06:16] [I60_R5 seed3 gpu1] new best epoch=3 val_loss=0.689984 -> /data/kaibiao/data/projects/rpt-re/processed/us/models/I60_R5/seed3/best.pt
[2026-08-15 06:16:18] [I60_R5 seed1 gpu0] epoch=5 train_loss=0.692919 val_loss=0.694183
[2026-08-15 06:16:18] [I60_R5 seed1 gpu0] new best epoch=5 val_loss=0.694183 -> /data/kaibiao/data/projects/rpt-re/processed/us/models/I60_R5/seed1/best.pt
[2026-08-15 06:20:44] [I60_R5 seed4 gpu3] epoch=3 train_loss=0.702323 val_loss=0.691068
[2026-08-15 06:20:44] [I60_R5 seed0 gpu3] epoch=3 train_loss=0.701307 val_loss=0.691772
[2026-08-15 06:20:44] [I60_R5 seed0 gpu3] new best epoch=3 val_loss=0.691772 -> /data/kaibiao/data/projects/rpt-re/processed/us/models/I60_R5/seed0/best.pt
[2026-08-15 06:20:44] [I60_R5 seed4 gpu3] new best epoch=3 val_loss=0.691068 -> /data/kaibiao/data/projects/rpt-re/processed/us/models/I60_R5/seed4/best.pt
[2026-08-15 06:23:42] [I60_R5 seed3 gpu1] epoch=4 train_loss=0.695767 val_loss=0.692674
[2026-08-15 06:33:55] [I60_R5 seed1 gpu0] epoch=6 train_loss=0.691183 val_loss=0.688425
[2026-08-15 06:33:55] [I60_R5 seed1 gpu0] new best epoch=6 val_loss=0.688425 -> /data/kaibiao/data/projects/rpt-re/processed/us/models/I60_R5/seed1/best.pt
[2026-08-15 06:41:08] [I60_R5 seed3 gpu1] epoch=5 train_loss=0.692887 val_loss=0.688422
[2026-08-15 06:41:08] [I60_R5 seed3 gpu1] new best epoch=5 val_loss=0.688422 -> /data/kaibiao/data/projects/rpt-re/processed/us/models/I60_R5/seed3/best.pt
[2026-08-15 06:51:26] [I60_R5 seed1 gpu0] epoch=7 train_loss=0.689969 val_loss=0.689007
[2026-08-15 06:54:55] [I60_R5 seed0 gpu3] epoch=4 train_loss=0.695600 val_loss=0.689061
[2026-08-15 06:54:55] [I60_R5 seed0 gpu3] new best epoch=4 val_loss=0.689061 -> /data/kaibiao/data/projects/rpt-re/processed/us/models/I60_R5/seed0/best.pt
[2026-08-15 06:54:55] [I60_R5 seed4 gpu3] epoch=4 train_loss=0.696088 val_loss=0.708603
[2026-08-15 06:58:34] [I60_R5 seed3 gpu1] epoch=6 train_loss=0.691097 val_loss=0.688239
[2026-08-15 06:58:34] [I60_R5 seed3 gpu1] new best epoch=6 val_loss=0.688239 -> /data/kaibiao/data/projects/rpt-re/processed/us/models/I60_R5/seed3/best.pt
[2026-08-15 07:09:04] [I60_R5 seed1 gpu0] epoch=8 train_loss=0.688855 val_loss=0.690435
[2026-08-15 07:09:04] [I60_R5 seed1 gpu0] early stop at epoch=8 best_epoch=6
[2026-08-15 07:09:04] [I60_R5 seed1 gpu0] training done best_epoch=6 val_loss=0.688425
[2026-08-15 07:16:01] [I60_R5 seed3 gpu1] epoch=7 train_loss=0.689923 val_loss=0.687534
[2026-08-15 07:16:01] [I60_R5 seed3 gpu1] new best epoch=7 val_loss=0.687534 -> /data/kaibiao/data/projects/rpt-re/processed/us/models/I60_R5/seed3/best.pt
[2026-08-15 07:26:37] [I60_R5 seed1 gpu0] saved OOS predictions n=6542415 -> /data/kaibiao/data/projects/rpt-re/processed/us/models/I60_R5/seed1_pred.feather
[2026-08-15 07:26:39] [I60_R5 seed1 gpu0] done
[2026-08-15 07:28:33] [I60_R5 seed0 gpu3] epoch=5 train_loss=0.692810 val_loss=0.688251
[2026-08-15 07:28:33] [I60_R5 seed0 gpu3] new best epoch=5 val_loss=0.688251 -> /data/kaibiao/data/projects/rpt-re/processed/us/models/I60_R5/seed0/best.pt
[2026-08-15 07:28:33] [I60_R5 seed4 gpu3] epoch=5 train_loss=0.693139 val_loss=0.691565
[2026-08-15 07:28:33] [I60_R5 seed4 gpu3] early stop at epoch=5 best_epoch=3
[2026-08-15 07:28:33] [I60_R5 seed4 gpu3] training done best_epoch=3 val_loss=0.691068
[2026-08-15 07:33:29] [I60_R5 seed3 gpu1] epoch=8 train_loss=0.688814 val_loss=0.687708
[2026-08-15 07:50:57] [I60_R5 seed3 gpu1] epoch=9 train_loss=0.687832 val_loss=0.694143
[2026-08-15 07:50:57] [I60_R5 seed3 gpu1] early stop at epoch=9 best_epoch=7
[2026-08-15 07:50:57] [I60_R5 seed3 gpu1] training done best_epoch=7 val_loss=0.687534
[2026-08-15 07:59:18] [I60_R5 seed4 gpu3] saved OOS predictions n=6542415 -> /data/kaibiao/data/projects/rpt-re/processed/us/models/I60_R5/seed4_pred.feather
[2026-08-15 07:59:20] [I60_R5 seed4 gpu3] done
[2026-08-15 07:59:35] [I60_R5 seed0 gpu3] epoch=6 train_loss=0.690970 val_loss=0.695955
[2026-08-15 08:08:11] [I60_R5 seed3 gpu1] saved OOS predictions n=6542415 -> /data/kaibiao/data/projects/rpt-re/processed/us/models/I60_R5/seed3_pred.feather
[2026-08-15 08:08:12] [I60_R5 seed3 gpu1] done
[2026-08-15 08:16:36] [I60_R5 seed0 gpu3] epoch=7 train_loss=0.689870 val_loss=0.688915
[2026-08-15 08:16:36] [I60_R5 seed0 gpu3] early stop at epoch=7 best_epoch=5
[2026-08-15 08:16:36] [I60_R5 seed0 gpu3] training done best_epoch=5 val_loss=0.688251
[2026-08-15 08:33:12] [I60_R5 seed0 gpu3] saved OOS predictions n=6542415 -> /data/kaibiao/data/projects/rpt-re/processed/us/models/I60_R5/seed0_pred.feather
[2026-08-15 08:33:14] [I60_R5 seed0 gpu3] done
[2026-08-15 08:33:23] ensemble n=6619772 -> /data/kaibiao/data/projects/rpt-re/processed/us/models/I20_R5/ensemble_pred.feather
[2026-08-15 08:33:31] ensemble n=6542415 -> /data/kaibiao/data/projects/rpt-re/processed/us/models/I60_R5/ensemble_pred.feather
[2026-08-15 08:33:33] ensemble n=1524334 -> /data/kaibiao/data/projects/rpt-re/processed/us/models/I5_R20/ensemble_pred.feather
[2026-08-15 08:33:33] ensemble n=498948 -> /data/kaibiao/data/projects/rpt-re/processed/us/models/I60_R20/ensemble_pred.feather
[2026-08-15 08:33:34] ensemble n=502487 -> /data/kaibiao/data/projects/rpt-re/processed/us/models/I5_R60/ensemble_pred.feather
[2026-08-15 08:33:34] ensemble n=499097 -> /data/kaibiao/data/projects/rpt-re/processed/us/models/I20_R60/ensemble_pred.feather
[2026-08-15 08:33:35] Done.
