[2026-08-19 02:22:43] ============================================================
[2026-08-19 02:22:43] 07_transfer_us_to_cn
[2026-08-19 02:22:43] Conda: 5020_env
[2026-08-19 02:22:43] Python: /home/zkb/rpt-re/scripts/py/07_transfer_us_to_cn.py
[2026-08-19 02:22:43] Args:  all --gpu-ids 1,2,3 --reserve-gib 16 --batch-size 512
[2026-08-19 02:22:43] Log:   /home/zkb/rpt-re/logs/07_transfer_us_cn/07_transfer_us_to_cn_20260819_022242.log
[2026-08-19 02:22:43] ============================================================
[2026-08-19 02:22:43] starting python
[2026-08-19 02:22:45] direct pending jobs=45 configs=[(5, 5), (5, 20), (5, 60), (20, 5), (20, 20), (20, 60), (60, 5), (60, 20), (60, 60)] seeds=[0, 1, 2, 3, 4]
[2026-08-19 02:22:45] nvidia-smi=[(0, 8332, 100), (1, 48496, 0), (2, 48464, 0), (3, 48493, 0)]
[2026-08-19 02:22:45] parallel jobs=45 n_conc=31 ram_diag={'source': 'memory_budget', 'avail_gib': 327.9, 'total_gib': 377.5, 'reserve_gib': 16.0, 'budget_gib': 311.9, 'mem_per_worker_gib': 10.0, 'mem_cap': 31, 'cpu_cap': 112, 'swap_percent': 99.8, 'n_tasks': 45, 'resolved_workers': 31}
[2026-08-19 02:22:45] [direct I5_R5 seed1 gpu3] start[direct I5_R5 seed0 gpu1] start
[2026-08-19 02:22:45] 
[2026-08-19 02:22:45] [direct I5_R5 seed2 gpu2] start
[2026-08-19 02:22:46] [direct I5_R5 seed3 gpu1] start
[2026-08-19 02:22:46] [direct I5_R5 seed4 gpu3] start
[2026-08-19 02:22:46] [direct I5_R20 seed0 gpu2] start
[2026-08-19 02:22:46] [direct I5_R20 seed1 gpu1] start
[2026-08-19 02:22:46] [direct I5_R20 seed2 gpu3] start
[2026-08-19 02:22:46] [direct I5_R20 seed3 gpu2] start
[2026-08-19 02:22:46] [direct I5_R20 seed4 gpu1] start
[2026-08-19 02:22:46] [direct I5_R60 seed0 gpu3] start
[2026-08-19 02:22:46] [direct I5_R60 seed1 gpu2] start
[2026-08-19 02:22:46] [direct I5_R60 seed2 gpu1] start
[2026-08-19 02:22:46] [direct I5_R60 seed3 gpu3] start
[2026-08-19 02:22:46] [direct I20_R5 seed0 gpu1] start
[2026-08-19 02:22:46] [direct I5_R60 seed4 gpu2] start
[2026-08-19 02:22:46] [direct I20_R5 seed2 gpu2] start
[2026-08-19 02:22:46] [direct I20_R5 seed1 gpu3] start
[2026-08-19 02:22:46] [direct I20_R5 seed3 gpu1] start
[2026-08-19 02:22:46] [direct I20_R5 seed4 gpu3] start
[2026-08-19 02:22:46] [direct I20_R20 seed1 gpu1] start
[2026-08-19 02:22:46] [direct I20_R20 seed0 gpu2] start
[2026-08-19 02:22:46] [direct I20_R20 seed2 gpu3] start
[2026-08-19 02:22:46] [direct I20_R20 seed3 gpu2] start
[2026-08-19 02:22:46] [direct I20_R60 seed0 gpu3] start
[2026-08-19 02:22:46] [direct I20_R20 seed4 gpu1] start
[2026-08-19 02:22:46] [direct I20_R60 seed1 gpu2] start
[2026-08-19 02:22:46] [direct I20_R60 seed2 gpu1] start
[2026-08-19 02:22:46] [direct I20_R60 seed3 gpu3] start
[2026-08-19 02:22:46] [direct I20_R60 seed4 gpu2] start
[2026-08-19 02:22:46] [direct I60_R5 seed0 gpu1] start
[2026-08-19 02:22:48] [direct I20_R60 seed2 gpu1] I20/R60 freq=quarter split_seed=0 train=31247 val=13393 test=44538 pixel_mean=25.699031 pixel_std=76.764657
[2026-08-19 02:22:48] [direct I20_R60 seed0 gpu3] I20/R60 freq=quarter split_seed=0 train=31247 val=13393 test=44538 pixel_mean=25.699031 pixel_std=76.764657
[2026-08-19 02:22:48] [direct I20_R60 seed4 gpu2] I20/R60 freq=quarter split_seed=0 train=31247 val=13393 test=44538 pixel_mean=25.699031 pixel_std=76.764657
[2026-08-19 02:22:48] [direct I5_R60 seed2 gpu1] I5/R60 freq=quarter split_seed=0 train=31335 val=13430 test=44539 pixel_mean=47.982940 pixel_std=99.665878
[2026-08-19 02:22:48] [direct I5_R60 seed3 gpu3] I5/R60 freq=quarter split_seed=0 train=31335 val=13430 test=44539 pixel_mean=47.982940 pixel_std=99.665878
[2026-08-19 02:22:48] [direct I5_R20 seed0 gpu2] I5/R20 freq=month split_seed=0 train=93506 val=40075 test=138289 pixel_mean=47.861166 pixel_std=99.568600
[2026-08-19 02:22:48] [direct I5_R20 seed4 gpu1] I5/R20 freq=month split_seed=0 train=93506 val=40075 test=138289 pixel_mean=47.861166 pixel_std=99.568600
[2026-08-19 02:22:48] [direct I5_R60 seed4 gpu2] I5/R60 freq=quarter split_seed=0 train=31335 val=13430 test=44539 pixel_mean=47.982940 pixel_std=99.665878
[2026-08-19 02:22:48] [direct I20_R60 seed1 gpu2] I20/R60 freq=quarter split_seed=0 train=31247 val=13393 test=44538 pixel_mean=25.699031 pixel_std=76.764657
[2026-08-19 02:22:48] [direct I5_R60 seed0 gpu3] I5/R60 freq=quarter split_seed=0 train=31335 val=13430 test=44539 pixel_mean=47.982940 pixel_std=99.665878
[2026-08-19 02:22:48] [direct I5_R20 seed3 gpu2] I5/R20 freq=month split_seed=0 train=93506 val=40075 test=138289 pixel_mean=47.861166 pixel_std=99.568600
[2026-08-19 02:22:48] [direct I20_R20 seed0 gpu2] I20/R20 freq=month split_seed=0 train=93226 val=39954 test=138287 pixel_mean=25.568594 pixel_std=76.591374
[2026-08-19 02:22:48] [direct I20_R60 seed3 gpu3] I20/R60 freq=quarter split_seed=0 train=31247 val=13393 test=44538 pixel_mean=25.699031 pixel_std=76.764657
[2026-08-19 02:22:48] [direct I5_R60 seed1 gpu2] I5/R60 freq=quarter split_seed=0 train=31335 val=13430 test=44539 pixel_mean=47.982940 pixel_std=99.665878
[2026-08-19 02:22:48] [direct I20_R20 seed2 gpu3] I20/R20 freq=month split_seed=0 train=93226 val=39954 test=138287 pixel_mean=25.568594 pixel_std=76.591374
[2026-08-19 02:22:48] [direct I20_R20 seed3 gpu2] I20/R20 freq=month split_seed=0 train=93226 val=39954 test=138287 pixel_mean=25.568594 pixel_std=76.591374
[2026-08-19 02:22:48] [direct I20_R20 seed4 gpu1] I20/R20 freq=month split_seed=0 train=93226 val=39954 test=138287 pixel_mean=25.568594 pixel_std=76.591374
[2026-08-19 02:22:49] [direct I5_R20 seed2 gpu3] I5/R20 freq=month split_seed=0 train=93506 val=40075 test=138289 pixel_mean=47.861166 pixel_std=99.568600
[2026-08-19 02:22:49] [direct I20_R20 seed1 gpu1] I20/R20 freq=month split_seed=0 train=93226 val=39954 test=138287 pixel_mean=25.568594 pixel_std=76.591374
[2026-08-19 02:22:49] [direct I5_R20 seed1 gpu1] I5/R20 freq=month split_seed=0 train=93506 val=40075 test=138289 pixel_mean=47.861166 pixel_std=99.568600
[2026-08-19 02:22:49] [direct I5_R5 seed1 gpu3] I5/R5 freq=week split_seed=0 train=397028 val=170155 test=594005 pixel_mean=47.932934 pixel_std=99.625961
[2026-08-19 02:22:49] [direct I5_R5 seed3 gpu1] I5/R5 freq=week split_seed=0 train=397028 val=170155 test=594005 pixel_mean=47.932934 pixel_std=99.625961
[2026-08-19 02:22:49] [direct I20_R5 seed2 gpu2] I20/R5 freq=week split_seed=0 train=395894 val=169669 test=593994 pixel_mean=25.553102 pixel_std=76.570751
[2026-08-19 02:22:49] [direct I5_R5 seed2 gpu2] I5/R5 freq=week split_seed=0 train=397028 val=170155 test=594005 pixel_mean=47.932934 pixel_std=99.625961
[2026-08-19 02:22:49] [direct I5_R5 seed0 gpu1] I5/R5 freq=week split_seed=0 train=397028 val=170155 test=594005 pixel_mean=47.932934 pixel_std=99.625961
[2026-08-19 02:22:49] [direct I20_R5 seed1 gpu3] I20/R5 freq=week split_seed=0 train=395894 val=169669 test=593994 pixel_mean=25.553102 pixel_std=76.570751
[2026-08-19 02:22:49] [direct I20_R5 seed0 gpu1] I20/R5 freq=week split_seed=0 train=395894 val=169669 test=593994 pixel_mean=25.553102 pixel_std=76.570751
[2026-08-19 02:22:49] [direct I20_R5 seed3 gpu1] I20/R5 freq=week split_seed=0 train=395894 val=169669 test=593994 pixel_mean=25.553102 pixel_std=76.570751
[2026-08-19 02:22:49] [direct I20_R5 seed4 gpu3] I20/R5 freq=week split_seed=0 train=395894 val=169669 test=593994 pixel_mean=25.553102 pixel_std=76.570751
[2026-08-19 02:22:49] [direct I60_R5 seed0 gpu1] I60/R5 freq=week split_seed=0 train=392760 val=168326 test=593690 pixel_mean=15.655615 pixel_std=61.213426
[2026-08-19 02:22:49] [direct I5_R5 seed4 gpu3] I5/R5 freq=week split_seed=0 train=397028 val=170155 test=594005 pixel_mean=47.932934 pixel_std=99.625961
[2026-08-19 02:22:51] [direct I20_R60 seed2 gpu1] I20_R60 seed2 direct predict n=44538 -> /data/kaibiao/data/projects/rpt-re/processed/cn/transfer_from_us/direct/I20_R60/seed2_pred.feather
[2026-08-19 02:22:51] [direct I20_R60 seed0 gpu3] I20_R60 seed0 direct predict n=44538 -> /data/kaibiao/data/projects/rpt-re/processed/cn/transfer_from_us/direct/I20_R60/seed0_pred.feather
[2026-08-19 02:22:51] [direct I20_R60 seed4 gpu2] I20_R60 seed4 direct predict n=44538 -> /data/kaibiao/data/projects/rpt-re/processed/cn/transfer_from_us/direct/I20_R60/seed4_pred.feather
[2026-08-19 02:22:52] [direct I20_R60 seed2 gpu1] done
[2026-08-19 02:22:52] [direct I60_R5 seed1 gpu3] start
[2026-08-19 02:22:52] [direct I20_R60 seed0 gpu3] done
[2026-08-19 02:22:52] [direct I60_R5 seed2 gpu2] start
[2026-08-19 02:22:52] [direct I20_R60 seed4 gpu2] done
[2026-08-19 02:22:52] [direct I60_R5 seed3 gpu1] start
[2026-08-19 02:22:54] [direct I5_R60 seed2 gpu1] I5_R60 seed2 direct predict n=44539 -> /data/kaibiao/data/projects/rpt-re/processed/cn/transfer_from_us/direct/I5_R60/seed2_pred.feather
[2026-08-19 02:22:54] [direct I5_R60 seed0 gpu3] I5_R60 seed0 direct predict n=44539 -> /data/kaibiao/data/projects/rpt-re/processed/cn/transfer_from_us/direct/I5_R60/seed0_pred.feather
[2026-08-19 02:22:54] [direct I5_R60 seed3 gpu3] I5_R60 seed3 direct predict n=44539 -> /data/kaibiao/data/projects/rpt-re/processed/cn/transfer_from_us/direct/I5_R60/seed3_pred.feather
[2026-08-19 02:22:54] [direct I5_R60 seed1 gpu2] I5_R60 seed1 direct predict n=44539 -> /data/kaibiao/data/projects/rpt-re/processed/cn/transfer_from_us/direct/I5_R60/seed1_pred.feather
[2026-08-19 02:22:54] [direct I5_R60 seed4 gpu2] I5_R60 seed4 direct predict n=44539 -> /data/kaibiao/data/projects/rpt-re/processed/cn/transfer_from_us/direct/I5_R60/seed4_pred.feather
[2026-08-19 02:22:54] [direct I5_R60 seed3 gpu3] done
[2026-08-19 02:22:54] [direct I60_R5 seed4 gpu3] start
[2026-08-19 02:22:55] [direct I5_R60 seed2 gpu1] done
[2026-08-19 02:22:55] [direct I60_R20 seed0 gpu2] start
[2026-08-19 02:22:55] [direct I5_R60 seed0 gpu3] done
[2026-08-19 02:22:55] [direct I60_R20 seed1 gpu3] start
[2026-08-19 02:22:55] [direct I5_R60 seed1 gpu2] done
[2026-08-19 02:22:55] [direct I5_R60 seed4 gpu2] done
[2026-08-19 02:22:55] [direct I60_R20 seed3 gpu2] start
[2026-08-19 02:22:56] [direct I60_R5 seed2 gpu2] I60/R5 freq=week split_seed=0 train=392760 val=168326 test=593690 pixel_mean=15.655615 pixel_std=61.213426
[2026-08-19 02:22:56] [direct I60_R5 seed1 gpu3] I60/R5 freq=week split_seed=0 train=392760 val=168326 test=593690 pixel_mean=15.655615 pixel_std=61.213426
[2026-08-19 02:22:56] [direct I60_R5 seed3 gpu1] I60/R5 freq=week split_seed=0 train=392760 val=168326 test=593690 pixel_mean=15.655615 pixel_std=61.213426
[2026-08-19 02:22:57] [direct I5_R20 seed3 gpu2] I5_R20 seed3 direct predict n=138289 -> /data/kaibiao/data/projects/rpt-re/processed/cn/transfer_from_us/direct/I5_R20/seed3_pred.feather
[2026-08-19 02:22:57] [direct I5_R20 seed4 gpu1] I5_R20 seed4 direct predict n=138289 -> /data/kaibiao/data/projects/rpt-re/processed/cn/transfer_from_us/direct/I5_R20/seed4_pred.feather
[2026-08-19 02:22:57] [direct I5_R20 seed0 gpu2] I5_R20 seed0 direct predict n=138289 -> /data/kaibiao/data/projects/rpt-re/processed/cn/transfer_from_us/direct/I5_R20/seed0_pred.feather
[2026-08-19 02:22:57] [direct I5_R20 seed2 gpu3] I5_R20 seed2 direct predict n=138289 -> /data/kaibiao/data/projects/rpt-re/processed/cn/transfer_from_us/direct/I5_R20/seed2_pred.feather
[2026-08-19 02:22:57] [direct I5_R20 seed3 gpu2] done
[2026-08-19 02:22:57] [direct I5_R20 seed1 gpu1] I5_R20 seed1 direct predict n=138289 -> /data/kaibiao/data/projects/rpt-re/processed/cn/transfer_from_us/direct/I5_R20/seed1_pred.feather
[2026-08-19 02:22:58] [direct I5_R20 seed4 gpu1] done
[2026-08-19 02:22:58] [direct I60_R60 seed0 gpu1] start
[2026-08-19 02:22:58] [direct I60_R20 seed1 gpu3] I60/R20 freq=month split_seed=0 train=92514 val=39649 test=138165 pixel_mean=15.644799 pixel_std=61.193660
[2026-08-19 02:22:58] [direct I5_R20 seed0 gpu2] done
[2026-08-19 02:22:58] [direct I60_R20 seed0 gpu2] I60/R20 freq=month split_seed=0 train=92514 val=39649 test=138165 pixel_mean=15.644799 pixel_std=61.193660
[2026-08-19 02:22:58] [direct I5_R20 seed2 gpu3] done
[2026-08-19 02:22:58] [direct I20_R60 seed3 gpu3] I20_R60 seed3 direct predict n=44538 -> /data/kaibiao/data/projects/rpt-re/processed/cn/transfer_from_us/direct/I20_R60/seed3_pred.feather
[2026-08-19 02:22:58] [direct I20_R60 seed1 gpu2] I20_R60 seed1 direct predict n=44538 -> /data/kaibiao/data/projects/rpt-re/processed/cn/transfer_from_us/direct/I20_R60/seed1_pred.feather
[2026-08-19 02:22:58] [direct I5_R20 seed1 gpu1] done
[2026-08-19 02:22:58] [direct I60_R20 seed3 gpu2] I60/R20 freq=month split_seed=0 train=92514 val=39649 test=138165 pixel_mean=15.644799 pixel_std=61.193660
[2026-08-19 02:22:59] [direct I60_R5 seed4 gpu3] I60/R5 freq=week split_seed=0 train=392760 val=168326 test=593690 pixel_mean=15.655615 pixel_std=61.213426
[2026-08-19 02:22:59] [direct I20_R60 seed3 gpu3] done
[2026-08-19 02:22:59] [direct I20_R60 seed1 gpu2] done
[2026-08-19 02:22:59] [direct I60_R60 seed4 gpu2] start
[2026-08-19 02:23:00] [direct I60_R60 seed0 gpu1] I60/R60 freq=quarter split_seed=0 train=30981 val=13279 test=44421 pixel_mean=15.668882 pixel_std=61.237660
[2026-08-19 02:23:01] [direct I60_R60 seed4 gpu2] I60/R60 freq=quarter split_seed=0 train=30981 val=13279 test=44421 pixel_mean=15.668882 pixel_std=61.237660
[2026-08-19 02:23:09] [direct I5_R5 seed2 gpu2] I5_R5 seed2 direct predict n=594005 -> /data/kaibiao/data/projects/rpt-re/processed/cn/transfer_from_us/direct/I5_R5/seed2_pred.feather
[2026-08-19 02:23:10] [direct I20_R20 seed0 gpu2] I20_R20 seed0 direct predict n=138287 -> /data/kaibiao/data/projects/rpt-re/processed/cn/transfer_from_us/direct/I20_R20/seed0_pred.feather
[2026-08-19 02:23:10] [direct I20_R20 seed3 gpu2] I20_R20 seed3 direct predict n=138287 -> /data/kaibiao/data/projects/rpt-re/processed/cn/transfer_from_us/direct/I20_R20/seed3_pred.feather
[2026-08-19 02:23:10] [direct I5_R5 seed2 gpu2] done
[2026-08-19 02:23:10] [direct I20_R20 seed2 gpu3] I20_R20 seed2 direct predict n=138287 -> /data/kaibiao/data/projects/rpt-re/processed/cn/transfer_from_us/direct/I20_R20/seed2_pred.feather
[2026-08-19 02:23:10] [direct I20_R20 seed0 gpu2] done
[2026-08-19 02:23:10] [direct I5_R5 seed4 gpu3] I5_R5 seed4 direct predict n=594005 -> /data/kaibiao/data/projects/rpt-re/processed/cn/transfer_from_us/direct/I5_R5/seed4_pred.feather
[2026-08-19 02:23:10] [direct I20_R20 seed3 gpu2] done
[2026-08-19 02:23:10] [direct I60_R60 seed1 gpu2] start
[2026-08-19 02:23:11] [direct I5_R5 seed1 gpu3] I5_R5 seed1 direct predict n=594005 -> /data/kaibiao/data/projects/rpt-re/processed/cn/transfer_from_us/direct/I5_R5/seed1_pred.feather
[2026-08-19 02:23:11] [direct I20_R20 seed2 gpu3] done
[2026-08-19 02:23:11] [direct I60_R20 seed2 gpu3] start
[2026-08-19 02:23:11] [direct I5_R5 seed4 gpu3] done
[2026-08-19 02:23:11] [direct I5_R5 seed1 gpu3] done
[2026-08-19 02:23:13] [direct I20_R20 seed1 gpu1] I20_R20 seed1 direct predict n=138287 -> /data/kaibiao/data/projects/rpt-re/processed/cn/transfer_from_us/direct/I20_R20/seed1_pred.feather
[2026-08-19 02:23:13] [direct I20_R20 seed4 gpu1] I20_R20 seed4 direct predict n=138287 -> /data/kaibiao/data/projects/rpt-re/processed/cn/transfer_from_us/direct/I20_R20/seed4_pred.feather
[2026-08-19 02:23:13] [direct I60_R60 seed1 gpu2] I60/R60 freq=quarter split_seed=0 train=30981 val=13279 test=44421 pixel_mean=15.668882 pixel_std=61.237660
[2026-08-19 02:23:13] [direct I5_R5 seed3 gpu1] I5_R5 seed3 direct predict n=594005 -> /data/kaibiao/data/projects/rpt-re/processed/cn/transfer_from_us/direct/I5_R5/seed3_pred.feather
[2026-08-19 02:23:14] [direct I60_R20 seed2 gpu3] I60/R20 freq=month split_seed=0 train=92514 val=39649 test=138165 pixel_mean=15.644799 pixel_std=61.193660
[2026-08-19 02:23:14] [direct I5_R5 seed0 gpu1] I5_R5 seed0 direct predict n=594005 -> /data/kaibiao/data/projects/rpt-re/processed/cn/transfer_from_us/direct/I5_R5/seed0_pred.feather
[2026-08-19 02:23:14] [direct I20_R20 seed1 gpu1] done
[2026-08-19 02:23:14] [direct I20_R20 seed4 gpu1] done
[2026-08-19 02:23:14] [direct I60_R60 seed3 gpu1] start
[2026-08-19 02:23:14] [direct I5_R5 seed3 gpu1] done
[2026-08-19 02:23:14] [direct I5_R5 seed0 gpu1] done
[2026-08-19 02:23:16] [direct I60_R60 seed3 gpu1] I60/R60 freq=quarter split_seed=0 train=30981 val=13279 test=44421 pixel_mean=15.668882 pixel_std=61.237660
[2026-08-19 02:23:39] [direct I60_R60 seed4 gpu2] I60_R60 seed4 direct predict n=44421 -> /data/kaibiao/data/projects/rpt-re/processed/cn/transfer_from_us/direct/I60_R60/seed4_pred.feather
[2026-08-19 02:23:39] [direct I60_R60 seed0 gpu1] I60_R60 seed0 direct predict n=44421 -> /data/kaibiao/data/projects/rpt-re/processed/cn/transfer_from_us/direct/I60_R60/seed0_pred.feather
[2026-08-19 02:23:39] [direct I60_R60 seed4 gpu2] done
[2026-08-19 02:23:39] [direct I60_R60 seed2 gpu2] start
[2026-08-19 02:23:40] [direct I60_R60 seed0 gpu1] done
[2026-08-19 02:23:40] [direct I60_R20 seed4 gpu1] start
[2026-08-19 02:23:41] [direct I60_R60 seed2 gpu2] I60/R60 freq=quarter split_seed=0 train=30981 val=13279 test=44421 pixel_mean=15.668882 pixel_std=61.237660
[2026-08-19 02:23:43] [direct I60_R20 seed4 gpu1] I60/R20 freq=month split_seed=0 train=92514 val=39649 test=138165 pixel_mean=15.644799 pixel_std=61.193660
[2026-08-19 02:23:48] [direct I60_R60 seed1 gpu2] I60_R60 seed1 direct predict n=44421 -> /data/kaibiao/data/projects/rpt-re/processed/cn/transfer_from_us/direct/I60_R60/seed1_pred.feather
[2026-08-19 02:23:49] [direct I60_R60 seed1 gpu2] done
[2026-08-19 02:23:52] [direct I20_R5 seed2 gpu2] I20_R5 seed2 direct predict n=593994 -> /data/kaibiao/data/projects/rpt-re/processed/cn/transfer_from_us/direct/I20_R5/seed2_pred.feather
[2026-08-19 02:23:52] [direct I60_R60 seed3 gpu1] I60_R60 seed3 direct predict n=44421 -> /data/kaibiao/data/projects/rpt-re/processed/cn/transfer_from_us/direct/I60_R60/seed3_pred.feather
[2026-08-19 02:23:52] [direct I20_R5 seed1 gpu3] I20_R5 seed1 direct predict n=593994 -> /data/kaibiao/data/projects/rpt-re/processed/cn/transfer_from_us/direct/I20_R5/seed1_pred.feather
[2026-08-19 02:23:52] [direct I20_R5 seed2 gpu2] done
[2026-08-19 02:23:53] [direct I20_R5 seed1 gpu3] done
[2026-08-19 02:23:53] [direct I60_R60 seed3 gpu1] done
[2026-08-19 02:23:53] [direct I20_R5 seed4 gpu3] I20_R5 seed4 direct predict n=593994 -> /data/kaibiao/data/projects/rpt-re/processed/cn/transfer_from_us/direct/I20_R5/seed4_pred.feather
[2026-08-19 02:23:54] [direct I20_R5 seed4 gpu3] done
[2026-08-19 02:23:55] [direct I20_R5 seed0 gpu1] I20_R5 seed0 direct predict n=593994 -> /data/kaibiao/data/projects/rpt-re/processed/cn/transfer_from_us/direct/I20_R5/seed0_pred.feather
[2026-08-19 02:23:56] [direct I20_R5 seed3 gpu1] I20_R5 seed3 direct predict n=593994 -> /data/kaibiao/data/projects/rpt-re/processed/cn/transfer_from_us/direct/I20_R5/seed3_pred.feather
[2026-08-19 02:23:56] [direct I20_R5 seed0 gpu1] done
[2026-08-19 02:23:57] [direct I20_R5 seed3 gpu1] done
[2026-08-19 02:24:09] [direct I60_R60 seed2 gpu2] I60_R60 seed2 direct predict n=44421 -> /data/kaibiao/data/projects/rpt-re/processed/cn/transfer_from_us/direct/I60_R60/seed2_pred.feather
[2026-08-19 02:24:10] [direct I60_R60 seed2 gpu2] done
[2026-08-19 02:24:26] [direct I60_R20 seed0 gpu2] I60_R20 seed0 direct predict n=138165 -> /data/kaibiao/data/projects/rpt-re/processed/cn/transfer_from_us/direct/I60_R20/seed0_pred.feather
[2026-08-19 02:24:26] [direct I60_R20 seed3 gpu2] I60_R20 seed3 direct predict n=138165 -> /data/kaibiao/data/projects/rpt-re/processed/cn/transfer_from_us/direct/I60_R20/seed3_pred.feather
[2026-08-19 02:24:26] [direct I60_R20 seed0 gpu2] done
[2026-08-19 02:24:26] [direct I60_R20 seed3 gpu2] done
[2026-08-19 02:24:30] [direct I60_R20 seed1 gpu3] I60_R20 seed1 direct predict n=138165 -> /data/kaibiao/data/projects/rpt-re/processed/cn/transfer_from_us/direct/I60_R20/seed1_pred.feather
[2026-08-19 02:24:30] [direct I60_R20 seed1 gpu3] done
[2026-08-19 02:24:38] [direct I60_R20 seed2 gpu3] I60_R20 seed2 direct predict n=138165 -> /data/kaibiao/data/projects/rpt-re/processed/cn/transfer_from_us/direct/I60_R20/seed2_pred.feather
[2026-08-19 02:24:39] [direct I60_R20 seed2 gpu3] done
[2026-08-19 02:24:44] [direct I60_R20 seed4 gpu1] I60_R20 seed4 direct predict n=138165 -> /data/kaibiao/data/projects/rpt-re/processed/cn/transfer_from_us/direct/I60_R20/seed4_pred.feather
[2026-08-19 02:24:44] [direct I60_R20 seed4 gpu1] done
[2026-08-19 02:25:59] [direct I60_R5 seed2 gpu2] I60_R5 seed2 direct predict n=593690 -> /data/kaibiao/data/projects/rpt-re/processed/cn/transfer_from_us/direct/I60_R5/seed2_pred.feather
[2026-08-19 02:25:59] [direct I60_R5 seed2 gpu2] done
[2026-08-19 02:26:32] [direct I60_R5 seed1 gpu3] I60_R5 seed1 direct predict n=593690 -> /data/kaibiao/data/projects/rpt-re/processed/cn/transfer_from_us/direct/I60_R5/seed1_pred.feather
[2026-08-19 02:26:33] [direct I60_R5 seed4 gpu3] I60_R5 seed4 direct predict n=593690 -> /data/kaibiao/data/projects/rpt-re/processed/cn/transfer_from_us/direct/I60_R5/seed4_pred.feather
[2026-08-19 02:26:33] [direct I60_R5 seed1 gpu3] done
[2026-08-19 02:26:33] [direct I60_R5 seed4 gpu3] done
[2026-08-19 02:26:53] [direct I60_R5 seed0 gpu1] I60_R5 seed0 direct predict n=593690 -> /data/kaibiao/data/projects/rpt-re/processed/cn/transfer_from_us/direct/I60_R5/seed0_pred.feather
[2026-08-19 02:26:54] [direct I60_R5 seed3 gpu1] I60_R5 seed3 direct predict n=593690 -> /data/kaibiao/data/projects/rpt-re/processed/cn/transfer_from_us/direct/I60_R5/seed3_pred.feather
[2026-08-19 02:26:54] [direct I60_R5 seed0 gpu1] done
[2026-08-19 02:26:54] [direct I60_R5 seed3 gpu1] done
[2026-08-19 02:26:55] ensemble n=594005 -> /data/kaibiao/data/projects/rpt-re/processed/cn/transfer_from_us/direct/I5_R5/ensemble_pred.feather
[2026-08-19 02:26:56] ensemble n=138289 -> /data/kaibiao/data/projects/rpt-re/processed/cn/transfer_from_us/direct/I5_R20/ensemble_pred.feather
[2026-08-19 02:26:56] ensemble n=44539 -> /data/kaibiao/data/projects/rpt-re/processed/cn/transfer_from_us/direct/I5_R60/ensemble_pred.feather
[2026-08-19 02:26:57] ensemble n=593994 -> /data/kaibiao/data/projects/rpt-re/processed/cn/transfer_from_us/direct/I20_R5/ensemble_pred.feather
[2026-08-19 02:26:57] ensemble n=138287 -> /data/kaibiao/data/projects/rpt-re/processed/cn/transfer_from_us/direct/I20_R20/ensemble_pred.feather
[2026-08-19 02:26:57] ensemble n=44538 -> /data/kaibiao/data/projects/rpt-re/processed/cn/transfer_from_us/direct/I20_R60/ensemble_pred.feather
[2026-08-19 02:26:58] ensemble n=593690 -> /data/kaibiao/data/projects/rpt-re/processed/cn/transfer_from_us/direct/I60_R5/ensemble_pred.feather
[2026-08-19 02:26:58] ensemble n=138165 -> /data/kaibiao/data/projects/rpt-re/processed/cn/transfer_from_us/direct/I60_R20/ensemble_pred.feather
[2026-08-19 02:26:58] ensemble n=44421 -> /data/kaibiao/data/projects/rpt-re/processed/cn/transfer_from_us/direct/I60_R60/ensemble_pred.feather
[2026-08-19 02:26:58] finetune pending jobs=45 configs=[(5, 5), (5, 20), (5, 60), (20, 5), (20, 20), (20, 60), (60, 5), (60, 20), (60, 60)] seeds=[0, 1, 2, 3, 4]
[2026-08-19 02:26:59] nvidia-smi=[(0, 8332, 100), (1, 48496, 0), (2, 48464, 0), (3, 48493, 0)]
[2026-08-19 02:26:59] parallel jobs=45 n_conc=31 ram_diag={'source': 'memory_budget', 'avail_gib': 328.6, 'total_gib': 377.5, 'reserve_gib': 16.0, 'budget_gib': 312.6, 'mem_per_worker_gib': 10.0, 'mem_cap': 31, 'cpu_cap': 112, 'swap_percent': 99.8, 'n_tasks': 45, 'resolved_workers': 31}
[2026-08-19 02:26:59] [finetune I5_R5 seed0 gpu1] start
[2026-08-19 02:26:59] [finetune I5_R5 seed1 gpu3] start
[2026-08-19 02:26:59] [finetune I5_R5 seed2 gpu2] start
[2026-08-19 02:26:59] [finetune I5_R5 seed3 gpu1] start
[2026-08-19 02:26:59] [finetune I5_R5 seed4 gpu3] start
[2026-08-19 02:26:59] [finetune I5_R20 seed0 gpu2] start
[2026-08-19 02:26:59] [finetune I5_R20 seed1 gpu1] start
[2026-08-19 02:26:59] [finetune I5_R20 seed2 gpu3] start
[2026-08-19 02:26:59] [finetune I5_R60 seed0 gpu3] start
[2026-08-19 02:26:59] [finetune I5_R20 seed4 gpu1] start
[2026-08-19 02:26:59] [finetune I5_R20 seed3 gpu2] start[finetune I5_R60 seed1 gpu2] start
[2026-08-19 02:26:59] 
[2026-08-19 02:26:59] [finetune I5_R60 seed2 gpu1] start
[2026-08-19 02:26:59] [finetune I5_R60 seed3 gpu3] start
[2026-08-19 02:26:59] [finetune I5_R60 seed4 gpu2] start
[2026-08-19 02:26:59] [finetune I20_R5 seed1 gpu3] start
[2026-08-19 02:26:59] [finetune I20_R5 seed2 gpu2] start
[2026-08-19 02:26:59] [finetune I20_R5 seed0 gpu1] start
[2026-08-19 02:26:59] [finetune I20_R5 seed3 gpu1] start
[2026-08-19 02:26:59] [finetune I20_R5 seed4 gpu3] start
[2026-08-19 02:26:59] [finetune I20_R20 seed2 gpu3] start
[2026-08-19 02:26:59] [finetune I20_R20 seed1 gpu1] start
[2026-08-19 02:26:59] [finetune I20_R20 seed0 gpu2] start
[2026-08-19 02:26:59] [finetune I20_R20 seed3 gpu2] start
[2026-08-19 02:26:59] [finetune I20_R20 seed4 gpu1] start
[2026-08-19 02:26:59] [finetune I20_R60 seed0 gpu3] start
[2026-08-19 02:26:59] [finetune I20_R60 seed1 gpu2] start
[2026-08-19 02:26:59] [finetune I20_R60 seed3 gpu3] start
[2026-08-19 02:26:59] [finetune I20_R60 seed2 gpu1] start
[2026-08-19 02:26:59] [finetune I20_R60 seed4 gpu2] start
[2026-08-19 02:26:59] [finetune I60_R5 seed0 gpu1] start
[2026-08-19 02:27:01] [finetune I20_R60 seed1 gpu2] I20/R60 freq=quarter split_seed=0 train=31247 val=13393 test=44538 pixel_mean=25.699031 pixel_std=76.764657
[2026-08-19 02:27:01] [finetune I20_R60 seed1 gpu2] I20_R60 finetune seed=1
[2026-08-19 02:27:01] [finetune I20_R60 seed1 gpu2] init full weights from /data/kaibiao/data/projects/rpt-re/processed/us/models/I20_R60/seed1/best.pt
[2026-08-19 02:27:01] [finetune I5_R60 seed3 gpu3] I5/R60 freq=quarter split_seed=0 train=31335 val=13430 test=44539 pixel_mean=47.982940 pixel_std=99.665878
[2026-08-19 02:27:01] [finetune I5_R60 seed3 gpu3] I5_R60 finetune seed=3
[2026-08-19 02:27:01] [finetune I5_R60 seed3 gpu3] init full weights from /data/kaibiao/data/projects/rpt-re/processed/us/models/I5_R60/seed3/best.pt
[2026-08-19 02:27:01] [finetune I5_R60 seed0 gpu3] I5/R60 freq=quarter split_seed=0 train=31335 val=13430 test=44539 pixel_mean=47.982940 pixel_std=99.665878
[2026-08-19 02:27:01] [finetune I5_R60 seed0 gpu3] I5_R60 finetune seed=0
[2026-08-19 02:27:01] [finetune I5_R60 seed0 gpu3] init full weights from /data/kaibiao/data/projects/rpt-re/processed/us/models/I5_R60/seed0/best.pt
[2026-08-19 02:27:01] [finetune I5_R60 seed2 gpu1] I5/R60 freq=quarter split_seed=0 train=31335 val=13430 test=44539 pixel_mean=47.982940 pixel_std=99.665878
[2026-08-19 02:27:01] [finetune I5_R60 seed2 gpu1] I5_R60 finetune seed=2
[2026-08-19 02:27:01] [finetune I5_R60 seed2 gpu1] init full weights from /data/kaibiao/data/projects/rpt-re/processed/us/models/I5_R60/seed2/best.pt
[2026-08-19 02:27:01] [finetune I20_R60 seed2 gpu1] I20/R60 freq=quarter split_seed=0 train=31247 val=13393 test=44538 pixel_mean=25.699031 pixel_std=76.764657
[2026-08-19 02:27:01] [finetune I20_R60 seed2 gpu1] I20_R60 finetune seed=2
[2026-08-19 02:27:01] [finetune I20_R60 seed2 gpu1] init full weights from /data/kaibiao/data/projects/rpt-re/processed/us/models/I20_R60/seed2/best.pt
[2026-08-19 02:27:01] [finetune I5_R60 seed4 gpu2] I5/R60 freq=quarter split_seed=0 train=31335 val=13430 test=44539 pixel_mean=47.982940 pixel_std=99.665878
[2026-08-19 02:27:01] [finetune I5_R60 seed4 gpu2] I5_R60 finetune seed=4
[2026-08-19 02:27:01] [finetune I5_R60 seed4 gpu2] init full weights from /data/kaibiao/data/projects/rpt-re/processed/us/models/I5_R60/seed4/best.pt
[2026-08-19 02:27:01] [finetune I5_R20 seed1 gpu1] I5/R20 freq=month split_seed=0 train=93506 val=40075 test=138289 pixel_mean=47.861166 pixel_std=99.568600
[2026-08-19 02:27:01] [finetune I5_R20 seed1 gpu1] I5_R20 finetune seed=1
[2026-08-19 02:27:01] [finetune I5_R20 seed1 gpu1] init full weights from /data/kaibiao/data/projects/rpt-re/processed/us/models/I5_R20/seed1/best.pt
[2026-08-19 02:27:01] [finetune I20_R20 seed3 gpu2] I20/R20 freq=month split_seed=0 train=93226 val=39954 test=138287 pixel_mean=25.568594 pixel_std=76.591374
[2026-08-19 02:27:01] [finetune I20_R20 seed3 gpu2] I20_R20 finetune seed=3
[2026-08-19 02:27:01] [finetune I20_R20 seed3 gpu2] init full weights from /data/kaibiao/data/projects/rpt-re/processed/us/models/I20_R20/seed3/best.pt
[2026-08-19 02:27:01] [finetune I5_R20 seed3 gpu2] I5/R20 freq=month split_seed=0 train=93506 val=40075 test=138289 pixel_mean=47.861166 pixel_std=99.568600
[2026-08-19 02:27:01] [finetune I5_R20 seed3 gpu2] I5_R20 finetune seed=3
[2026-08-19 02:27:01] [finetune I5_R20 seed3 gpu2] init full weights from /data/kaibiao/data/projects/rpt-re/processed/us/models/I5_R20/seed3/best.pt
[2026-08-19 02:27:01] [finetune I20_R20 seed2 gpu3] I20/R20 freq=month split_seed=0 train=93226 val=39954 test=138287 pixel_mean=25.568594 pixel_std=76.591374
[2026-08-19 02:27:01] [finetune I20_R20 seed2 gpu3] I20_R20 finetune seed=2
[2026-08-19 02:27:01] [finetune I20_R20 seed2 gpu3] init full weights from /data/kaibiao/data/projects/rpt-re/processed/us/models/I20_R20/seed2/best.pt
[2026-08-19 02:27:01] [finetune I20_R60 seed3 gpu3] I20/R60 freq=quarter split_seed=0 train=31247 val=13393 test=44538 pixel_mean=25.699031 pixel_std=76.764657
[2026-08-19 02:27:01] [finetune I20_R60 seed3 gpu3] I20_R60 finetune seed=3
[2026-08-19 02:27:01] [finetune I20_R60 seed3 gpu3] init full weights from /data/kaibiao/data/projects/rpt-re/processed/us/models/I20_R60/seed3/best.pt
[2026-08-19 02:27:01] [finetune I5_R60 seed1 gpu2] I5/R60 freq=quarter split_seed=0 train=31335 val=13430 test=44539 pixel_mean=47.982940 pixel_std=99.665878
[2026-08-19 02:27:01] [finetune I5_R60 seed1 gpu2] I5_R60 finetune seed=1
[2026-08-19 02:27:01] [finetune I5_R60 seed1 gpu2] init full weights from /data/kaibiao/data/projects/rpt-re/processed/us/models/I5_R60/seed1/best.pt
[2026-08-19 02:27:01] [finetune I20_R60 seed4 gpu2] I20/R60 freq=quarter split_seed=0 train=31247 val=13393 test=44538 pixel_mean=25.699031 pixel_std=76.764657
[2026-08-19 02:27:01] [finetune I20_R60 seed4 gpu2] I20_R60 finetune seed=4
[2026-08-19 02:27:01] [finetune I20_R60 seed4 gpu2] init full weights from /data/kaibiao/data/projects/rpt-re/processed/us/models/I20_R60/seed4/best.pt
[2026-08-19 02:27:01] [finetune I20_R60 seed0 gpu3] I20/R60 freq=quarter split_seed=0 train=31247 val=13393 test=44538 pixel_mean=25.699031 pixel_std=76.764657
[2026-08-19 02:27:01] [finetune I20_R60 seed0 gpu3] I20_R60 finetune seed=0
[2026-08-19 02:27:01] [finetune I20_R60 seed0 gpu3] init full weights from /data/kaibiao/data/projects/rpt-re/processed/us/models/I20_R60/seed0/best.pt
[2026-08-19 02:27:01] [finetune I20_R20 seed0 gpu2] I20/R20 freq=month split_seed=0 train=93226 val=39954 test=138287 pixel_mean=25.568594 pixel_std=76.591374
[2026-08-19 02:27:01] [finetune I20_R20 seed0 gpu2] I20_R20 finetune seed=0
[2026-08-19 02:27:01] [finetune I20_R20 seed0 gpu2] init full weights from /data/kaibiao/data/projects/rpt-re/processed/us/models/I20_R20/seed0/best.pt
[2026-08-19 02:27:01] [finetune I5_R20 seed2 gpu3] I5/R20 freq=month split_seed=0 train=93506 val=40075 test=138289 pixel_mean=47.861166 pixel_std=99.568600
[2026-08-19 02:27:01] [finetune I5_R20 seed2 gpu3] I5_R20 finetune seed=2
[2026-08-19 02:27:01] [finetune I5_R20 seed2 gpu3] init full weights from /data/kaibiao/data/projects/rpt-re/processed/us/models/I5_R20/seed2/best.pt
[2026-08-19 02:27:01] [finetune I20_R20 seed1 gpu1] I20/R20 freq=month split_seed=0 train=93226 val=39954 test=138287 pixel_mean=25.568594 pixel_std=76.591374
[2026-08-19 02:27:01] [finetune I20_R20 seed1 gpu1] I20_R20 finetune seed=1
[2026-08-19 02:27:01] [finetune I20_R20 seed1 gpu1] init full weights from /data/kaibiao/data/projects/rpt-re/processed/us/models/I20_R20/seed1/best.pt
[2026-08-19 02:27:01] [finetune I20_R20 seed4 gpu1] I20/R20 freq=month split_seed=0 train=93226 val=39954 test=138287 pixel_mean=25.568594 pixel_std=76.591374
[2026-08-19 02:27:01] [finetune I20_R20 seed4 gpu1] I20_R20 finetune seed=4
[2026-08-19 02:27:01] [finetune I20_R20 seed4 gpu1] init full weights from /data/kaibiao/data/projects/rpt-re/processed/us/models/I20_R20/seed4/best.pt
[2026-08-19 02:27:01] [finetune I5_R20 seed0 gpu2] I5/R20 freq=month split_seed=0 train=93506 val=40075 test=138289 pixel_mean=47.861166 pixel_std=99.568600
[2026-08-19 02:27:01] [finetune I5_R20 seed0 gpu2] I5_R20 finetune seed=0
[2026-08-19 02:27:01] [finetune I5_R20 seed0 gpu2] init full weights from /data/kaibiao/data/projects/rpt-re/processed/us/models/I5_R20/seed0/best.pt
[2026-08-19 02:27:01] [finetune I5_R20 seed4 gpu1] I5/R20 freq=month split_seed=0 train=93506 val=40075 test=138289 pixel_mean=47.861166 pixel_std=99.568600
[2026-08-19 02:27:02] [finetune I5_R20 seed4 gpu1] I5_R20 finetune seed=4
[2026-08-19 02:27:02] [finetune I5_R20 seed4 gpu1] init full weights from /data/kaibiao/data/projects/rpt-re/processed/us/models/I5_R20/seed4/best.pt
[2026-08-19 02:27:02] [finetune I20_R5 seed1 gpu3] I20/R5 freq=week split_seed=0 train=395894 val=169669 test=593994 pixel_mean=25.553102 pixel_std=76.570751
[2026-08-19 02:27:02] [finetune I20_R5 seed1 gpu3] I20_R5 finetune seed=1
[2026-08-19 02:27:02] [finetune I20_R5 seed1 gpu3] init full weights from /data/kaibiao/data/projects/rpt-re/processed/us/models/I20_R5/seed1/best.pt
[2026-08-19 02:27:02] [finetune I5_R5 seed2 gpu2] I5/R5 freq=week split_seed=0 train=397028 val=170155 test=594005 pixel_mean=47.932934 pixel_std=99.625961
[2026-08-19 02:27:02] [finetune I5_R5 seed3 gpu1] I5/R5 freq=week split_seed=0 train=397028 val=170155 test=594005 pixel_mean=47.932934 pixel_std=99.625961
[2026-08-19 02:27:02] [finetune I5_R5 seed2 gpu2] I5_R5 finetune seed=2
[2026-08-19 02:27:02] [finetune I5_R5 seed2 gpu2] init full weights from /data/kaibiao/data/projects/rpt-re/processed/us/models/I5_R5/seed2/best.pt
[2026-08-19 02:27:02] [finetune I5_R5 seed3 gpu1] I5_R5 finetune seed=3
[2026-08-19 02:27:02] [finetune I5_R5 seed3 gpu1] init full weights from /data/kaibiao/data/projects/rpt-re/processed/us/models/I5_R5/seed3/best.pt
[2026-08-19 02:27:02] [finetune I5_R5 seed4 gpu3] I5/R5 freq=week split_seed=0 train=397028 val=170155 test=594005 pixel_mean=47.932934 pixel_std=99.625961
[2026-08-19 02:27:02] [finetune I5_R5 seed1 gpu3] I5/R5 freq=week split_seed=0 train=397028 val=170155 test=594005 pixel_mean=47.932934 pixel_std=99.625961
[2026-08-19 02:27:02] [finetune I5_R5 seed4 gpu3] I5_R5 finetune seed=4
[2026-08-19 02:27:02] [finetune I5_R5 seed4 gpu3] init full weights from /data/kaibiao/data/projects/rpt-re/processed/us/models/I5_R5/seed4/best.pt
[2026-08-19 02:27:02] [finetune I5_R5 seed1 gpu3] I5_R5 finetune seed=1
[2026-08-19 02:27:02] [finetune I5_R5 seed1 gpu3] init full weights from /data/kaibiao/data/projects/rpt-re/processed/us/models/I5_R5/seed1/best.pt
[2026-08-19 02:27:02] [finetune I20_R5 seed4 gpu3] I20/R5 freq=week split_seed=0 train=395894 val=169669 test=593994 pixel_mean=25.553102 pixel_std=76.570751
[2026-08-19 02:27:02] [finetune I5_R5 seed0 gpu1] I5/R5 freq=week split_seed=0 train=397028 val=170155 test=594005 pixel_mean=47.932934 pixel_std=99.625961
[2026-08-19 02:27:02] [finetune I20_R5 seed2 gpu2] I20/R5 freq=week split_seed=0 train=395894 val=169669 test=593994 pixel_mean=25.553102 pixel_std=76.570751
[2026-08-19 02:27:02] [finetune I20_R5 seed4 gpu3] I20_R5 finetune seed=4
[2026-08-19 02:27:02] [finetune I20_R5 seed4 gpu3] init full weights from /data/kaibiao/data/projects/rpt-re/processed/us/models/I20_R5/seed4/best.pt
[2026-08-19 02:27:02] [finetune I5_R5 seed0 gpu1] I5_R5 finetune seed=0
[2026-08-19 02:27:02] [finetune I5_R5 seed0 gpu1] init full weights from /data/kaibiao/data/projects/rpt-re/processed/us/models/I5_R5/seed0/best.pt
[2026-08-19 02:27:02] [finetune I20_R5 seed2 gpu2] I20_R5 finetune seed=2
[2026-08-19 02:27:02] [finetune I20_R5 seed2 gpu2] init full weights from /data/kaibiao/data/projects/rpt-re/processed/us/models/I20_R5/seed2/best.pt
[2026-08-19 02:27:02] [finetune I60_R5 seed0 gpu1] I60/R5 freq=week split_seed=0 train=392760 val=168326 test=593690 pixel_mean=15.655615 pixel_std=61.213426
[2026-08-19 02:27:02] [finetune I60_R5 seed0 gpu1] I60_R5 finetune seed=0
[2026-08-19 02:27:02] [finetune I60_R5 seed0 gpu1] init full weights from /data/kaibiao/data/projects/rpt-re/processed/us/models/I60_R5/seed0/best.pt
[2026-08-19 02:27:02] [finetune I20_R5 seed3 gpu1] I20/R5 freq=week split_seed=0 train=395894 val=169669 test=593994 pixel_mean=25.553102 pixel_std=76.570751
[2026-08-19 02:27:02] [finetune I20_R5 seed3 gpu1] I20_R5 finetune seed=3
[2026-08-19 02:27:02] [finetune I20_R5 seed3 gpu1] init full weights from /data/kaibiao/data/projects/rpt-re/processed/us/models/I20_R5/seed3/best.pt
[2026-08-19 02:27:03] [finetune I20_R5 seed0 gpu1] I20/R5 freq=week split_seed=0 train=395894 val=169669 test=593994 pixel_mean=25.553102 pixel_std=76.570751
[2026-08-19 02:27:03] [finetune I20_R5 seed0 gpu1] I20_R5 finetune seed=0
[2026-08-19 02:27:03] [finetune I20_R5 seed0 gpu1] init full weights from /data/kaibiao/data/projects/rpt-re/processed/us/models/I20_R5/seed0/best.pt
[2026-08-19 02:27:04] [finetune I5_R60 seed3 gpu3] head finetune epoch=1 train_loss=0.686469 val_loss=0.682414
[2026-08-19 02:27:04] [finetune I5_R60 seed3 gpu3] new best epoch=1 val_loss=0.682414 -> /data/kaibiao/data/projects/rpt-re/processed/cn/transfer_from_us/finetune/I5_R60/seed3/best.pt
[2026-08-19 02:27:05] [finetune I5_R60 seed3 gpu3] head finetune epoch=2 train_loss=0.680863 val_loss=0.679800
[2026-08-19 02:27:05] [finetune I5_R60 seed3 gpu3] new best epoch=2 val_loss=0.679800 -> /data/kaibiao/data/projects/rpt-re/processed/cn/transfer_from_us/finetune/I5_R60/seed3/best.pt
[2026-08-19 02:27:05] [finetune I5_R60 seed3 gpu3] head finetune epoch=3 train_loss=0.677571 val_loss=0.676503
[2026-08-19 02:27:05] [finetune I5_R60 seed3 gpu3] new best epoch=3 val_loss=0.676503 -> /data/kaibiao/data/projects/rpt-re/processed/cn/transfer_from_us/finetune/I5_R60/seed3/best.pt
[2026-08-19 02:27:05] [finetune I5_R60 seed3 gpu3] head finetune epoch=4 train_loss=0.675251 val_loss=0.674608
[2026-08-19 02:27:05] [finetune I5_R60 seed3 gpu3] new best epoch=4 val_loss=0.674608 -> /data/kaibiao/data/projects/rpt-re/processed/cn/transfer_from_us/finetune/I5_R60/seed3/best.pt
[2026-08-19 02:27:05] [finetune I5_R60 seed0 gpu3] head finetune epoch=1 train_loss=0.687237 val_loss=0.682083
[2026-08-19 02:27:05] [finetune I5_R60 seed0 gpu3] new best epoch=1 val_loss=0.682083 -> /data/kaibiao/data/projects/rpt-re/processed/cn/transfer_from_us/finetune/I5_R60/seed0/best.pt
[2026-08-19 02:27:05] [finetune I5_R60 seed3 gpu3] head finetune epoch=5 train_loss=0.674472 val_loss=0.672926
[2026-08-19 02:27:05] [finetune I5_R60 seed3 gpu3] new best epoch=5 val_loss=0.672926 -> /data/kaibiao/data/projects/rpt-re/processed/cn/transfer_from_us/finetune/I5_R60/seed3/best.pt
[2026-08-19 02:27:05] [finetune I5_R60 seed0 gpu3] head finetune epoch=2 train_loss=0.681020 val_loss=0.678330
[2026-08-19 02:27:05] [finetune I5_R60 seed0 gpu3] new best epoch=2 val_loss=0.678330 -> /data/kaibiao/data/projects/rpt-re/processed/cn/transfer_from_us/finetune/I5_R60/seed0/best.pt
[2026-08-19 02:27:06] [finetune I5_R60 seed3 gpu3] head finetune epoch=6 train_loss=0.672275 val_loss=0.674222
[2026-08-19 02:27:06] [finetune I20_R60 seed1 gpu2] head finetune epoch=1 train_loss=0.682471 val_loss=0.677599
[2026-08-19 02:27:06] [finetune I20_R60 seed1 gpu2] new best epoch=1 val_loss=0.677599 -> /data/kaibiao/data/projects/rpt-re/processed/cn/transfer_from_us/finetune/I20_R60/seed1/best.pt
[2026-08-19 02:27:06] [finetune I5_R60 seed0 gpu3] head finetune epoch=3 train_loss=0.677788 val_loss=0.677447
[2026-08-19 02:27:06] [finetune I5_R60 seed0 gpu3] new best epoch=3 val_loss=0.677447 -> /data/kaibiao/data/projects/rpt-re/processed/cn/transfer_from_us/finetune/I5_R60/seed0/best.pt
[2026-08-19 02:27:06] [finetune I5_R60 seed2 gpu1] head finetune epoch=1 train_loss=0.685635 val_loss=0.683273
[2026-08-19 02:27:06] [finetune I5_R60 seed2 gpu1] new best epoch=1 val_loss=0.683273 -> /data/kaibiao/data/projects/rpt-re/processed/cn/transfer_from_us/finetune/I5_R60/seed2/best.pt
[2026-08-19 02:27:06] [finetune I5_R60 seed3 gpu3] head finetune epoch=7 train_loss=0.671130 val_loss=0.671841
[2026-08-19 02:27:06] [finetune I5_R60 seed3 gpu3] new best epoch=7 val_loss=0.671841 -> /data/kaibiao/data/projects/rpt-re/processed/cn/transfer_from_us/finetune/I5_R60/seed3/best.pt
[2026-08-19 02:27:06] [finetune I5_R60 seed4 gpu2] head finetune epoch=1 train_loss=0.687731 val_loss=0.682216
[2026-08-19 02:27:06] [finetune I5_R60 seed4 gpu2] new best epoch=1 val_loss=0.682216 -> /data/kaibiao/data/projects/rpt-re/processed/cn/transfer_from_us/finetune/I5_R60/seed4/best.pt
[2026-08-19 02:27:06] [finetune I5_R60 seed0 gpu3] head finetune epoch=4 train_loss=0.675660 val_loss=0.675071
[2026-08-19 02:27:06] [finetune I5_R60 seed0 gpu3] new best epoch=4 val_loss=0.675071 -> /data/kaibiao/data/projects/rpt-re/processed/cn/transfer_from_us/finetune/I5_R60/seed0/best.pt
[2026-08-19 02:27:06] [finetune I5_R60 seed2 gpu1] head finetune epoch=2 train_loss=0.680193 val_loss=0.679967
[2026-08-19 02:27:06] [finetune I5_R60 seed2 gpu1] new best epoch=2 val_loss=0.679967 -> /data/kaibiao/data/projects/rpt-re/processed/cn/transfer_from_us/finetune/I5_R60/seed2/best.pt
[2026-08-19 02:27:06] [finetune I5_R60 seed3 gpu3] head finetune epoch=8 train_loss=0.669578 val_loss=0.670465
[2026-08-19 02:27:06] [finetune I5_R60 seed3 gpu3] new best epoch=8 val_loss=0.670465 -> /data/kaibiao/data/projects/rpt-re/processed/cn/transfer_from_us/finetune/I5_R60/seed3/best.pt
[2026-08-19 02:27:07] [finetune I5_R60 seed4 gpu2] head finetune epoch=2 train_loss=0.682184 val_loss=0.678664
[2026-08-19 02:27:07] [finetune I5_R60 seed4 gpu2] new best epoch=2 val_loss=0.678664 -> /data/kaibiao/data/projects/rpt-re/processed/cn/transfer_from_us/finetune/I5_R60/seed4/best.pt
[2026-08-19 02:27:07] [finetune I5_R60 seed0 gpu3] head finetune epoch=5 train_loss=0.674505 val_loss=0.675457
[2026-08-19 02:27:07] [finetune I5_R20 seed1 gpu1] head finetune epoch=1 train_loss=0.683999 val_loss=0.680398
[2026-08-19 02:27:07] [finetune I5_R20 seed1 gpu1] new best epoch=1 val_loss=0.680398 -> /data/kaibiao/data/projects/rpt-re/processed/cn/transfer_from_us/finetune/I5_R20/seed1/best.pt
[2026-08-19 02:27:07] [finetune I5_R60 seed2 gpu1] head finetune epoch=3 train_loss=0.677648 val_loss=0.677609
[2026-08-19 02:27:07] [finetune I5_R60 seed2 gpu1] new best epoch=3 val_loss=0.677609 -> /data/kaibiao/data/projects/rpt-re/processed/cn/transfer_from_us/finetune/I5_R60/seed2/best.pt
[2026-08-19 02:27:07] [finetune I5_R60 seed3 gpu3] head finetune epoch=9 train_loss=0.668061 val_loss=0.668402
[2026-08-19 02:27:07] [finetune I5_R60 seed3 gpu3] new best epoch=9 val_loss=0.668402 -> /data/kaibiao/data/projects/rpt-re/processed/cn/transfer_from_us/finetune/I5_R60/seed3/best.pt
[2026-08-19 02:27:07] [finetune I5_R60 seed1 gpu2] head finetune epoch=1 train_loss=0.687700 val_loss=0.683211
[2026-08-19 02:27:07] [finetune I5_R60 seed1 gpu2] new best epoch=1 val_loss=0.683211 -> /data/kaibiao/data/projects/rpt-re/processed/cn/transfer_from_us/finetune/I5_R60/seed1/best.pt
[2026-08-19 02:27:07] [finetune I5_R60 seed0 gpu3] head finetune epoch=6 train_loss=0.675132 val_loss=0.672458
[2026-08-19 02:27:07] [finetune I5_R60 seed0 gpu3] new best epoch=6 val_loss=0.672458 -> /data/kaibiao/data/projects/rpt-re/processed/cn/transfer_from_us/finetune/I5_R60/seed0/best.pt
[2026-08-19 02:27:07] [finetune I5_R60 seed2 gpu1] head finetune epoch=4 train_loss=0.675742 val_loss=0.676646
[2026-08-19 02:27:07] [finetune I5_R60 seed2 gpu1] new best epoch=4 val_loss=0.676646 -> /data/kaibiao/data/projects/rpt-re/processed/cn/transfer_from_us/finetune/I5_R60/seed2/best.pt
[2026-08-19 02:27:08] [finetune I5_R60 seed4 gpu2] head finetune epoch=3 train_loss=0.678055 val_loss=0.677478
[2026-08-19 02:27:08] [finetune I5_R60 seed4 gpu2] new best epoch=3 val_loss=0.677478 -> /data/kaibiao/data/projects/rpt-re/processed/cn/transfer_from_us/finetune/I5_R60/seed4/best.pt
[2026-08-19 02:27:08] [finetune I5_R60 seed3 gpu3] head finetune epoch=10 train_loss=0.667234 val_loss=0.667618
[2026-08-19 02:27:08] [finetune I5_R60 seed3 gpu3] new best epoch=10 val_loss=0.667618 -> /data/kaibiao/data/projects/rpt-re/processed/cn/transfer_from_us/finetune/I5_R60/seed3/best.pt
[2026-08-19 02:27:08] [finetune I20_R60 seed2 gpu1] head finetune epoch=1 train_loss=0.688240 val_loss=0.671714
[2026-08-19 02:27:08] [finetune I20_R60 seed2 gpu1] new best epoch=1 val_loss=0.671714 -> /data/kaibiao/data/projects/rpt-re/processed/cn/transfer_from_us/finetune/I20_R60/seed2/best.pt
[2026-08-19 02:27:08] [finetune I5_R60 seed0 gpu3] head finetune epoch=7 train_loss=0.671075 val_loss=0.669934
[2026-08-19 02:27:08] [finetune I5_R60 seed2 gpu1] head finetune epoch=5 train_loss=0.673689 val_loss=0.674403
[2026-08-19 02:27:08] [finetune I5_R60 seed0 gpu3] new best epoch=7 val_loss=0.669934 -> /data/kaibiao/data/projects/rpt-re/processed/cn/transfer_from_us/finetune/I5_R60/seed0/best.pt
[2026-08-19 02:27:08] [finetune I5_R60 seed2 gpu1] new best epoch=5 val_loss=0.674403 -> /data/kaibiao/data/projects/rpt-re/processed/cn/transfer_from_us/finetune/I5_R60/seed2/best.pt
[2026-08-19 02:27:08] [finetune I5_R60 seed1 gpu2] head finetune epoch=2 train_loss=0.681745 val_loss=0.679842
[2026-08-19 02:27:08] [finetune I5_R60 seed1 gpu2] new best epoch=2 val_loss=0.679842 -> /data/kaibiao/data/projects/rpt-re/processed/cn/transfer_from_us/finetune/I5_R60/seed1/best.pt
[2026-08-19 02:27:09] [finetune I5_R20 seed3 gpu2] head finetune epoch=1 train_loss=0.683102 val_loss=0.679435
[2026-08-19 02:27:09] [finetune I5_R20 seed3 gpu2] new best epoch=1 val_loss=0.679435 -> /data/kaibiao/data/projects/rpt-re/processed/cn/transfer_from_us/finetune/I5_R20/seed3/best.pt
[2026-08-19 02:27:09] [finetune I5_R60 seed4 gpu2] head finetune epoch=4 train_loss=0.676892 val_loss=0.675864
[2026-08-19 02:27:09] [finetune I5_R60 seed4 gpu2] new best epoch=4 val_loss=0.675864 -> /data/kaibiao/data/projects/rpt-re/processed/cn/transfer_from_us/finetune/I5_R60/seed4/best.pt
[2026-08-19 02:27:09] [finetune I5_R20 seed1 gpu1] head finetune epoch=2 train_loss=0.680208 val_loss=0.679147
[2026-08-19 02:27:09] [finetune I5_R20 seed1 gpu1] new best epoch=2 val_loss=0.679147 -> /data/kaibiao/data/projects/rpt-re/processed/cn/transfer_from_us/finetune/I5_R20/seed1/best.pt
[2026-08-19 02:27:09] [finetune I5_R60 seed3 gpu3] head finetune epoch=11 train_loss=0.665668 val_loss=0.665656
[2026-08-19 02:27:09] [finetune I5_R60 seed3 gpu3] new best epoch=11 val_loss=0.665656 -> /data/kaibiao/data/projects/rpt-re/processed/cn/transfer_from_us/finetune/I5_R60/seed3/best.pt
[2026-08-19 02:27:09] [finetune I5_R60 seed2 gpu1] head finetune epoch=6 train_loss=0.672454 val_loss=0.673050
[2026-08-19 02:27:09] [finetune I5_R60 seed2 gpu1] new best epoch=6 val_loss=0.673050 -> /data/kaibiao/data/projects/rpt-re/processed/cn/transfer_from_us/finetune/I5_R60/seed2/best.pt
[2026-08-19 02:27:09] [finetune I5_R60 seed0 gpu3] head finetune epoch=8 train_loss=0.670753 val_loss=0.670753
[2026-08-19 02:27:10] [finetune I5_R60 seed1 gpu2] head finetune epoch=3 train_loss=0.679321 val_loss=0.677646
[2026-08-19 02:27:10] [finetune I5_R60 seed1 gpu2] new best epoch=3 val_loss=0.677646 -> /data/kaibiao/data/projects/rpt-re/processed/cn/transfer_from_us/finetune/I5_R60/seed1/best.pt
[2026-08-19 02:27:10] [finetune I20_R60 seed1 gpu2] head finetune epoch=2 train_loss=0.659348 val_loss=0.652043
[2026-08-19 02:27:10] [finetune I20_R60 seed1 gpu2] new best epoch=2 val_loss=0.652043 -> /data/kaibiao/data/projects/rpt-re/processed/cn/transfer_from_us/finetune/I20_R60/seed1/best.pt
[2026-08-19 02:27:10] [finetune I5_R20 seed2 gpu3] head finetune epoch=1 train_loss=0.683956 val_loss=0.680850
[2026-08-19 02:27:10] [finetune I5_R20 seed2 gpu3] new best epoch=1 val_loss=0.680850 -> /data/kaibiao/data/projects/rpt-re/processed/cn/transfer_from_us/finetune/I5_R20/seed2/best.pt
[2026-08-19 02:27:10] [finetune I20_R60 seed3 gpu3] head finetune epoch=1 train_loss=0.672734 val_loss=0.659886
[2026-08-19 02:27:10] [finetune I20_R60 seed3 gpu3] new best epoch=1 val_loss=0.659886 -> /data/kaibiao/data/projects/rpt-re/processed/cn/transfer_from_us/finetune/I20_R60/seed3/best.pt
[2026-08-19 02:27:10] [finetune I5_R60 seed3 gpu3] head finetune epoch=12 train_loss=0.664831 val_loss=0.665040
[2026-08-19 02:27:10] [finetune I5_R60 seed3 gpu3] new best epoch=12 val_loss=0.665040 -> /data/kaibiao/data/projects/rpt-re/processed/cn/transfer_from_us/finetune/I5_R60/seed3/best.pt
[2026-08-19 02:27:10] [finetune I5_R60 seed4 gpu2] head finetune epoch=5 train_loss=0.674349 val_loss=0.672864
[2026-08-19 02:27:10] [finetune I5_R60 seed4 gpu2] new best epoch=5 val_loss=0.672864 -> /data/kaibiao/data/projects/rpt-re/processed/cn/transfer_from_us/finetune/I5_R60/seed4/best.pt
[2026-08-19 02:27:11] [finetune I5_R60 seed0 gpu3] head finetune epoch=9 train_loss=0.668965 val_loss=0.669036
[2026-08-19 02:27:11] [finetune I5_R60 seed0 gpu3] new best epoch=9 val_loss=0.669036 -> /data/kaibiao/data/projects/rpt-re/processed/cn/transfer_from_us/finetune/I5_R60/seed0/best.pt
[2026-08-19 02:27:11] [finetune I5_R60 seed2 gpu1] head finetune epoch=7 train_loss=0.671081 val_loss=0.672202
[2026-08-19 02:27:11] [finetune I5_R60 seed2 gpu1] new best epoch=7 val_loss=0.672202 -> /data/kaibiao/data/projects/rpt-re/processed/cn/transfer_from_us/finetune/I5_R60/seed2/best.pt
[2026-08-19 02:27:11] [finetune I5_R20 seed4 gpu1] head finetune epoch=1 train_loss=0.684455 val_loss=0.680215
[2026-08-19 02:27:11] [finetune I5_R20 seed4 gpu1] new best epoch=1 val_loss=0.680215 -> /data/kaibiao/data/projects/rpt-re/processed/cn/transfer_from_us/finetune/I5_R20/seed4/best.pt
[2026-08-19 02:27:11] [finetune I5_R60 seed1 gpu2] head finetune epoch=4 train_loss=0.676257 val_loss=0.675989
[2026-08-19 02:27:11] [finetune I5_R60 seed1 gpu2] new best epoch=4 val_loss=0.675989 -> /data/kaibiao/data/projects/rpt-re/processed/cn/transfer_from_us/finetune/I5_R60/seed1/best.pt
[2026-08-19 02:27:11] [finetune I20_R60 seed0 gpu3] head finetune epoch=1 train_loss=0.684418 val_loss=0.664408
[2026-08-19 02:27:11] [finetune I20_R60 seed0 gpu3] new best epoch=1 val_loss=0.664408 -> /data/kaibiao/data/projects/rpt-re/processed/cn/transfer_from_us/finetune/I20_R60/seed0/best.pt
[2026-08-19 02:27:12] [finetune I5_R60 seed3 gpu3] head finetune epoch=13 train_loss=0.664266 val_loss=0.665696
[2026-08-19 02:27:12] [finetune I5_R20 seed0 gpu2] head finetune epoch=1 train_loss=0.683728 val_loss=0.679495
[2026-08-19 02:27:12] [finetune I5_R20 seed0 gpu2] new best epoch=1 val_loss=0.679495 -> /data/kaibiao/data/projects/rpt-re/processed/cn/transfer_from_us/finetune/I5_R20/seed0/best.pt
[2026-08-19 02:27:12] [finetune I5_R60 seed4 gpu2] head finetune epoch=6 train_loss=0.672254 val_loss=0.670585
[2026-08-19 02:27:12] [finetune I5_R60 seed4 gpu2] new best epoch=6 val_loss=0.670585 -> /data/kaibiao/data/projects/rpt-re/processed/cn/transfer_from_us/finetune/I5_R60/seed4/best.pt
[2026-08-19 02:27:12] [finetune I5_R60 seed0 gpu3] head finetune epoch=10 train_loss=0.668360 val_loss=0.666874
[2026-08-19 02:27:12] [finetune I5_R60 seed0 gpu3] new best epoch=10 val_loss=0.666874 -> /data/kaibiao/data/projects/rpt-re/processed/cn/transfer_from_us/finetune/I5_R60/seed0/best.pt
[2026-08-19 02:27:12] [finetune I5_R60 seed2 gpu1] head finetune epoch=8 train_loss=0.669425 val_loss=0.670458
[2026-08-19 02:27:12] [finetune I5_R60 seed2 gpu1] new best epoch=8 val_loss=0.670458 -> /data/kaibiao/data/projects/rpt-re/processed/cn/transfer_from_us/finetune/I5_R60/seed2/best.pt
[2026-08-19 02:27:12] [finetune I20_R60 seed4 gpu2] head finetune epoch=1 train_loss=0.687053 val_loss=0.667164
[2026-08-19 02:27:12] [finetune I20_R60 seed4 gpu2] new best epoch=1 val_loss=0.667164 -> /data/kaibiao/data/projects/rpt-re/processed/cn/transfer_from_us/finetune/I20_R60/seed4/best.pt
[2026-08-19 02:27:13] [finetune I5_R60 seed1 gpu2] head finetune epoch=5 train_loss=0.674867 val_loss=0.675198
[2026-08-19 02:27:13] [finetune I5_R60 seed1 gpu2] new best epoch=5 val_loss=0.675198 -> /data/kaibiao/data/projects/rpt-re/processed/cn/transfer_from_us/finetune/I5_R60/seed1/best.pt
[2026-08-19 02:27:13] [finetune I5_R20 seed1 gpu1] head finetune epoch=3 train_loss=0.678962 val_loss=0.677685
[2026-08-19 02:27:13] [finetune I5_R20 seed1 gpu1] new best epoch=3 val_loss=0.677685 -> /data/kaibiao/data/projects/rpt-re/processed/cn/transfer_from_us/finetune/I5_R20/seed1/best.pt
[2026-08-19 02:27:13] [finetune I5_R60 seed3 gpu3] head finetune epoch=14 train_loss=0.662809 val_loss=0.663103
[2026-08-19 02:27:13] [finetune I5_R20 seed3 gpu2] head finetune epoch=2 train_loss=0.679684 val_loss=0.678040
[2026-08-19 02:27:13] [finetune I5_R60 seed3 gpu3] new best epoch=14 val_loss=0.663103 -> /data/kaibiao/data/projects/rpt-re/processed/cn/transfer_from_us/finetune/I5_R60/seed3/best.pt
[2026-08-19 02:27:13] [finetune I5_R20 seed3 gpu2] new best epoch=2 val_loss=0.678040 -> /data/kaibiao/data/projects/rpt-re/processed/cn/transfer_from_us/finetune/I5_R20/seed3/best.pt
[2026-08-19 02:27:13] [finetune I5_R60 seed0 gpu3] head finetune epoch=11 train_loss=0.666784 val_loss=0.666434
[2026-08-19 02:27:13] [finetune I5_R60 seed0 gpu3] new best epoch=11 val_loss=0.666434 -> /data/kaibiao/data/projects/rpt-re/processed/cn/transfer_from_us/finetune/I5_R60/seed0/best.pt
[2026-08-19 02:27:13] [finetune I5_R60 seed2 gpu1] head finetune epoch=9 train_loss=0.668789 val_loss=0.669155
[2026-08-19 02:27:13] [finetune I5_R60 seed2 gpu1] new best epoch=9 val_loss=0.669155 -> /data/kaibiao/data/projects/rpt-re/processed/cn/transfer_from_us/finetune/I5_R60/seed2/best.pt
[2026-08-19 02:27:13] [finetune I5_R60 seed4 gpu2] head finetune epoch=7 train_loss=0.671172 val_loss=0.668965
[2026-08-19 02:27:14] [finetune I20_R60 seed2 gpu1] head finetune epoch=2 train_loss=0.661937 val_loss=0.653079
[2026-08-19 02:27:14] [finetune I5_R60 seed4 gpu2] new best epoch=7 val_loss=0.668965 -> /data/kaibiao/data/projects/rpt-re/processed/cn/transfer_from_us/finetune/I5_R60/seed4/best.pt
[2026-08-19 02:27:14] [finetune I20_R60 seed2 gpu1] new best epoch=2 val_loss=0.653079 -> /data/kaibiao/data/projects/rpt-re/processed/cn/transfer_from_us/finetune/I20_R60/seed2/best.pt
[2026-08-19 02:27:14] [finetune I5_R20 seed2 gpu3] head finetune epoch=2 train_loss=0.679823 val_loss=0.679798
[2026-08-19 02:27:14] [finetune I5_R20 seed2 gpu3] new best epoch=2 val_loss=0.679798 -> /data/kaibiao/data/projects/rpt-re/processed/cn/transfer_from_us/finetune/I5_R20/seed2/best.pt
[2026-08-19 02:27:14] [finetune I5_R60 seed3 gpu3] head finetune epoch=15 train_loss=0.661781 val_loss=0.662168
[2026-08-19 02:27:14] [finetune I5_R60 seed3 gpu3] new best epoch=15 val_loss=0.662168 -> /data/kaibiao/data/projects/rpt-re/processed/cn/transfer_from_us/finetune/I5_R60/seed3/best.pt
[2026-08-19 02:27:14] [finetune I5_R60 seed1 gpu2] head finetune epoch=6 train_loss=0.673131 val_loss=0.674362
[2026-08-19 02:27:14] [finetune I5_R60 seed1 gpu2] new best epoch=6 val_loss=0.674362 -> /data/kaibiao/data/projects/rpt-re/processed/cn/transfer_from_us/finetune/I5_R60/seed1/best.pt
[2026-08-19 02:27:15] [finetune I5_R60 seed0 gpu3] head finetune epoch=12 train_loss=0.665655 val_loss=0.665628
[2026-08-19 02:27:15] [finetune I5_R60 seed0 gpu3] new best epoch=12 val_loss=0.665628 -> /data/kaibiao/data/projects/rpt-re/processed/cn/transfer_from_us/finetune/I5_R60/seed0/best.pt
[2026-08-19 02:27:15] [finetune I5_R60 seed2 gpu1] head finetune epoch=10 train_loss=0.666718 val_loss=0.668968
[2026-08-19 02:27:15] [finetune I5_R60 seed2 gpu1] new best epoch=10 val_loss=0.668968 -> /data/kaibiao/data/projects/rpt-re/processed/cn/transfer_from_us/finetune/I5_R60/seed2/best.pt
[2026-08-19 02:27:15] [finetune I5_R20 seed4 gpu1] head finetune epoch=2 train_loss=0.680688 val_loss=0.679549
[2026-08-19 02:27:15] [finetune I5_R20 seed4 gpu1] new best epoch=2 val_loss=0.679549 -> /data/kaibiao/data/projects/rpt-re/processed/cn/transfer_from_us/finetune/I5_R20/seed4/best.pt
[2026-08-19 02:27:15] [finetune I5_R60 seed4 gpu2] head finetune epoch=8 train_loss=0.669643 val_loss=0.667759
[2026-08-19 02:27:15] [finetune I5_R60 seed4 gpu2] new best epoch=8 val_loss=0.667759 -> /data/kaibiao/data/projects/rpt-re/processed/cn/transfer_from_us/finetune/I5_R60/seed4/best.pt
[2026-08-19 02:27:16] [finetune I5_R60 seed3 gpu3] head finetune epoch=16 train_loss=0.660531 val_loss=0.661877
[2026-08-19 02:27:16] [finetune I5_R60 seed3 gpu3] new best epoch=16 val_loss=0.661877 -> /data/kaibiao/data/projects/rpt-re/processed/cn/transfer_from_us/finetune/I5_R60/seed3/best.pt
[2026-08-19 02:27:16] [finetune I20_R60 seed3 gpu3] head finetune epoch=2 train_loss=0.652312 val_loss=0.646770
[2026-08-19 02:27:16] [finetune I20_R60 seed3 gpu3] new best epoch=2 val_loss=0.646770 -> /data/kaibiao/data/projects/rpt-re/processed/cn/transfer_from_us/finetune/I20_R60/seed3/best.pt
[2026-08-19 02:27:16] [finetune I5_R60 seed1 gpu2] head finetune epoch=7 train_loss=0.671588 val_loss=0.671238
[2026-08-19 02:27:16] [finetune I5_R60 seed1 gpu2] new best epoch=7 val_loss=0.671238 -> /data/kaibiao/data/projects/rpt-re/processed/cn/transfer_from_us/finetune/I5_R60/seed1/best.pt
[2026-08-19 02:27:16] [finetune I20_R60 seed1 gpu2] head finetune epoch=3 train_loss=0.645046 val_loss=0.645322
[2026-08-19 02:27:16] [finetune I20_R60 seed1 gpu2] new best epoch=3 val_loss=0.645322 -> /data/kaibiao/data/projects/rpt-re/processed/cn/transfer_from_us/finetune/I20_R60/seed1/best.pt
[2026-08-19 02:27:16] [finetune I5_R60 seed0 gpu3] head finetune epoch=13 train_loss=0.664526 val_loss=0.664435
[2026-08-19 02:27:16] [finetune I5_R60 seed0 gpu3] new best epoch=13 val_loss=0.664435 -> /data/kaibiao/data/projects/rpt-re/processed/cn/transfer_from_us/finetune/I5_R60/seed0/best.pt
[2026-08-19 02:27:16] [finetune I5_R60 seed2 gpu1] head finetune epoch=11 train_loss=0.666083 val_loss=0.668331
[2026-08-19 02:27:16] [finetune I5_R60 seed2 gpu1] new best epoch=11 val_loss=0.668331 -> /data/kaibiao/data/projects/rpt-re/processed/cn/transfer_from_us/finetune/I5_R60/seed2/best.pt
[2026-08-19 02:27:16] [finetune I5_R20 seed0 gpu2] head finetune epoch=2 train_loss=0.680064 val_loss=0.678123
[2026-08-19 02:27:16] [finetune I5_R20 seed0 gpu2] new best epoch=2 val_loss=0.678123 -> /data/kaibiao/data/projects/rpt-re/processed/cn/transfer_from_us/finetune/I5_R20/seed0/best.pt
[2026-08-19 02:27:17] [finetune I20_R60 seed0 gpu3] head finetune epoch=2 train_loss=0.657818 val_loss=0.654327
[2026-08-19 02:27:17] [finetune I5_R20 seed1 gpu1] head finetune epoch=4 train_loss=0.677095 val_loss=0.676687
[2026-08-19 02:27:17] [finetune I20_R60 seed0 gpu3] new best epoch=2 val_loss=0.654327 -> /data/kaibiao/data/projects/rpt-re/processed/cn/transfer_from_us/finetune/I20_R60/seed0/best.pt
[2026-08-19 02:27:17] [finetune I5_R20 seed1 gpu1] new best epoch=4 val_loss=0.676687 -> /data/kaibiao/data/projects/rpt-re/processed/cn/transfer_from_us/finetune/I5_R20/seed1/best.pt
[2026-08-19 02:27:17] [finetune I5_R60 seed4 gpu2] head finetune epoch=9 train_loss=0.667884 val_loss=0.666359
[2026-08-19 02:27:17] [finetune I5_R60 seed4 gpu2] new best epoch=9 val_loss=0.666359 -> /data/kaibiao/data/projects/rpt-re/processed/cn/transfer_from_us/finetune/I5_R60/seed4/best.pt
[2026-08-19 02:27:17] [finetune I5_R60 seed3 gpu3] head finetune epoch=17 train_loss=0.660256 val_loss=0.661121
[2026-08-19 02:27:17] [finetune I5_R60 seed3 gpu3] new best epoch=17 val_loss=0.661121 -> /data/kaibiao/data/projects/rpt-re/processed/cn/transfer_from_us/finetune/I5_R60/seed3/best.pt
[2026-08-19 02:27:17] [finetune I5_R60 seed0 gpu3] head finetune epoch=14 train_loss=0.664132 val_loss=0.664661
[2026-08-19 02:27:17] [finetune I5_R60 seed2 gpu1] head finetune epoch=12 train_loss=0.665701 val_loss=0.666109
[2026-08-19 02:27:17] [finetune I5_R60 seed2 gpu1] new best epoch=12 val_loss=0.666109 -> /data/kaibiao/data/projects/rpt-re/processed/cn/transfer_from_us/finetune/I5_R60/seed2/best.pt
[2026-08-19 02:27:17] [finetune I5_R60 seed1 gpu2] head finetune epoch=8 train_loss=0.670101 val_loss=0.670121
[2026-08-19 02:27:17] [finetune I5_R60 seed1 gpu2] new best epoch=8 val_loss=0.670121 -> /data/kaibiao/data/projects/rpt-re/processed/cn/transfer_from_us/finetune/I5_R60/seed1/best.pt
[2026-08-19 02:27:17] [finetune I5_R20 seed3 gpu2] head finetune epoch=3 train_loss=0.677852 val_loss=0.676561
[2026-08-19 02:27:17] [finetune I5_R20 seed3 gpu2] new best epoch=3 val_loss=0.676561 -> /data/kaibiao/data/projects/rpt-re/processed/cn/transfer_from_us/finetune/I5_R20/seed3/best.pt
[2026-08-19 02:27:18] [finetune I5_R20 seed2 gpu3] head finetune epoch=3 train_loss=0.678347 val_loss=0.679250
[2026-08-19 02:27:18] [finetune I5_R20 seed2 gpu3] new best epoch=3 val_loss=0.679250 -> /data/kaibiao/data/projects/rpt-re/processed/cn/transfer_from_us/finetune/I5_R20/seed2/best.pt
[2026-08-19 02:27:18] [finetune I20_R60 seed4 gpu2] head finetune epoch=2 train_loss=0.663078 val_loss=0.661746
[2026-08-19 02:27:18] [finetune I20_R60 seed4 gpu2] new best epoch=2 val_loss=0.661746 -> /data/kaibiao/data/projects/rpt-re/processed/cn/transfer_from_us/finetune/I20_R60/seed4/best.pt
[2026-08-19 02:27:18] [finetune I5_R60 seed3 gpu3] head finetune epoch=18 train_loss=0.659883 val_loss=0.661421
[2026-08-19 02:27:18] [finetune I5_R60 seed4 gpu2] head finetune epoch=10 train_loss=0.666527 val_loss=0.667600
[2026-08-19 02:27:19] [finetune I5_R60 seed0 gpu3] head finetune epoch=15 train_loss=0.663526 val_loss=0.663212
[2026-08-19 02:27:19] [finetune I5_R60 seed0 gpu3] new best epoch=15 val_loss=0.663212 -> /data/kaibiao/data/projects/rpt-re/processed/cn/transfer_from_us/finetune/I5_R60/seed0/best.pt
[2026-08-19 02:27:19] [finetune I5_R60 seed2 gpu1] head finetune epoch=13 train_loss=0.664151 val_loss=0.665150
[2026-08-19 02:27:19] [finetune I5_R60 seed2 gpu1] new best epoch=13 val_loss=0.665150 -> /data/kaibiao/data/projects/rpt-re/processed/cn/transfer_from_us/finetune/I5_R60/seed2/best.pt
[2026-08-19 02:27:19] [finetune I5_R20 seed4 gpu1] head finetune epoch=3 train_loss=0.678463 val_loss=0.677501
[2026-08-19 02:27:19] [finetune I5_R20 seed4 gpu1] new best epoch=3 val_loss=0.677501 -> /data/kaibiao/data/projects/rpt-re/processed/cn/transfer_from_us/finetune/I5_R20/seed4/best.pt
[2026-08-19 02:27:19] [finetune I5_R60 seed1 gpu2] head finetune epoch=9 train_loss=0.668829 val_loss=0.669949
[2026-08-19 02:27:19] [finetune I5_R60 seed1 gpu2] new best epoch=9 val_loss=0.669949 -> /data/kaibiao/data/projects/rpt-re/processed/cn/transfer_from_us/finetune/I5_R60/seed1/best.pt
[2026-08-19 02:27:19] [finetune I20_R60 seed2 gpu1] head finetune epoch=3 train_loss=0.649768 val_loss=0.643569
[2026-08-19 02:27:19] [finetune I20_R60 seed2 gpu1] new best epoch=3 val_loss=0.643569 -> /data/kaibiao/data/projects/rpt-re/processed/cn/transfer_from_us/finetune/I20_R60/seed2/best.pt
[2026-08-19 02:27:20] [finetune I5_R60 seed3 gpu3] head finetune epoch=19 train_loss=0.658754 val_loss=0.659276
[2026-08-19 02:27:20] [finetune I5_R60 seed3 gpu3] new best epoch=19 val_loss=0.659276 -> /data/kaibiao/data/projects/rpt-re/processed/cn/transfer_from_us/finetune/I5_R60/seed3/best.pt
[2026-08-19 02:27:20] [finetune I5_R60 seed4 gpu2] head finetune epoch=11 train_loss=0.666074 val_loss=0.664265
[2026-08-19 02:27:20] [finetune I5_R60 seed4 gpu2] new best epoch=11 val_loss=0.664265 -> /data/kaibiao/data/projects/rpt-re/processed/cn/transfer_from_us/finetune/I5_R60/seed4/best.pt
[2026-08-19 02:27:20] [finetune I5_R60 seed0 gpu3] head finetune epoch=16 train_loss=0.662810 val_loss=0.662269
[2026-08-19 02:27:20] [finetune I5_R60 seed0 gpu3] new best epoch=16 val_loss=0.662269 -> /data/kaibiao/data/projects/rpt-re/processed/cn/transfer_from_us/finetune/I5_R60/seed0/best.pt
[2026-08-19 02:27:20] [finetune I5_R60 seed2 gpu1] head finetune epoch=14 train_loss=0.663238 val_loss=0.664875
[2026-08-19 02:27:20] [finetune I5_R60 seed2 gpu1] new best epoch=14 val_loss=0.664875 -> /data/kaibiao/data/projects/rpt-re/processed/cn/transfer_from_us/finetune/I5_R60/seed2/best.pt
[2026-08-19 02:27:21] [finetune I5_R60 seed1 gpu2] head finetune epoch=10 train_loss=0.668236 val_loss=0.669533
[2026-08-19 02:27:21] [finetune I5_R60 seed1 gpu2] new best epoch=10 val_loss=0.669533 -> /data/kaibiao/data/projects/rpt-re/processed/cn/transfer_from_us/finetune/I5_R60/seed1/best.pt
[2026-08-19 02:27:21] [finetune I5_R20 seed0 gpu2] head finetune epoch=3 train_loss=0.677916 val_loss=0.676512
[2026-08-19 02:27:21] [finetune I5_R20 seed0 gpu2] new best epoch=3 val_loss=0.676512 -> /data/kaibiao/data/projects/rpt-re/processed/cn/transfer_from_us/finetune/I5_R20/seed0/best.pt
[2026-08-19 02:27:21] [finetune I5_R20 seed1 gpu1] head finetune epoch=5 train_loss=0.676163 val_loss=0.677655
[2026-08-19 02:27:22] [finetune I5_R60 seed3 gpu3] head finetune epoch=20 train_loss=0.658137 val_loss=0.658949
[2026-08-19 02:27:22] [finetune I5_R60 seed3 gpu3] new best epoch=20 val_loss=0.658949 -> /data/kaibiao/data/projects/rpt-re/processed/cn/transfer_from_us/finetune/I5_R60/seed3/best.pt
[2026-08-19 02:27:22] [finetune I20_R60 seed3 gpu3] head finetune epoch=3 train_loss=0.645086 val_loss=0.648165
[2026-08-19 02:27:22] [finetune I5_R60 seed4 gpu2] head finetune epoch=12 train_loss=0.664844 val_loss=0.663209
[2026-08-19 02:27:22] [finetune I5_R60 seed4 gpu2] new best epoch=12 val_loss=0.663209 -> /data/kaibiao/data/projects/rpt-re/processed/cn/transfer_from_us/finetune/I5_R60/seed4/best.pt
[2026-08-19 02:27:22] [finetune I5_R60 seed0 gpu3] head finetune epoch=17 train_loss=0.661834 val_loss=0.661689
[2026-08-19 02:27:22] [finetune I5_R60 seed0 gpu3] new best epoch=17 val_loss=0.661689 -> /data/kaibiao/data/projects/rpt-re/processed/cn/transfer_from_us/finetune/I5_R60/seed0/best.pt
[2026-08-19 02:27:22] [finetune I5_R60 seed2 gpu1] head finetune epoch=15 train_loss=0.662390 val_loss=0.664866
[2026-08-19 02:27:22] [finetune I5_R60 seed2 gpu1] new best epoch=15 val_loss=0.664866 -> /data/kaibiao/data/projects/rpt-re/processed/cn/transfer_from_us/finetune/I5_R60/seed2/best.pt
[2026-08-19 02:27:22] [finetune I5_R20 seed3 gpu2] head finetune epoch=4 train_loss=0.676321 val_loss=0.678353
[2026-08-19 02:27:22] [finetune I5_R60 seed1 gpu2] head finetune epoch=11 train_loss=0.668301 val_loss=0.666845
[2026-08-19 02:27:22] [finetune I5_R60 seed1 gpu2] new best epoch=11 val_loss=0.666845 -> /data/kaibiao/data/projects/rpt-re/processed/cn/transfer_from_us/finetune/I5_R60/seed1/best.pt
[2026-08-19 02:27:22] [finetune I20_R60 seed1 gpu2] head finetune epoch=4 train_loss=0.638832 val_loss=0.636914
[2026-08-19 02:27:22] [finetune I20_R60 seed1 gpu2] new best epoch=4 val_loss=0.636914 -> /data/kaibiao/data/projects/rpt-re/processed/cn/transfer_from_us/finetune/I20_R60/seed1/best.pt
[2026-08-19 02:27:22] [finetune I5_R20 seed2 gpu3] head finetune epoch=4 train_loss=0.676767 val_loss=0.676153
[2026-08-19 02:27:22] [finetune I5_R20 seed2 gpu3] new best epoch=4 val_loss=0.676153 -> /data/kaibiao/data/projects/rpt-re/processed/cn/transfer_from_us/finetune/I5_R20/seed2/best.pt
[2026-08-19 02:27:23] [finetune I20_R20 seed2 gpu3] head finetune epoch=1 train_loss=0.680079 val_loss=0.674616
[2026-08-19 02:27:23] [finetune I20_R20 seed2 gpu3] new best epoch=1 val_loss=0.674616 -> /data/kaibiao/data/projects/rpt-re/processed/cn/transfer_from_us/finetune/I20_R20/seed2/best.pt
[2026-08-19 02:27:23] [finetune I5_R60 seed3 gpu3] head finetune epoch=21 train_loss=0.657631 val_loss=0.658185
[2026-08-19 02:27:23] [finetune I5_R60 seed3 gpu3] new best epoch=21 val_loss=0.658185 -> /data/kaibiao/data/projects/rpt-re/processed/cn/transfer_from_us/finetune/I5_R60/seed3/best.pt
[2026-08-19 02:27:23] [finetune I20_R60 seed0 gpu3] head finetune epoch=3 train_loss=0.651060 val_loss=0.645787
[2026-08-19 02:27:23] [finetune I20_R60 seed0 gpu3] new best epoch=3 val_loss=0.645787 -> /data/kaibiao/data/projects/rpt-re/processed/cn/transfer_from_us/finetune/I20_R60/seed0/best.pt
[2026-08-19 02:27:23] [finetune I20_R20 seed4 gpu1] head finetune epoch=1 train_loss=0.680529 val_loss=0.671415
[2026-08-19 02:27:23] [finetune I20_R20 seed4 gpu1] new best epoch=1 val_loss=0.671415 -> /data/kaibiao/data/projects/rpt-re/processed/cn/transfer_from_us/finetune/I20_R20/seed4/best.pt
[2026-08-19 02:27:23] [finetune I5_R60 seed4 gpu2] head finetune epoch=13 train_loss=0.663317 val_loss=0.662688
[2026-08-19 02:27:23] [finetune I5_R60 seed4 gpu2] new best epoch=13 val_loss=0.662688 -> /data/kaibiao/data/projects/rpt-re/processed/cn/transfer_from_us/finetune/I5_R60/seed4/best.pt
[2026-08-19 02:27:23] [finetune I20_R20 seed1 gpu1] head finetune epoch=1 train_loss=0.678720 val_loss=0.670563
[2026-08-19 02:27:23] [finetune I20_R20 seed1 gpu1] new best epoch=1 val_loss=0.670563 -> /data/kaibiao/data/projects/rpt-re/processed/cn/transfer_from_us/finetune/I20_R20/seed1/best.pt
[2026-08-19 02:27:24] [finetune I5_R60 seed0 gpu3] head finetune epoch=18 train_loss=0.660901 val_loss=0.661419
[2026-08-19 02:27:24] [finetune I5_R60 seed0 gpu3] new best epoch=18 val_loss=0.661419 -> /data/kaibiao/data/projects/rpt-re/processed/cn/transfer_from_us/finetune/I5_R60/seed0/best.pt
[2026-08-19 02:27:24] [finetune I5_R20 seed4 gpu1] head finetune epoch=4 train_loss=0.677130 val_loss=0.676178
[2026-08-19 02:27:24] [finetune I5_R20 seed4 gpu1] new best epoch=4 val_loss=0.676178 -> /data/kaibiao/data/projects/rpt-re/processed/cn/transfer_from_us/finetune/I5_R20/seed4/best.pt
[2026-08-19 02:27:24] [finetune I5_R60 seed2 gpu1] head finetune epoch=16 train_loss=0.661221 val_loss=0.663859
[2026-08-19 02:27:24] [finetune I5_R60 seed2 gpu1] new best epoch=16 val_loss=0.663859 -> /data/kaibiao/data/projects/rpt-re/processed/cn/transfer_from_us/finetune/I5_R60/seed2/best.pt
[2026-08-19 02:27:24] [finetune I5_R60 seed1 gpu2] head finetune epoch=12 train_loss=0.666009 val_loss=0.665814
[2026-08-19 02:27:24] [finetune I5_R60 seed1 gpu2] new best epoch=12 val_loss=0.665814 -> /data/kaibiao/data/projects/rpt-re/processed/cn/transfer_from_us/finetune/I5_R60/seed1/best.pt
[2026-08-19 02:27:25] [finetune I20_R60 seed4 gpu2] head finetune epoch=3 train_loss=0.650460 val_loss=0.649953
[2026-08-19 02:27:25] [finetune I20_R60 seed4 gpu2] new best epoch=3 val_loss=0.649953 -> /data/kaibiao/data/projects/rpt-re/processed/cn/transfer_from_us/finetune/I20_R60/seed4/best.pt
[2026-08-19 02:27:25] [finetune I20_R20 seed3 gpu2] head finetune epoch=1 train_loss=0.680792 val_loss=0.671953
[2026-08-19 02:27:25] [finetune I20_R20 seed3 gpu2] new best epoch=1 val_loss=0.671953 -> /data/kaibiao/data/projects/rpt-re/processed/cn/transfer_from_us/finetune/I20_R20/seed3/best.pt
[2026-08-19 02:27:25] [finetune I20_R20 seed0 gpu2] head finetune epoch=1 train_loss=0.681600 val_loss=0.673864
[2026-08-19 02:27:25] [finetune I20_R20 seed0 gpu2] new best epoch=1 val_loss=0.673864 -> /data/kaibiao/data/projects/rpt-re/processed/cn/transfer_from_us/finetune/I20_R20/seed0/best.pt
[2026-08-19 02:27:25] [finetune I5_R60 seed3 gpu3] head finetune epoch=22 train_loss=0.656257 val_loss=0.660711
[2026-08-19 02:27:25] [finetune I5_R60 seed4 gpu2] head finetune epoch=14 train_loss=0.661751 val_loss=0.661491
[2026-08-19 02:27:25] [finetune I5_R60 seed4 gpu2] new best epoch=14 val_loss=0.661491 -> /data/kaibiao/data/projects/rpt-re/processed/cn/transfer_from_us/finetune/I5_R60/seed4/best.pt
[2026-08-19 02:27:25] [finetune I5_R60 seed0 gpu3] head finetune epoch=19 train_loss=0.660299 val_loss=0.660583
[2026-08-19 02:27:25] [finetune I5_R60 seed0 gpu3] new best epoch=19 val_loss=0.660583 -> /data/kaibiao/data/projects/rpt-re/processed/cn/transfer_from_us/finetune/I5_R60/seed0/best.pt
[2026-08-19 02:27:26] [finetune I5_R60 seed2 gpu1] head finetune epoch=17 train_loss=0.661354 val_loss=0.662441
[2026-08-19 02:27:26] [finetune I5_R60 seed2 gpu1] new best epoch=17 val_loss=0.662441 -> /data/kaibiao/data/projects/rpt-re/processed/cn/transfer_from_us/finetune/I5_R60/seed2/best.pt
[2026-08-19 02:27:26] [finetune I5_R60 seed1 gpu2] head finetune epoch=13 train_loss=0.665350 val_loss=0.665320
[2026-08-19 02:27:26] [finetune I5_R60 seed1 gpu2] new best epoch=13 val_loss=0.665320 -> /data/kaibiao/data/projects/rpt-re/processed/cn/transfer_from_us/finetune/I5_R60/seed1/best.pt
[2026-08-19 02:27:26] [finetune I5_R20 seed0 gpu2] head finetune epoch=4 train_loss=0.676549 val_loss=0.676108
[2026-08-19 02:27:26] [finetune I5_R20 seed0 gpu2] new best epoch=4 val_loss=0.676108 -> /data/kaibiao/data/projects/rpt-re/processed/cn/transfer_from_us/finetune/I5_R20/seed0/best.pt
[2026-08-19 02:27:26] [finetune I20_R60 seed2 gpu1] head finetune epoch=4 train_loss=0.638997 val_loss=0.648614
[2026-08-19 02:27:26] [finetune I5_R20 seed1 gpu1] head finetune epoch=6 train_loss=0.675226 val_loss=0.675801
[2026-08-19 02:27:26] [finetune I5_R20 seed1 gpu1] new best epoch=6 val_loss=0.675801 -> /data/kaibiao/data/projects/rpt-re/processed/cn/transfer_from_us/finetune/I5_R20/seed1/best.pt
[2026-08-19 02:27:27] [finetune I5_R5 seed4 gpu3] head finetune epoch=1 train_loss=0.688492 val_loss=0.686592
[2026-08-19 02:27:27] [finetune I5_R5 seed4 gpu3] new best epoch=1 val_loss=0.686592 -> /data/kaibiao/data/projects/rpt-re/processed/cn/transfer_from_us/finetune/I5_R5/seed4/best.pt
[2026-08-19 02:27:27] [finetune I5_R60 seed3 gpu3] head finetune epoch=23 train_loss=0.656476 val_loss=0.658432
[2026-08-19 02:27:27] [finetune I5_R60 seed3 gpu3] early stop at epoch=23 best_epoch=21
[2026-08-19 02:27:27] [finetune I5_R60 seed4 gpu2] head finetune epoch=15 train_loss=0.660853 val_loss=0.660277
[2026-08-19 02:27:27] [finetune I5_R60 seed4 gpu2] new best epoch=15 val_loss=0.660277 -> /data/kaibiao/data/projects/rpt-re/processed/cn/transfer_from_us/finetune/I5_R60/seed4/best.pt
[2026-08-19 02:27:27] [finetune I5_R5 seed0 gpu1] head finetune epoch=1 train_loss=0.688484 val_loss=0.686434
[2026-08-19 02:27:27] [finetune I5_R5 seed0 gpu1] new best epoch=1 val_loss=0.686434 -> /data/kaibiao/data/projects/rpt-re/processed/cn/transfer_from_us/finetune/I5_R5/seed0/best.pt
[2026-08-19 02:27:27] [finetune I5_R5 seed1 gpu3] head finetune epoch=1 train_loss=0.688532 val_loss=0.687089
[2026-08-19 02:27:27] [finetune I5_R5 seed1 gpu3] new best epoch=1 val_loss=0.687089 -> /data/kaibiao/data/projects/rpt-re/processed/cn/transfer_from_us/finetune/I5_R5/seed1/best.pt
[2026-08-19 02:27:27] [finetune I5_R5 seed3 gpu1] head finetune epoch=1 train_loss=0.688536 val_loss=0.688492
[2026-08-19 02:27:27] [finetune I5_R5 seed3 gpu1] new best epoch=1 val_loss=0.688492 -> /data/kaibiao/data/projects/rpt-re/processed/cn/transfer_from_us/finetune/I5_R5/seed3/best.pt
[2026-08-19 02:27:27] [finetune I5_R60 seed0 gpu3] head finetune epoch=20 train_loss=0.659047 val_loss=0.660339
[2026-08-19 02:27:27] [finetune I5_R60 seed0 gpu3] new best epoch=20 val_loss=0.660339 -> /data/kaibiao/data/projects/rpt-re/processed/cn/transfer_from_us/finetune/I5_R60/seed0/best.pt
[2026-08-19 02:27:27] [finetune I5_R60 seed3 gpu3] head finetune done best_epoch=21 val_loss=0.658185
[2026-08-19 02:27:27] [finetune I5_R20 seed3 gpu2] head finetune epoch=5 train_loss=0.675592 val_loss=0.674914
[2026-08-19 02:27:27] [finetune I5_R20 seed3 gpu2] new best epoch=5 val_loss=0.674914 -> /data/kaibiao/data/projects/rpt-re/processed/cn/transfer_from_us/finetune/I5_R20/seed3/best.pt
[2026-08-19 02:27:27] [finetune I5_R60 seed2 gpu1] head finetune epoch=18 train_loss=0.660389 val_loss=0.661688
[2026-08-19 02:27:27] [finetune I5_R60 seed2 gpu1] new best epoch=18 val_loss=0.661688 -> /data/kaibiao/data/projects/rpt-re/processed/cn/transfer_from_us/finetune/I5_R60/seed2/best.pt
[2026-08-19 02:27:27] [finetune I5_R60 seed1 gpu2] head finetune epoch=14 train_loss=0.664194 val_loss=0.664085
[2026-08-19 02:27:27] [finetune I5_R60 seed1 gpu2] new best epoch=14 val_loss=0.664085 -> /data/kaibiao/data/projects/rpt-re/processed/cn/transfer_from_us/finetune/I5_R60/seed1/best.pt
[2026-08-19 02:27:27] [finetune I5_R20 seed2 gpu3] head finetune epoch=5 train_loss=0.675683 val_loss=0.675679
[2026-08-19 02:27:27] [finetune I5_R20 seed2 gpu3] new best epoch=5 val_loss=0.675679 -> /data/kaibiao/data/projects/rpt-re/processed/cn/transfer_from_us/finetune/I5_R20/seed2/best.pt
[2026-08-19 02:27:28] [finetune I20_R60 seed3 gpu3] head finetune epoch=4 train_loss=0.638287 val_loss=0.641880
[2026-08-19 02:27:28] [finetune I5_R60 seed4 gpu2] head finetune epoch=16 train_loss=0.660256 val_loss=0.662182
[2026-08-19 02:27:28] [finetune I20_R60 seed3 gpu3] new best epoch=4 val_loss=0.641880 -> /data/kaibiao/data/projects/rpt-re/processed/cn/transfer_from_us/finetune/I20_R60/seed3/best.pt
[2026-08-19 02:27:29] [finetune I5_R60 seed0 gpu3] head finetune epoch=21 train_loss=0.659202 val_loss=0.660667
[2026-08-19 02:27:29] [finetune I5_R20 seed4 gpu1] head finetune epoch=5 train_loss=0.675945 val_loss=0.675417
[2026-08-19 02:27:29] [finetune I5_R60 seed3 gpu3] I5_R60 seed3 finetune predict n=44539 -> /data/kaibiao/data/projects/rpt-re/processed/cn/transfer_from_us/finetune/I5_R60/seed3_pred.feather
[2026-08-19 02:27:29] [finetune I5_R20 seed4 gpu1] new best epoch=5 val_loss=0.675417 -> /data/kaibiao/data/projects/rpt-re/processed/cn/transfer_from_us/finetune/I5_R20/seed4/best.pt
[2026-08-19 02:27:29] [finetune I5_R5 seed2 gpu2] head finetune epoch=1 train_loss=0.688945 val_loss=0.687465
[2026-08-19 02:27:29] [finetune I5_R5 seed2 gpu2] new best epoch=1 val_loss=0.687465 -> /data/kaibiao/data/projects/rpt-re/processed/cn/transfer_from_us/finetune/I5_R5/seed2/best.pt
[2026-08-19 02:27:29] [finetune I5_R60 seed2 gpu1] head finetune epoch=19 train_loss=0.659273 val_loss=0.660975
[2026-08-19 02:27:29] [finetune I5_R60 seed2 gpu1] new best epoch=19 val_loss=0.660975 -> /data/kaibiao/data/projects/rpt-re/processed/cn/transfer_from_us/finetune/I5_R60/seed2/best.pt
[2026-08-19 02:27:29] [finetune I20_R60 seed1 gpu2] head finetune epoch=5 train_loss=0.630063 val_loss=0.631896
[2026-08-19 02:27:29] [finetune I5_R60 seed1 gpu2] head finetune epoch=15 train_loss=0.663332 val_loss=0.664350
[2026-08-19 02:27:29] [finetune I20_R60 seed1 gpu2] new best epoch=5 val_loss=0.631896 -> /data/kaibiao/data/projects/rpt-re/processed/cn/transfer_from_us/finetune/I20_R60/seed1/best.pt
[2026-08-19 02:27:30] [finetune I20_R60 seed0 gpu3] head finetune epoch=4 train_loss=0.641147 val_loss=0.639920
[2026-08-19 02:27:30] [finetune I20_R60 seed0 gpu3] new best epoch=4 val_loss=0.639920 -> /data/kaibiao/data/projects/rpt-re/processed/cn/transfer_from_us/finetune/I20_R60/seed0/best.pt
[2026-08-19 02:27:30] [finetune I5_R60 seed3 gpu3] done
[2026-08-19 02:27:30] [finetune I60_R5 seed1 gpu3] start
[2026-08-19 02:27:30] [finetune I5_R60 seed4 gpu2] head finetune epoch=17 train_loss=0.659186 val_loss=0.659622
[2026-08-19 02:27:30] [finetune I5_R60 seed4 gpu2] new best epoch=17 val_loss=0.659622 -> /data/kaibiao/data/projects/rpt-re/processed/cn/transfer_from_us/finetune/I5_R60/seed4/best.pt
[2026-08-19 02:27:30] [finetune I5_R60 seed0 gpu3] head finetune epoch=22 train_loss=0.658044 val_loss=0.658926
[2026-08-19 02:27:30] [finetune I5_R60 seed0 gpu3] new best epoch=22 val_loss=0.658926 -> /data/kaibiao/data/projects/rpt-re/processed/cn/transfer_from_us/finetune/I5_R60/seed0/best.pt
[2026-08-19 02:27:31] [finetune I5_R60 seed1 gpu2] head finetune epoch=16 train_loss=0.662417 val_loss=0.662735
[2026-08-19 02:27:31] [finetune I5_R60 seed1 gpu2] new best epoch=16 val_loss=0.662735 -> /data/kaibiao/data/projects/rpt-re/processed/cn/transfer_from_us/finetune/I5_R60/seed1/best.pt
[2026-08-19 02:27:31] [finetune I5_R60 seed2 gpu1] head finetune epoch=20 train_loss=0.658092 val_loss=0.660190
[2026-08-19 02:27:31] [finetune I5_R60 seed2 gpu1] new best epoch=20 val_loss=0.660190 -> /data/kaibiao/data/projects/rpt-re/processed/cn/transfer_from_us/finetune/I5_R60/seed2/best.pt
[2026-08-19 02:27:31] [finetune I5_R20 seed0 gpu2] head finetune epoch=5 train_loss=0.675698 val_loss=0.675573
[2026-08-19 02:27:31] [finetune I5_R20 seed0 gpu2] new best epoch=5 val_loss=0.675573 -> /data/kaibiao/data/projects/rpt-re/processed/cn/transfer_from_us/finetune/I5_R20/seed0/best.pt
[2026-08-19 02:27:31] [finetune I5_R20 seed1 gpu1] head finetune epoch=7 train_loss=0.674326 val_loss=0.674304
[2026-08-19 02:27:31] [finetune I5_R20 seed1 gpu1] new best epoch=7 val_loss=0.674304 -> /data/kaibiao/data/projects/rpt-re/processed/cn/transfer_from_us/finetune/I5_R20/seed1/best.pt
[2026-08-19 02:27:32] [finetune I20_R60 seed4 gpu2] head finetune epoch=4 train_loss=0.640355 val_loss=0.639115
[2026-08-19 02:27:32] [finetune I20_R60 seed4 gpu2] new best epoch=4 val_loss=0.639115 -> /data/kaibiao/data/projects/rpt-re/processed/cn/transfer_from_us/finetune/I20_R60/seed4/best.pt
[2026-08-19 02:27:32] [finetune I5_R60 seed0 gpu3] head finetune epoch=23 train_loss=0.658248 val_loss=0.658280
[2026-08-19 02:27:32] [finetune I5_R60 seed0 gpu3] new best epoch=23 val_loss=0.658280 -> /data/kaibiao/data/projects/rpt-re/processed/cn/transfer_from_us/finetune/I5_R60/seed0/best.pt
[2026-08-19 02:27:32] [finetune I5_R60 seed4 gpu2] head finetune epoch=18 train_loss=0.658114 val_loss=0.658148
[2026-08-19 02:27:32] [finetune I5_R60 seed4 gpu2] new best epoch=18 val_loss=0.658148 -> /data/kaibiao/data/projects/rpt-re/processed/cn/transfer_from_us/finetune/I5_R60/seed4/best.pt
[2026-08-19 02:27:32] [finetune I5_R20 seed2 gpu3] head finetune epoch=6 train_loss=0.674668 val_loss=0.674662
[2026-08-19 02:27:32] [finetune I5_R20 seed2 gpu3] new best epoch=6 val_loss=0.674662 -> /data/kaibiao/data/projects/rpt-re/processed/cn/transfer_from_us/finetune/I5_R20/seed2/best.pt
[2026-08-19 02:27:32] [finetune I5_R20 seed3 gpu2] head finetune epoch=6 train_loss=0.674470 val_loss=0.674307
[2026-08-19 02:27:32] [finetune I5_R20 seed3 gpu2] new best epoch=6 val_loss=0.674307 -> /data/kaibiao/data/projects/rpt-re/processed/cn/transfer_from_us/finetune/I5_R20/seed3/best.pt
[2026-08-19 02:27:32] [finetune I5_R60 seed1 gpu2] head finetune epoch=17 train_loss=0.660995 val_loss=0.663877
[2026-08-19 02:27:33] [finetune I5_R60 seed2 gpu1] head finetune epoch=21 train_loss=0.657755 val_loss=0.660775
[2026-08-19 02:27:33] [finetune I20_R60 seed2 gpu1] head finetune epoch=5 train_loss=0.632848 val_loss=0.633398
[2026-08-19 02:27:33] [finetune I20_R60 seed2 gpu1] new best epoch=5 val_loss=0.633398 -> /data/kaibiao/data/projects/rpt-re/processed/cn/transfer_from_us/finetune/I20_R60/seed2/best.pt
[2026-08-19 02:27:33] [finetune I5_R60 seed0 gpu3] head finetune epoch=24 train_loss=0.655964 val_loss=0.658104
[2026-08-19 02:27:33] [finetune I5_R60 seed0 gpu3] new best epoch=24 val_loss=0.658104 -> /data/kaibiao/data/projects/rpt-re/processed/cn/transfer_from_us/finetune/I5_R60/seed0/best.pt
[2026-08-19 02:27:33] [finetune I60_R5 seed1 gpu3] I60/R5 freq=week split_seed=0 train=392760 val=168326 test=593690 pixel_mean=15.655615 pixel_std=61.213426
[2026-08-19 02:27:33] [finetune I60_R5 seed1 gpu3] I60_R5 finetune seed=1
[2026-08-19 02:27:33] [finetune I60_R5 seed1 gpu3] init full weights from /data/kaibiao/data/projects/rpt-re/processed/us/models/I60_R5/seed1/best.pt
[2026-08-19 02:27:34] [finetune I5_R60 seed4 gpu2] head finetune epoch=19 train_loss=0.657129 val_loss=0.657365
[2026-08-19 02:27:34] [finetune I5_R60 seed4 gpu2] new best epoch=19 val_loss=0.657365 -> /data/kaibiao/data/projects/rpt-re/processed/cn/transfer_from_us/finetune/I5_R60/seed4/best.pt
[2026-08-19 02:27:34] [finetune I5_R20 seed4 gpu1] head finetune epoch=6 train_loss=0.674677 val_loss=0.674623
[2026-08-19 02:27:34] [finetune I5_R20 seed4 gpu1] new best epoch=6 val_loss=0.674623 -> /data/kaibiao/data/projects/rpt-re/processed/cn/transfer_from_us/finetune/I5_R20/seed4/best.pt
[2026-08-19 02:27:34] [finetune I5_R60 seed1 gpu2] head finetune epoch=18 train_loss=0.660723 val_loss=0.663670
[2026-08-19 02:27:34] [finetune I5_R60 seed1 gpu2] early stop at epoch=18 best_epoch=16
[2026-08-19 02:27:34] [finetune I5_R60 seed2 gpu1] head finetune epoch=22 train_loss=0.657130 val_loss=0.659829
[2026-08-19 02:27:34] [finetune I5_R60 seed2 gpu1] new best epoch=22 val_loss=0.659829 -> /data/kaibiao/data/projects/rpt-re/processed/cn/transfer_from_us/finetune/I5_R60/seed2/best.pt
[2026-08-19 02:27:35] [finetune I5_R60 seed1 gpu2] head finetune done best_epoch=16 val_loss=0.662735
[2026-08-19 02:27:35] [finetune I20_R60 seed3 gpu3] head finetune epoch=5 train_loss=0.633893 val_loss=0.630724
[2026-08-19 02:27:35] [finetune I20_R60 seed3 gpu3] new best epoch=5 val_loss=0.630724 -> /data/kaibiao/data/projects/rpt-re/processed/cn/transfer_from_us/finetune/I20_R60/seed3/best.pt
[2026-08-19 02:27:35] [finetune I5_R60 seed0 gpu3] head finetune epoch=25 train_loss=0.656794 val_loss=0.657960
[2026-08-19 02:27:35] [finetune I5_R60 seed0 gpu3] new best epoch=25 val_loss=0.657960 -> /data/kaibiao/data/projects/rpt-re/processed/cn/transfer_from_us/finetune/I5_R60/seed0/best.pt
[2026-08-19 02:27:35] [finetune I5_R60 seed4 gpu2] head finetune epoch=20 train_loss=0.655968 val_loss=0.658692
[2026-08-19 02:27:36] [finetune I20_R60 seed1 gpu2] head finetune epoch=6 train_loss=0.627289 val_loss=0.628441
[2026-08-19 02:27:36] [finetune I20_R60 seed1 gpu2] new best epoch=6 val_loss=0.628441 -> /data/kaibiao/data/projects/rpt-re/processed/cn/transfer_from_us/finetune/I20_R60/seed1/best.pt
[2026-08-19 02:27:36] [finetune I5_R20 seed0 gpu2] head finetune epoch=6 train_loss=0.674321 val_loss=0.674109
[2026-08-19 02:27:36] [finetune I5_R20 seed0 gpu2] new best epoch=6 val_loss=0.674109 -> /data/kaibiao/data/projects/rpt-re/processed/cn/transfer_from_us/finetune/I5_R20/seed0/best.pt
[2026-08-19 02:27:36] [finetune I5_R60 seed2 gpu1] head finetune epoch=23 train_loss=0.656682 val_loss=0.658652
[2026-08-19 02:27:36] [finetune I5_R60 seed2 gpu1] new best epoch=23 val_loss=0.658652 -> /data/kaibiao/data/projects/rpt-re/processed/cn/transfer_from_us/finetune/I5_R60/seed2/best.pt
[2026-08-19 02:27:36] [finetune I20_R60 seed0 gpu3] head finetune epoch=5 train_loss=0.632065 val_loss=0.639825
[2026-08-19 02:27:36] [finetune I20_R60 seed0 gpu3] new best epoch=5 val_loss=0.639825 -> /data/kaibiao/data/projects/rpt-re/processed/cn/transfer_from_us/finetune/I20_R60/seed0/best.pt
[2026-08-19 02:27:36] [finetune I5_R60 seed1 gpu2] I5_R60 seed1 finetune predict n=44539 -> /data/kaibiao/data/projects/rpt-re/processed/cn/transfer_from_us/finetune/I5_R60/seed1_pred.feather
[2026-08-19 02:27:36] [finetune I5_R20 seed1 gpu1] head finetune epoch=8 train_loss=0.673471 val_loss=0.673820
[2026-08-19 02:27:36] [finetune I5_R20 seed1 gpu1] new best epoch=8 val_loss=0.673820 -> /data/kaibiao/data/projects/rpt-re/processed/cn/transfer_from_us/finetune/I5_R20/seed1/best.pt
[2026-08-19 02:27:37] [finetune I5_R60 seed0 gpu3] head finetune epoch=26 train_loss=0.656550 val_loss=0.656678
[2026-08-19 02:27:37] [finetune I5_R60 seed0 gpu3] new best epoch=26 val_loss=0.656678 -> /data/kaibiao/data/projects/rpt-re/processed/cn/transfer_from_us/finetune/I5_R60/seed0/best.pt
[2026-08-19 02:27:37] [finetune I5_R20 seed2 gpu3] head finetune epoch=7 train_loss=0.673399 val_loss=0.674218
[2026-08-19 02:27:37] [finetune I5_R20 seed2 gpu3] new best epoch=7 val_loss=0.674218 -> /data/kaibiao/data/projects/rpt-re/processed/cn/transfer_from_us/finetune/I5_R20/seed2/best.pt
[2026-08-19 02:27:37] [finetune I5_R60 seed4 gpu2] head finetune epoch=21 train_loss=0.655713 val_loss=0.656849
[2026-08-19 02:27:37] [finetune I5_R60 seed4 gpu2] new best epoch=21 val_loss=0.656849 -> /data/kaibiao/data/projects/rpt-re/processed/cn/transfer_from_us/finetune/I5_R60/seed4/best.pt
[2026-08-19 02:27:37] [finetune I5_R20 seed3 gpu2] head finetune epoch=7 train_loss=0.673745 val_loss=0.673696
[2026-08-19 02:27:37] [finetune I5_R20 seed3 gpu2] new best epoch=7 val_loss=0.673696 -> /data/kaibiao/data/projects/rpt-re/processed/cn/transfer_from_us/finetune/I5_R20/seed3/best.pt
[2026-08-19 02:27:37] [finetune I5_R60 seed1 gpu2] done
[2026-08-19 02:27:37] [finetune I60_R5 seed2 gpu2] start
[2026-08-19 02:27:38] [finetune I5_R60 seed2 gpu1] head finetune epoch=24 train_loss=0.655855 val_loss=0.659110
[2026-08-19 02:27:38] [finetune I20_R60 seed4 gpu2] head finetune epoch=5 train_loss=0.629326 val_loss=0.639462
[2026-08-19 02:27:38] [finetune I5_R60 seed0 gpu3] head finetune epoch=27 train_loss=0.655684 val_loss=0.656133
[2026-08-19 02:27:38] [finetune I5_R60 seed0 gpu3] new best epoch=27 val_loss=0.656133 -> /data/kaibiao/data/projects/rpt-re/processed/cn/transfer_from_us/finetune/I5_R60/seed0/best.pt
[2026-08-19 02:27:38] [finetune I5_R60 seed4 gpu2] head finetune epoch=22 train_loss=0.655140 val_loss=0.656037
[2026-08-19 02:27:38] [finetune I5_R60 seed4 gpu2] new best epoch=22 val_loss=0.656037 -> /data/kaibiao/data/projects/rpt-re/processed/cn/transfer_from_us/finetune/I5_R60/seed4/best.pt
[2026-08-19 02:27:39] [finetune I5_R20 seed4 gpu1] head finetune epoch=7 train_loss=0.674275 val_loss=0.674260
[2026-08-19 02:27:39] [finetune I5_R20 seed4 gpu1] new best epoch=7 val_loss=0.674260 -> /data/kaibiao/data/projects/rpt-re/processed/cn/transfer_from_us/finetune/I5_R20/seed4/best.pt
[2026-08-19 02:27:39] [finetune I5_R60 seed2 gpu1] head finetune epoch=25 train_loss=0.655315 val_loss=0.658038
[2026-08-19 02:27:39] [finetune I5_R60 seed2 gpu1] new best epoch=25 val_loss=0.658038 -> /data/kaibiao/data/projects/rpt-re/processed/cn/transfer_from_us/finetune/I5_R60/seed2/best.pt
[2026-08-19 02:27:40] [finetune I5_R60 seed0 gpu3] head finetune epoch=28 train_loss=0.654970 val_loss=0.655694
[2026-08-19 02:27:40] [finetune I5_R60 seed0 gpu3] new best epoch=28 val_loss=0.655694 -> /data/kaibiao/data/projects/rpt-re/processed/cn/transfer_from_us/finetune/I5_R60/seed0/best.pt
[2026-08-19 02:27:40] [finetune I20_R60 seed2 gpu1] head finetune epoch=6 train_loss=0.624695 val_loss=0.633146
[2026-08-19 02:27:40] [finetune I20_R60 seed2 gpu1] new best epoch=6 val_loss=0.633146 -> /data/kaibiao/data/projects/rpt-re/processed/cn/transfer_from_us/finetune/I20_R60/seed2/best.pt
[2026-08-19 02:27:40] [finetune I5_R60 seed4 gpu2] head finetune epoch=23 train_loss=0.654504 val_loss=0.655145
[2026-08-19 02:27:40] [finetune I5_R60 seed4 gpu2] new best epoch=23 val_loss=0.655145 -> /data/kaibiao/data/projects/rpt-re/processed/cn/transfer_from_us/finetune/I5_R60/seed4/best.pt
[2026-08-19 02:27:40] [finetune I5_R20 seed0 gpu2] head finetune epoch=7 train_loss=0.673438 val_loss=0.673916
[2026-08-19 02:27:40] [finetune I5_R20 seed0 gpu2] new best epoch=7 val_loss=0.673916 -> /data/kaibiao/data/projects/rpt-re/processed/cn/transfer_from_us/finetune/I5_R20/seed0/best.pt
[2026-08-19 02:27:41] [finetune I60_R5 seed2 gpu2] I60/R5 freq=week split_seed=0 train=392760 val=168326 test=593690 pixel_mean=15.655615 pixel_std=61.213426
[2026-08-19 02:27:41] [finetune I60_R5 seed2 gpu2] I60_R5 finetune seed=2
[2026-08-19 02:27:41] [finetune I60_R5 seed2 gpu2] init full weights from /data/kaibiao/data/projects/rpt-re/processed/us/models/I60_R5/seed2/best.pt
[2026-08-19 02:27:41] [finetune I20_R60 seed3 gpu3] head finetune epoch=6 train_loss=0.624986 val_loss=0.627486
[2026-08-19 02:27:41] [finetune I20_R60 seed3 gpu3] new best epoch=6 val_loss=0.627486 -> /data/kaibiao/data/projects/rpt-re/processed/cn/transfer_from_us/finetune/I20_R60/seed3/best.pt
[2026-08-19 02:27:41] [finetune I5_R60 seed2 gpu1] head finetune epoch=26 train_loss=0.654799 val_loss=0.658078
[2026-08-19 02:27:41] [finetune I5_R20 seed2 gpu3] head finetune epoch=8 train_loss=0.672946 val_loss=0.673813
[2026-08-19 02:27:41] [finetune I5_R20 seed2 gpu3] new best epoch=8 val_loss=0.673813 -> /data/kaibiao/data/projects/rpt-re/processed/cn/transfer_from_us/finetune/I5_R20/seed2/best.pt
[2026-08-19 02:27:41] [finetune I5_R60 seed0 gpu3] head finetune epoch=29 train_loss=0.654152 val_loss=0.655820
[2026-08-19 02:27:41] [finetune I5_R60 seed4 gpu2] head finetune epoch=24 train_loss=0.653355 val_loss=0.654179
[2026-08-19 02:27:41] [finetune I5_R60 seed4 gpu2] new best epoch=24 val_loss=0.654179 -> /data/kaibiao/data/projects/rpt-re/processed/cn/transfer_from_us/finetune/I5_R60/seed4/best.pt
[2026-08-19 02:27:41] [finetune I5_R20 seed1 gpu1] head finetune epoch=9 train_loss=0.672844 val_loss=0.673579
[2026-08-19 02:27:41] [finetune I5_R20 seed1 gpu1] new best epoch=9 val_loss=0.673579 -> /data/kaibiao/data/projects/rpt-re/processed/cn/transfer_from_us/finetune/I5_R20/seed1/best.pt
[2026-08-19 02:27:42] [finetune I5_R20 seed3 gpu2] head finetune epoch=8 train_loss=0.672775 val_loss=0.674140
[2026-08-19 02:27:42] [finetune I20_R20 seed2 gpu3] head finetune epoch=2 train_loss=0.665641 val_loss=0.664621
[2026-08-19 02:27:42] [finetune I20_R20 seed2 gpu3] new best epoch=2 val_loss=0.664621 -> /data/kaibiao/data/projects/rpt-re/processed/cn/transfer_from_us/finetune/I20_R20/seed2/best.pt
[2026-08-19 02:27:42] [finetune I20_R60 seed1 gpu2] head finetune epoch=7 train_loss=0.623211 val_loss=0.628258
[2026-08-19 02:27:42] [finetune I20_R60 seed1 gpu2] new best epoch=7 val_loss=0.628258 -> /data/kaibiao/data/projects/rpt-re/processed/cn/transfer_from_us/finetune/I20_R60/seed1/best.pt
[2026-08-19 02:27:42] [finetune I20_R60 seed0 gpu3] head finetune epoch=6 train_loss=0.629229 val_loss=0.632086
[2026-08-19 02:27:42] [finetune I20_R60 seed0 gpu3] new best epoch=6 val_loss=0.632086 -> /data/kaibiao/data/projects/rpt-re/processed/cn/transfer_from_us/finetune/I20_R60/seed0/best.pt
[2026-08-19 02:27:43] [finetune I5_R60 seed2 gpu1] head finetune epoch=27 train_loss=0.654501 val_loss=0.658147
[2026-08-19 02:27:43] [finetune I5_R60 seed2 gpu1] early stop at epoch=27 best_epoch=25
[2026-08-19 02:27:43] [finetune I5_R60 seed0 gpu3] head finetune epoch=30 train_loss=0.653522 val_loss=0.656759
[2026-08-19 02:27:43] [finetune I5_R60 seed0 gpu3] early stop at epoch=30 best_epoch=28
[2026-08-19 02:27:43] [finetune I5_R60 seed4 gpu2] head finetune epoch=25 train_loss=0.652977 val_loss=0.653964
[2026-08-19 02:27:43] [finetune I5_R60 seed4 gpu2] new best epoch=25 val_loss=0.653964 -> /data/kaibiao/data/projects/rpt-re/processed/cn/transfer_from_us/finetune/I5_R60/seed4/best.pt
[2026-08-19 02:27:43] [finetune I5_R60 seed0 gpu3] head finetune done best_epoch=28 val_loss=0.655694
[2026-08-19 02:27:43] [finetune I5_R60 seed2 gpu1] head finetune done best_epoch=25 val_loss=0.658038
[2026-08-19 02:27:44] [finetune I20_R20 seed4 gpu1] head finetune epoch=2 train_loss=0.666273 val_loss=0.660915
[2026-08-19 02:27:44] [finetune I20_R20 seed4 gpu1] new best epoch=2 val_loss=0.660915 -> /data/kaibiao/data/projects/rpt-re/processed/cn/transfer_from_us/finetune/I20_R20/seed4/best.pt
[2026-08-19 02:27:44] [finetune I20_R20 seed1 gpu1] head finetune epoch=2 train_loss=0.665951 val_loss=0.661010
[2026-08-19 02:27:44] [finetune I20_R20 seed1 gpu1] new best epoch=2 val_loss=0.661010 -> /data/kaibiao/data/projects/rpt-re/processed/cn/transfer_from_us/finetune/I20_R20/seed1/best.pt
[2026-08-19 02:27:44] [finetune I20_R20 seed3 gpu2] head finetune epoch=2 train_loss=0.667891 val_loss=0.663667
[2026-08-19 02:27:44] [finetune I20_R20 seed3 gpu2] new best epoch=2 val_loss=0.663667 -> /data/kaibiao/data/projects/rpt-re/processed/cn/transfer_from_us/finetune/I20_R20/seed3/best.pt
[2026-08-19 02:27:44] [finetune I20_R20 seed0 gpu2] head finetune epoch=2 train_loss=0.668945 val_loss=0.664725
[2026-08-19 02:27:44] [finetune I20_R20 seed0 gpu2] new best epoch=2 val_loss=0.664725 -> /data/kaibiao/data/projects/rpt-re/processed/cn/transfer_from_us/finetune/I20_R20/seed0/best.pt
[2026-08-19 02:27:44] [finetune I20_R60 seed4 gpu2] head finetune epoch=6 train_loss=0.628771 val_loss=0.636062
[2026-08-19 02:27:44] [finetune I5_R20 seed4 gpu1] head finetune epoch=8 train_loss=0.673145 val_loss=0.676521
[2026-08-19 02:27:44] [finetune I20_R60 seed4 gpu2] new best epoch=6 val_loss=0.636062 -> /data/kaibiao/data/projects/rpt-re/processed/cn/transfer_from_us/finetune/I20_R60/seed4/best.pt
[2026-08-19 02:27:44] [finetune I5_R60 seed4 gpu2] head finetune epoch=26 train_loss=0.652684 val_loss=0.653191
[2026-08-19 02:27:45] [finetune I5_R60 seed4 gpu2] new best epoch=26 val_loss=0.653191 -> /data/kaibiao/data/projects/rpt-re/processed/cn/transfer_from_us/finetune/I5_R60/seed4/best.pt
[2026-08-19 02:27:45] [finetune I5_R20 seed0 gpu2] head finetune epoch=8 train_loss=0.672723 val_loss=0.673585
[2026-08-19 02:27:45] [finetune I5_R20 seed0 gpu2] new best epoch=8 val_loss=0.673585 -> /data/kaibiao/data/projects/rpt-re/processed/cn/transfer_from_us/finetune/I5_R20/seed0/best.pt
[2026-08-19 02:27:45] [finetune I5_R60 seed0 gpu3] I5_R60 seed0 finetune predict n=44539 -> /data/kaibiao/data/projects/rpt-re/processed/cn/transfer_from_us/finetune/I5_R60/seed0_pred.feather
[2026-08-19 02:27:45] [finetune I5_R60 seed2 gpu1] I5_R60 seed2 finetune predict n=44539 -> /data/kaibiao/data/projects/rpt-re/processed/cn/transfer_from_us/finetune/I5_R60/seed2_pred.feather
[2026-08-19 02:27:46] [finetune I5_R20 seed2 gpu3] head finetune epoch=9 train_loss=0.671954 val_loss=0.673153
[2026-08-19 02:27:46] [finetune I5_R20 seed2 gpu3] new best epoch=9 val_loss=0.673153 -> /data/kaibiao/data/projects/rpt-re/processed/cn/transfer_from_us/finetune/I5_R20/seed2/best.pt
[2026-08-19 02:27:46] [finetune I5_R20 seed3 gpu2] head finetune epoch=9 train_loss=0.672221 val_loss=0.672527
[2026-08-19 02:27:46] [finetune I5_R20 seed3 gpu2] new best epoch=9 val_loss=0.672527 -> /data/kaibiao/data/projects/rpt-re/processed/cn/transfer_from_us/finetune/I5_R20/seed3/best.pt
[2026-08-19 02:27:46] [finetune I5_R60 seed4 gpu2] head finetune epoch=27 train_loss=0.651160 val_loss=0.653131
[2026-08-19 02:27:46] [finetune I5_R5 seed4 gpu3] head finetune epoch=2 train_loss=0.685510 val_loss=0.684483
[2026-08-19 02:27:46] [finetune I5_R60 seed4 gpu2] new best epoch=27 val_loss=0.653131 -> /data/kaibiao/data/projects/rpt-re/processed/cn/transfer_from_us/finetune/I5_R60/seed4/best.pt
[2026-08-19 02:27:46] [finetune I5_R5 seed4 gpu3] new best epoch=2 val_loss=0.684483 -> /data/kaibiao/data/projects/rpt-re/processed/cn/transfer_from_us/finetune/I5_R5/seed4/best.pt
[2026-08-19 02:27:46] [finetune I5_R60 seed0 gpu3] done
[2026-08-19 02:27:46] [finetune I60_R5 seed3 gpu3] start
[2026-08-19 02:27:46] [finetune I5_R60 seed2 gpu1] done
[2026-08-19 02:27:46] [finetune I60_R5 seed4 gpu1] start
[2026-08-19 02:27:46] [finetune I5_R5 seed1 gpu3] head finetune epoch=2 train_loss=0.685918 val_loss=0.685020
[2026-08-19 02:27:46] [finetune I5_R5 seed1 gpu3] new best epoch=2 val_loss=0.685020 -> /data/kaibiao/data/projects/rpt-re/processed/cn/transfer_from_us/finetune/I5_R5/seed1/best.pt
[2026-08-19 02:27:46] [finetune I5_R20 seed1 gpu1] head finetune epoch=10 train_loss=0.672631 val_loss=0.672692
[2026-08-19 02:27:46] [finetune I5_R20 seed1 gpu1] new best epoch=10 val_loss=0.672692 -> /data/kaibiao/data/projects/rpt-re/processed/cn/transfer_from_us/finetune/I5_R20/seed1/best.pt
[2026-08-19 02:27:46] [finetune I20_R60 seed2 gpu1] head finetune epoch=7 train_loss=0.620308 val_loss=0.628308
[2026-08-19 02:27:46] [finetune I20_R60 seed2 gpu1] new best epoch=7 val_loss=0.628308 -> /data/kaibiao/data/projects/rpt-re/processed/cn/transfer_from_us/finetune/I20_R60/seed2/best.pt
[2026-08-19 02:27:47] [finetune I20_R60 seed3 gpu3] head finetune epoch=7 train_loss=0.620181 val_loss=0.625067
[2026-08-19 02:27:47] [finetune I20_R60 seed3 gpu3] new best epoch=7 val_loss=0.625067 -> /data/kaibiao/data/projects/rpt-re/processed/cn/transfer_from_us/finetune/I20_R60/seed3/best.pt
[2026-08-19 02:27:47] [finetune I5_R60 seed4 gpu2] head finetune epoch=28 train_loss=0.650785 val_loss=0.652490
[2026-08-19 02:27:47] [finetune I5_R60 seed4 gpu2] new best epoch=28 val_loss=0.652490 -> /data/kaibiao/data/projects/rpt-re/processed/cn/transfer_from_us/finetune/I5_R60/seed4/best.pt
[2026-08-19 02:27:48] [finetune I20_R60 seed1 gpu2] head finetune epoch=8 train_loss=0.616083 val_loss=0.627776
[2026-08-19 02:27:48] [finetune I20_R60 seed1 gpu2] new best epoch=8 val_loss=0.627776 -> /data/kaibiao/data/projects/rpt-re/processed/cn/transfer_from_us/finetune/I20_R60/seed1/best.pt
[2026-08-19 02:27:48] [finetune I5_R5 seed0 gpu1] head finetune epoch=2 train_loss=0.685444 val_loss=0.684367
[2026-08-19 02:27:48] [finetune I5_R5 seed0 gpu1] new best epoch=2 val_loss=0.684367 -> /data/kaibiao/data/projects/rpt-re/processed/cn/transfer_from_us/finetune/I5_R5/seed0/best.pt
[2026-08-19 02:27:48] [finetune I5_R5 seed3 gpu1] head finetune epoch=2 train_loss=0.685658 val_loss=0.684580
[2026-08-19 02:27:48] [finetune I5_R5 seed3 gpu1] new best epoch=2 val_loss=0.684580 -> /data/kaibiao/data/projects/rpt-re/processed/cn/transfer_from_us/finetune/I5_R5/seed3/best.pt
[2026-08-19 02:27:48] [finetune I20_R60 seed0 gpu3] head finetune epoch=7 train_loss=0.624349 val_loss=0.628668
[2026-08-19 02:27:48] [finetune I20_R60 seed0 gpu3] new best epoch=7 val_loss=0.628668 -> /data/kaibiao/data/projects/rpt-re/processed/cn/transfer_from_us/finetune/I20_R60/seed0/best.pt
[2026-08-19 02:27:48] [finetune I5_R5 seed2 gpu2] head finetune epoch=2 train_loss=0.685873 val_loss=0.685230
[2026-08-19 02:27:48] [finetune I5_R5 seed2 gpu2] new best epoch=2 val_loss=0.685230 -> /data/kaibiao/data/projects/rpt-re/processed/cn/transfer_from_us/finetune/I5_R5/seed2/best.pt
[2026-08-19 02:27:49] [finetune I5_R20 seed4 gpu1] head finetune epoch=9 train_loss=0.672262 val_loss=0.672850
[2026-08-19 02:27:49] [finetune I5_R20 seed4 gpu1] new best epoch=9 val_loss=0.672850 -> /data/kaibiao/data/projects/rpt-re/processed/cn/transfer_from_us/finetune/I5_R20/seed4/best.pt
[2026-08-19 02:27:49] [finetune I5_R60 seed4 gpu2] head finetune epoch=29 train_loss=0.650637 val_loss=0.652051
[2026-08-19 02:27:49] [finetune I5_R60 seed4 gpu2] new best epoch=29 val_loss=0.652051 -> /data/kaibiao/data/projects/rpt-re/processed/cn/transfer_from_us/finetune/I5_R60/seed4/best.pt
[2026-08-19 02:27:49] [finetune I5_R20 seed0 gpu2] head finetune epoch=9 train_loss=0.671651 val_loss=0.672403
[2026-08-19 02:27:49] [finetune I5_R20 seed0 gpu2] new best epoch=9 val_loss=0.672403 -> /data/kaibiao/data/projects/rpt-re/processed/cn/transfer_from_us/finetune/I5_R20/seed0/best.pt
[2026-08-19 02:27:50] [finetune I60_R5 seed3 gpu3] I60/R5 freq=week split_seed=0 train=392760 val=168326 test=593690 pixel_mean=15.655615 pixel_std=61.213426
[2026-08-19 02:27:50] [finetune I60_R5 seed3 gpu3] I60_R5 finetune seed=3
[2026-08-19 02:27:50] [finetune I60_R5 seed3 gpu3] init full weights from /data/kaibiao/data/projects/rpt-re/processed/us/models/I60_R5/seed3/best.pt
[2026-08-19 02:27:50] [finetune I5_R20 seed2 gpu3] head finetune epoch=10 train_loss=0.670978 val_loss=0.672538
[2026-08-19 02:27:50] [finetune I5_R20 seed2 gpu3] new best epoch=10 val_loss=0.672538 -> /data/kaibiao/data/projects/rpt-re/processed/cn/transfer_from_us/finetune/I5_R20/seed2/best.pt
[2026-08-19 02:27:50] [finetune I60_R5 seed4 gpu1] I60/R5 freq=week split_seed=0 train=392760 val=168326 test=593690 pixel_mean=15.655615 pixel_std=61.213426
[2026-08-19 02:27:50] [finetune I60_R5 seed4 gpu1] I60_R5 finetune seed=4
[2026-08-19 02:27:50] [finetune I60_R5 seed4 gpu1] init full weights from /data/kaibiao/data/projects/rpt-re/processed/us/models/I60_R5/seed4/best.pt
[2026-08-19 02:27:50] [finetune I5_R20 seed3 gpu2] head finetune epoch=10 train_loss=0.671462 val_loss=0.672145
[2026-08-19 02:27:50] [finetune I5_R20 seed3 gpu2] new best epoch=10 val_loss=0.672145 -> /data/kaibiao/data/projects/rpt-re/processed/cn/transfer_from_us/finetune/I5_R20/seed3/best.pt
[2026-08-19 02:27:51] [finetune I5_R60 seed4 gpu2] head finetune epoch=30 train_loss=0.649324 val_loss=0.651963
[2026-08-19 02:27:51] [finetune I5_R60 seed4 gpu2] new best epoch=30 val_loss=0.651963 -> /data/kaibiao/data/projects/rpt-re/processed/cn/transfer_from_us/finetune/I5_R60/seed4/best.pt
[2026-08-19 02:27:51] [finetune I5_R20 seed1 gpu1] head finetune epoch=11 train_loss=0.671843 val_loss=0.672313
[2026-08-19 02:27:51] [finetune I5_R20 seed1 gpu1] new best epoch=11 val_loss=0.672313 -> /data/kaibiao/data/projects/rpt-re/processed/cn/transfer_from_us/finetune/I5_R20/seed1/best.pt
[2026-08-19 02:27:52] [finetune I5_R60 seed4 gpu2] head finetune epoch=31 train_loss=0.648196 val_loss=0.652061
[2026-08-19 02:27:53] [finetune I20_R60 seed3 gpu3] head finetune epoch=8 train_loss=0.617433 val_loss=0.623898
[2026-08-19 02:27:53] [finetune I20_R60 seed3 gpu3] new best epoch=8 val_loss=0.623898 -> /data/kaibiao/data/projects/rpt-re/processed/cn/transfer_from_us/finetune/I20_R60/seed3/best.pt
[2026-08-19 02:27:53] [finetune I20_R60 seed2 gpu1] head finetune epoch=8 train_loss=0.616340 val_loss=0.625805
[2026-08-19 02:27:53] [finetune I20_R60 seed2 gpu1] new best epoch=8 val_loss=0.625805 -> /data/kaibiao/data/projects/rpt-re/processed/cn/transfer_from_us/finetune/I20_R60/seed2/best.pt
[2026-08-19 02:27:53] [finetune I20_R60 seed4 gpu2] head finetune epoch=7 train_loss=0.625350 val_loss=0.627310
[2026-08-19 02:27:53] [finetune I20_R60 seed4 gpu2] new best epoch=7 val_loss=0.627310 -> /data/kaibiao/data/projects/rpt-re/processed/cn/transfer_from_us/finetune/I20_R60/seed4/best.pt
[2026-08-19 02:27:53] [finetune I5_R20 seed4 gpu1] head finetune epoch=10 train_loss=0.671713 val_loss=0.672457
[2026-08-19 02:27:53] [finetune I5_R20 seed4 gpu1] new best epoch=10 val_loss=0.672457 -> /data/kaibiao/data/projects/rpt-re/processed/cn/transfer_from_us/finetune/I5_R20/seed4/best.pt
[2026-08-19 02:27:54] [finetune I5_R60 seed4 gpu2] head finetune epoch=32 train_loss=0.648424 val_loss=0.650861
[2026-08-19 02:27:54] [finetune I5_R60 seed4 gpu2] new best epoch=32 val_loss=0.650861 -> /data/kaibiao/data/projects/rpt-re/processed/cn/transfer_from_us/finetune/I5_R60/seed4/best.pt
[2026-08-19 02:27:54] [finetune I5_R20 seed0 gpu2] head finetune epoch=10 train_loss=0.671470 val_loss=0.672870
[2026-08-19 02:27:54] [finetune I20_R60 seed0 gpu3] head finetune epoch=8 train_loss=0.621792 val_loss=0.628593
[2026-08-19 02:27:54] [finetune I20_R60 seed0 gpu3] new best epoch=8 val_loss=0.628593 -> /data/kaibiao/data/projects/rpt-re/processed/cn/transfer_from_us/finetune/I20_R60/seed0/best.pt
[2026-08-19 02:27:54] [finetune I20_R60 seed1 gpu2] head finetune epoch=9 train_loss=0.613266 val_loss=0.619976
[2026-08-19 02:27:54] [finetune I20_R60 seed1 gpu2] new best epoch=9 val_loss=0.619976 -> /data/kaibiao/data/projects/rpt-re/processed/cn/transfer_from_us/finetune/I20_R60/seed1/best.pt
[2026-08-19 02:27:54] [finetune I5_R20 seed2 gpu3] head finetune epoch=11 train_loss=0.670645 val_loss=0.672157
[2026-08-19 02:27:54] [finetune I5_R20 seed2 gpu3] new best epoch=11 val_loss=0.672157 -> /data/kaibiao/data/projects/rpt-re/processed/cn/transfer_from_us/finetune/I5_R20/seed2/best.pt
[2026-08-19 02:27:55] [finetune I5_R20 seed3 gpu2] head finetune epoch=11 train_loss=0.670925 val_loss=0.671883
[2026-08-19 02:27:55] [finetune I5_R20 seed3 gpu2] new best epoch=11 val_loss=0.671883 -> /data/kaibiao/data/projects/rpt-re/processed/cn/transfer_from_us/finetune/I5_R20/seed3/best.pt
[2026-08-19 02:27:55] [finetune I5_R60 seed4 gpu2] head finetune epoch=33 train_loss=0.648051 val_loss=0.650330
[2026-08-19 02:27:55] [finetune I5_R60 seed4 gpu2] new best epoch=33 val_loss=0.650330 -> /data/kaibiao/data/projects/rpt-re/processed/cn/transfer_from_us/finetune/I5_R60/seed4/best.pt
[2026-08-19 02:27:56] [finetune I5_R20 seed1 gpu1] head finetune epoch=12 train_loss=0.670893 val_loss=0.671843
[2026-08-19 02:27:56] [finetune I5_R20 seed1 gpu1] new best epoch=12 val_loss=0.671843 -> /data/kaibiao/data/projects/rpt-re/processed/cn/transfer_from_us/finetune/I5_R20/seed1/best.pt
[2026-08-19 02:27:57] [finetune I5_R60 seed4 gpu2] head finetune epoch=34 train_loss=0.647924 val_loss=0.649671
[2026-08-19 02:27:57] [finetune I5_R60 seed4 gpu2] new best epoch=34 val_loss=0.649671 -> /data/kaibiao/data/projects/rpt-re/processed/cn/transfer_from_us/finetune/I5_R60/seed4/best.pt
[2026-08-19 02:27:58] [finetune I5_R20 seed4 gpu1] head finetune epoch=11 train_loss=0.671105 val_loss=0.672232
[2026-08-19 02:27:58] [finetune I5_R20 seed4 gpu1] new best epoch=11 val_loss=0.672232 -> /data/kaibiao/data/projects/rpt-re/processed/cn/transfer_from_us/finetune/I5_R20/seed4/best.pt
[2026-08-19 02:27:58] [finetune I20_R60 seed3 gpu3] head finetune epoch=9 train_loss=0.612942 val_loss=0.620075
[2026-08-19 02:27:58] [finetune I20_R60 seed3 gpu3] new best epoch=9 val_loss=0.620075 -> /data/kaibiao/data/projects/rpt-re/processed/cn/transfer_from_us/finetune/I20_R60/seed3/best.pt
[2026-08-19 02:27:58] [finetune I5_R60 seed4 gpu2] head finetune epoch=35 train_loss=0.646057 val_loss=0.649413
[2026-08-19 02:27:58] [finetune I5_R60 seed4 gpu2] new best epoch=35 val_loss=0.649413 -> /data/kaibiao/data/projects/rpt-re/processed/cn/transfer_from_us/finetune/I5_R60/seed4/best.pt
[2026-08-19 02:27:58] [finetune I5_R20 seed0 gpu2] head finetune epoch=11 train_loss=0.670635 val_loss=0.671604
[2026-08-19 02:27:58] [finetune I5_R20 seed0 gpu2] new best epoch=11 val_loss=0.671604 -> /data/kaibiao/data/projects/rpt-re/processed/cn/transfer_from_us/finetune/I5_R20/seed0/best.pt
[2026-08-19 02:27:58] [finetune I5_R20 seed2 gpu3] head finetune epoch=12 train_loss=0.670175 val_loss=0.671876
[2026-08-19 02:27:58] [finetune I5_R20 seed2 gpu3] new best epoch=12 val_loss=0.671876 -> /data/kaibiao/data/projects/rpt-re/processed/cn/transfer_from_us/finetune/I5_R20/seed2/best.pt
[2026-08-19 02:27:59] [finetune I20_R20 seed2 gpu3] head finetune epoch=3 train_loss=0.659373 val_loss=0.660066
[2026-08-19 02:27:59] [finetune I20_R20 seed2 gpu3] new best epoch=3 val_loss=0.660066 -> /data/kaibiao/data/projects/rpt-re/processed/cn/transfer_from_us/finetune/I20_R20/seed2/best.pt
[2026-08-19 02:27:59] [finetune I20_R60 seed2 gpu1] head finetune epoch=9 train_loss=0.614722 val_loss=0.628412
[2026-08-19 02:27:59] [finetune I20_R60 seed4 gpu2] head finetune epoch=8 train_loss=0.615882 val_loss=0.624720
[2026-08-19 02:27:59] [finetune I20_R60 seed4 gpu2] new best epoch=8 val_loss=0.624720 -> /data/kaibiao/data/projects/rpt-re/processed/cn/transfer_from_us/finetune/I20_R60/seed4/best.pt
[2026-08-19 02:28:00] [finetune I5_R20 seed3 gpu2] head finetune epoch=12 train_loss=0.670728 val_loss=0.672121
[2026-08-19 02:28:00] [finetune I20_R60 seed0 gpu3] head finetune epoch=9 train_loss=0.617585 val_loss=0.623147
[2026-08-19 02:28:00] [finetune I20_R60 seed0 gpu3] new best epoch=9 val_loss=0.623147 -> /data/kaibiao/data/projects/rpt-re/processed/cn/transfer_from_us/finetune/I20_R60/seed0/best.pt
[2026-08-19 02:28:00] [finetune I5_R60 seed4 gpu2] head finetune epoch=36 train_loss=0.646326 val_loss=0.649210
[2026-08-19 02:28:00] [finetune I5_R60 seed4 gpu2] new best epoch=36 val_loss=0.649210 -> /data/kaibiao/data/projects/rpt-re/processed/cn/transfer_from_us/finetune/I5_R60/seed4/best.pt
[2026-08-19 02:28:00] [finetune I20_R60 seed1 gpu2] head finetune epoch=10 train_loss=0.607239 val_loss=0.620140
[2026-08-19 02:28:00] [finetune I5_R20 seed1 gpu1] head finetune epoch=13 train_loss=0.670544 val_loss=0.671655
[2026-08-19 02:28:00] [finetune I5_R20 seed1 gpu1] new best epoch=13 val_loss=0.671655 -> /data/kaibiao/data/projects/rpt-re/processed/cn/transfer_from_us/finetune/I5_R20/seed1/best.pt
[2026-08-19 02:28:01] [finetune I5_R60 seed4 gpu2] head finetune epoch=37 train_loss=0.646551 val_loss=0.653711
[2026-08-19 02:28:02] [finetune I20_R20 seed3 gpu2] head finetune epoch=3 train_loss=0.660937 val_loss=0.658084
[2026-08-19 02:28:02] [finetune I20_R20 seed3 gpu2] new best epoch=3 val_loss=0.658084 -> /data/kaibiao/data/projects/rpt-re/processed/cn/transfer_from_us/finetune/I20_R20/seed3/best.pt
[2026-08-19 02:28:02] [finetune I20_R20 seed0 gpu2] head finetune epoch=3 train_loss=0.662145 val_loss=0.660106
[2026-08-19 02:28:02] [finetune I20_R20 seed0 gpu2] new best epoch=3 val_loss=0.660106 -> /data/kaibiao/data/projects/rpt-re/processed/cn/transfer_from_us/finetune/I20_R20/seed0/best.pt
[2026-08-19 02:28:02] [finetune I20_R20 seed4 gpu1] head finetune epoch=3 train_loss=0.658038 val_loss=0.661729
[2026-08-19 02:28:02] [finetune I20_R20 seed1 gpu1] head finetune epoch=3 train_loss=0.659207 val_loss=0.658317
[2026-08-19 02:28:02] [finetune I20_R20 seed1 gpu1] new best epoch=3 val_loss=0.658317 -> /data/kaibiao/data/projects/rpt-re/processed/cn/transfer_from_us/finetune/I20_R20/seed1/best.pt
[2026-08-19 02:28:03] [finetune I5_R20 seed2 gpu3] head finetune epoch=13 train_loss=0.669640 val_loss=0.671429
[2026-08-19 02:28:03] [finetune I5_R20 seed2 gpu3] new best epoch=13 val_loss=0.671429 -> /data/kaibiao/data/projects/rpt-re/processed/cn/transfer_from_us/finetune/I5_R20/seed2/best.pt
[2026-08-19 02:28:03] [finetune I5_R20 seed4 gpu1] head finetune epoch=12 train_loss=0.670710 val_loss=0.671937
[2026-08-19 02:28:03] [finetune I5_R20 seed4 gpu1] new best epoch=12 val_loss=0.671937 -> /data/kaibiao/data/projects/rpt-re/processed/cn/transfer_from_us/finetune/I5_R20/seed4/best.pt
[2026-08-19 02:28:03] [finetune I5_R20 seed0 gpu2] head finetune epoch=12 train_loss=0.669790 val_loss=0.671254
[2026-08-19 02:28:03] [finetune I5_R20 seed0 gpu2] new best epoch=12 val_loss=0.671254 -> /data/kaibiao/data/projects/rpt-re/processed/cn/transfer_from_us/finetune/I5_R20/seed0/best.pt
[2026-08-19 02:28:03] [finetune I5_R60 seed4 gpu2] head finetune epoch=38 train_loss=0.645713 val_loss=0.648659
[2026-08-19 02:28:03] [finetune I5_R60 seed4 gpu2] new best epoch=38 val_loss=0.648659 -> /data/kaibiao/data/projects/rpt-re/processed/cn/transfer_from_us/finetune/I5_R60/seed4/best.pt
[2026-08-19 02:28:04] [finetune I5_R5 seed4 gpu3] head finetune epoch=3 train_loss=0.683991 val_loss=0.683237
[2026-08-19 02:28:04] [finetune I5_R5 seed4 gpu3] new best epoch=3 val_loss=0.683237 -> /data/kaibiao/data/projects/rpt-re/processed/cn/transfer_from_us/finetune/I5_R5/seed4/best.pt
[2026-08-19 02:28:04] [finetune I20_R60 seed3 gpu3] head finetune epoch=10 train_loss=0.611119 val_loss=0.618787
[2026-08-19 02:28:04] [finetune I20_R60 seed3 gpu3] new best epoch=10 val_loss=0.618787 -> /data/kaibiao/data/projects/rpt-re/processed/cn/transfer_from_us/finetune/I20_R60/seed3/best.pt
[2026-08-19 02:28:04] [finetune I5_R5 seed1 gpu3] head finetune epoch=3 train_loss=0.684325 val_loss=0.683770
[2026-08-19 02:28:04] [finetune I5_R5 seed1 gpu3] new best epoch=3 val_loss=0.683770 -> /data/kaibiao/data/projects/rpt-re/processed/cn/transfer_from_us/finetune/I5_R5/seed1/best.pt
[2026-08-19 02:28:04] [finetune I5_R20 seed3 gpu2] head finetune epoch=13 train_loss=0.670193 val_loss=0.671287
[2026-08-19 02:28:04] [finetune I5_R20 seed3 gpu2] new best epoch=13 val_loss=0.671287 -> /data/kaibiao/data/projects/rpt-re/processed/cn/transfer_from_us/finetune/I5_R20/seed3/best.pt
[2026-08-19 02:28:05] [finetune I5_R60 seed4 gpu2] head finetune epoch=39 train_loss=0.644544 val_loss=0.648896
[2026-08-19 02:28:05] [finetune I5_R20 seed1 gpu1] head finetune epoch=14 train_loss=0.669954 val_loss=0.671159
[2026-08-19 02:28:05] [finetune I5_R20 seed1 gpu1] new best epoch=14 val_loss=0.671159 -> /data/kaibiao/data/projects/rpt-re/processed/cn/transfer_from_us/finetune/I5_R20/seed1/best.pt
[2026-08-19 02:28:05] [finetune I20_R60 seed2 gpu1] head finetune epoch=10 train_loss=0.609936 val_loss=0.621577
[2026-08-19 02:28:05] [finetune I20_R60 seed2 gpu1] new best epoch=10 val_loss=0.621577 -> /data/kaibiao/data/projects/rpt-re/processed/cn/transfer_from_us/finetune/I20_R60/seed2/best.pt
[2026-08-19 02:28:05] [finetune I20_R60 seed0 gpu3] head finetune epoch=10 train_loss=0.611994 val_loss=0.626843
[2026-08-19 02:28:05] [finetune I20_R60 seed4 gpu2] head finetune epoch=9 train_loss=0.613504 val_loss=0.622697
[2026-08-19 02:28:05] [finetune I20_R60 seed4 gpu2] new best epoch=9 val_loss=0.622697 -> /data/kaibiao/data/projects/rpt-re/processed/cn/transfer_from_us/finetune/I20_R60/seed4/best.pt
[2026-08-19 02:28:06] [finetune I5_R60 seed4 gpu2] head finetune epoch=40 train_loss=0.644529 val_loss=0.648092
[2026-08-19 02:28:06] [finetune I5_R60 seed4 gpu2] new best epoch=40 val_loss=0.648092 -> /data/kaibiao/data/projects/rpt-re/processed/cn/transfer_from_us/finetune/I5_R60/seed4/best.pt
[2026-08-19 02:28:06] [finetune I20_R60 seed1 gpu2] head finetune epoch=11 train_loss=0.604290 val_loss=0.616190
[2026-08-19 02:28:06] [finetune I20_R60 seed1 gpu2] new best epoch=11 val_loss=0.616190 -> /data/kaibiao/data/projects/rpt-re/processed/cn/transfer_from_us/finetune/I20_R60/seed1/best.pt
[2026-08-19 02:28:07] [finetune I5_R20 seed2 gpu3] head finetune epoch=14 train_loss=0.668962 val_loss=0.671232
[2026-08-19 02:28:07] [finetune I5_R20 seed2 gpu3] new best epoch=14 val_loss=0.671232 -> /data/kaibiao/data/projects/rpt-re/processed/cn/transfer_from_us/finetune/I5_R20/seed2/best.pt
[2026-08-19 02:28:07] [finetune I5_R20 seed4 gpu1] head finetune epoch=13 train_loss=0.669892 val_loss=0.672974
[2026-08-19 02:28:08] [finetune I5_R20 seed0 gpu2] head finetune epoch=13 train_loss=0.669209 val_loss=0.671432
[2026-08-19 02:28:08] [finetune I5_R5 seed0 gpu1] head finetune epoch=3 train_loss=0.683939 val_loss=0.685054
[2026-08-19 02:28:08] [finetune I5_R5 seed3 gpu1] head finetune epoch=3 train_loss=0.684133 val_loss=0.684031
[2026-08-19 02:28:08] [finetune I5_R5 seed3 gpu1] new best epoch=3 val_loss=0.684031 -> /data/kaibiao/data/projects/rpt-re/processed/cn/transfer_from_us/finetune/I5_R5/seed3/best.pt
[2026-08-19 02:28:08] [finetune I5_R60 seed4 gpu2] head finetune epoch=41 train_loss=0.644496 val_loss=0.647221
[2026-08-19 02:28:08] [finetune I5_R60 seed4 gpu2] new best epoch=41 val_loss=0.647221 -> /data/kaibiao/data/projects/rpt-re/processed/cn/transfer_from_us/finetune/I5_R60/seed4/best.pt
[2026-08-19 02:28:08] [finetune I5_R5 seed2 gpu2] head finetune epoch=3 train_loss=0.684463 val_loss=0.683708
[2026-08-19 02:28:08] [finetune I5_R5 seed2 gpu2] new best epoch=3 val_loss=0.683708 -> /data/kaibiao/data/projects/rpt-re/processed/cn/transfer_from_us/finetune/I5_R5/seed2/best.pt
[2026-08-19 02:28:09] [finetune I5_R20 seed3 gpu2] head finetune epoch=14 train_loss=0.669316 val_loss=0.670845
[2026-08-19 02:28:09] [finetune I5_R20 seed3 gpu2] new best epoch=14 val_loss=0.670845 -> /data/kaibiao/data/projects/rpt-re/processed/cn/transfer_from_us/finetune/I5_R20/seed3/best.pt
[2026-08-19 02:28:09] [finetune I5_R60 seed4 gpu2] head finetune epoch=42 train_loss=0.642879 val_loss=0.647592
[2026-08-19 02:28:10] [finetune I5_R20 seed1 gpu1] head finetune epoch=15 train_loss=0.669645 val_loss=0.672847
[2026-08-19 02:28:10] [finetune I20_R60 seed3 gpu3] head finetune epoch=11 train_loss=0.609458 val_loss=0.618281
[2026-08-19 02:28:10] [finetune I20_R60 seed3 gpu3] new best epoch=11 val_loss=0.618281 -> /data/kaibiao/data/projects/rpt-re/processed/cn/transfer_from_us/finetune/I20_R60/seed3/best.pt
[2026-08-19 02:28:11] [finetune I5_R60 seed4 gpu2] head finetune epoch=43 train_loss=0.642874 val_loss=0.646555
[2026-08-19 02:28:11] [finetune I5_R60 seed4 gpu2] new best epoch=43 val_loss=0.646555 -> /data/kaibiao/data/projects/rpt-re/processed/cn/transfer_from_us/finetune/I5_R60/seed4/best.pt
[2026-08-19 02:28:11] [finetune I5_R20 seed2 gpu3] head finetune epoch=15 train_loss=0.668555 val_loss=0.671246
[2026-08-19 02:28:11] [finetune I20_R60 seed0 gpu3] head finetune epoch=11 train_loss=0.609022 val_loss=0.618603
[2026-08-19 02:28:11] [finetune I20_R60 seed0 gpu3] new best epoch=11 val_loss=0.618603 -> /data/kaibiao/data/projects/rpt-re/processed/cn/transfer_from_us/finetune/I20_R60/seed0/best.pt
[2026-08-19 02:28:12] [finetune I20_R60 seed2 gpu1] head finetune epoch=11 train_loss=0.609826 val_loss=0.617158
[2026-08-19 02:28:12] [finetune I20_R60 seed2 gpu1] new best epoch=11 val_loss=0.617158 -> /data/kaibiao/data/projects/rpt-re/processed/cn/transfer_from_us/finetune/I20_R60/seed2/best.pt
[2026-08-19 02:28:12] [finetune I20_R60 seed4 gpu2] head finetune epoch=10 train_loss=0.607929 val_loss=0.620182
[2026-08-19 02:28:12] [finetune I20_R60 seed4 gpu2] new best epoch=10 val_loss=0.620182 -> /data/kaibiao/data/projects/rpt-re/processed/cn/transfer_from_us/finetune/I20_R60/seed4/best.pt
[2026-08-19 02:28:12] [finetune I5_R20 seed4 gpu1] head finetune epoch=14 train_loss=0.669596 val_loss=0.671711
[2026-08-19 02:28:12] [finetune I5_R20 seed4 gpu1] new best epoch=14 val_loss=0.671711 -> /data/kaibiao/data/projects/rpt-re/processed/cn/transfer_from_us/finetune/I5_R20/seed4/best.pt
[2026-08-19 02:28:12] [finetune I5_R20 seed0 gpu2] head finetune epoch=14 train_loss=0.668638 val_loss=0.671009
[2026-08-19 02:28:12] [finetune I5_R20 seed0 gpu2] new best epoch=14 val_loss=0.671009 -> /data/kaibiao/data/projects/rpt-re/processed/cn/transfer_from_us/finetune/I5_R20/seed0/best.pt
[2026-08-19 02:28:12] [finetune I5_R60 seed4 gpu2] head finetune epoch=44 train_loss=0.641720 val_loss=0.646272
[2026-08-19 02:28:12] [finetune I5_R60 seed4 gpu2] new best epoch=44 val_loss=0.646272 -> /data/kaibiao/data/projects/rpt-re/processed/cn/transfer_from_us/finetune/I5_R60/seed4/best.pt
[2026-08-19 02:28:13] [finetune I20_R60 seed1 gpu2] head finetune epoch=12 train_loss=0.602263 val_loss=0.617342
[2026-08-19 02:28:13] [finetune I5_R20 seed3 gpu2] head finetune epoch=15 train_loss=0.669110 val_loss=0.670373
[2026-08-19 02:28:13] [finetune I5_R20 seed3 gpu2] new best epoch=15 val_loss=0.670373 -> /data/kaibiao/data/projects/rpt-re/processed/cn/transfer_from_us/finetune/I5_R20/seed3/best.pt
[2026-08-19 02:28:14] [finetune I5_R60 seed4 gpu2] head finetune epoch=45 train_loss=0.642209 val_loss=0.647929
[2026-08-19 02:28:14] [finetune I5_R20 seed1 gpu1] head finetune epoch=16 train_loss=0.669043 val_loss=0.670506
[2026-08-19 02:28:14] [finetune I5_R20 seed1 gpu1] new best epoch=16 val_loss=0.670506 -> /data/kaibiao/data/projects/rpt-re/processed/cn/transfer_from_us/finetune/I5_R20/seed1/best.pt
[2026-08-19 02:28:15] [finetune I5_R20 seed2 gpu3] head finetune epoch=16 train_loss=0.668159 val_loss=0.671745
[2026-08-19 02:28:15] [finetune I5_R20 seed2 gpu3] early stop at epoch=16 best_epoch=14
[2026-08-19 02:28:16] [finetune I20_R60 seed3 gpu3] head finetune epoch=12 train_loss=0.603390 val_loss=0.618691
[2026-08-19 02:28:16] [finetune I5_R60 seed4 gpu2] head finetune epoch=46 train_loss=0.641095 val_loss=0.646194
[2026-08-19 02:28:16] [finetune I5_R60 seed4 gpu2] new best epoch=46 val_loss=0.646194 -> /data/kaibiao/data/projects/rpt-re/processed/cn/transfer_from_us/finetune/I5_R60/seed4/best.pt
[2026-08-19 02:28:16] [finetune I5_R20 seed2 gpu3] head finetune done best_epoch=14 val_loss=0.671232
[2026-08-19 02:28:16] [finetune I20_R20 seed2 gpu3] head finetune epoch=4 train_loss=0.654712 val_loss=0.654563
[2026-08-19 02:28:16] [finetune I20_R20 seed2 gpu3] new best epoch=4 val_loss=0.654563 -> /data/kaibiao/data/projects/rpt-re/processed/cn/transfer_from_us/finetune/I20_R20/seed2/best.pt
[2026-08-19 02:28:17] [finetune I5_R20 seed0 gpu2] head finetune epoch=15 train_loss=0.668088 val_loss=0.672438
[2026-08-19 02:28:17] [finetune I5_R20 seed4 gpu1] head finetune epoch=15 train_loss=0.668946 val_loss=0.670873
[2026-08-19 02:28:17] [finetune I5_R20 seed4 gpu1] new best epoch=15 val_loss=0.670873 -> /data/kaibiao/data/projects/rpt-re/processed/cn/transfer_from_us/finetune/I5_R20/seed4/best.pt
[2026-08-19 02:28:17] [finetune I20_R60 seed0 gpu3] head finetune epoch=12 train_loss=0.603472 val_loss=0.619945
[2026-08-19 02:28:17] [finetune I5_R60 seed4 gpu2] head finetune epoch=47 train_loss=0.640974 val_loss=0.646425
[2026-08-19 02:28:18] [finetune I20_R60 seed4 gpu2] head finetune epoch=11 train_loss=0.607121 val_loss=0.619505
[2026-08-19 02:28:18] [finetune I5_R20 seed3 gpu2] head finetune epoch=16 train_loss=0.668420 val_loss=0.670625
[2026-08-19 02:28:18] [finetune I20_R60 seed4 gpu2] new best epoch=11 val_loss=0.619505 -> /data/kaibiao/data/projects/rpt-re/processed/cn/transfer_from_us/finetune/I20_R60/seed4/best.pt
[2026-08-19 02:28:18] [finetune I20_R60 seed2 gpu1] head finetune epoch=12 train_loss=0.604326 val_loss=0.618836
[2026-08-19 02:28:19] [finetune I5_R60 seed4 gpu2] head finetune epoch=48 train_loss=0.640800 val_loss=0.645836
[2026-08-19 02:28:19] [finetune I5_R60 seed4 gpu2] new best epoch=48 val_loss=0.645836 -> /data/kaibiao/data/projects/rpt-re/processed/cn/transfer_from_us/finetune/I5_R60/seed4/best.pt
[2026-08-19 02:28:19] [finetune I20_R60 seed1 gpu2] head finetune epoch=13 train_loss=0.600387 val_loss=0.613270
[2026-08-19 02:28:19] [finetune I20_R60 seed1 gpu2] new best epoch=13 val_loss=0.613270 -> /data/kaibiao/data/projects/rpt-re/processed/cn/transfer_from_us/finetune/I20_R60/seed1/best.pt
[2026-08-19 02:28:19] [finetune I5_R20 seed1 gpu1] head finetune epoch=17 train_loss=0.668303 val_loss=0.670556
[2026-08-19 02:28:20] [finetune I20_R20 seed3 gpu2] head finetune epoch=4 train_loss=0.656324 val_loss=0.656959
[2026-08-19 02:28:20] [finetune I5_R60 seed4 gpu2] head finetune epoch=49 train_loss=0.641320 val_loss=0.645040
[2026-08-19 02:28:20] [finetune I5_R60 seed4 gpu2] new best epoch=49 val_loss=0.645040 -> /data/kaibiao/data/projects/rpt-re/processed/cn/transfer_from_us/finetune/I5_R60/seed4/best.pt
[2026-08-19 02:28:20] [finetune I20_R20 seed3 gpu2] new best epoch=4 val_loss=0.656959 -> /data/kaibiao/data/projects/rpt-re/processed/cn/transfer_from_us/finetune/I20_R20/seed3/best.pt
[2026-08-19 02:28:20] [finetune I20_R20 seed0 gpu2] head finetune epoch=4 train_loss=0.657397 val_loss=0.656797
[2026-08-19 02:28:20] [finetune I20_R20 seed0 gpu2] new best epoch=4 val_loss=0.656797 -> /data/kaibiao/data/projects/rpt-re/processed/cn/transfer_from_us/finetune/I20_R20/seed0/best.pt
[2026-08-19 02:28:21] [finetune I5_R20 seed2 gpu3] I5_R20 seed2 finetune predict n=138289 -> /data/kaibiao/data/projects/rpt-re/processed/cn/transfer_from_us/finetune/I5_R20/seed2_pred.feather
[2026-08-19 02:28:21] [finetune I20_R20 seed4 gpu1] head finetune epoch=4 train_loss=0.652044 val_loss=0.654184
[2026-08-19 02:28:21] [finetune I20_R20 seed1 gpu1] head finetune epoch=4 train_loss=0.654065 val_loss=0.652828
[2026-08-19 02:28:21] [finetune I20_R60 seed3 gpu3] head finetune epoch=13 train_loss=0.602341 val_loss=0.612360
[2026-08-19 02:28:21] [finetune I20_R20 seed4 gpu1] new best epoch=4 val_loss=0.654184 -> /data/kaibiao/data/projects/rpt-re/processed/cn/transfer_from_us/finetune/I20_R20/seed4/best.pt
[2026-08-19 02:28:21] [finetune I20_R60 seed3 gpu3] new best epoch=13 val_loss=0.612360 -> /data/kaibiao/data/projects/rpt-re/processed/cn/transfer_from_us/finetune/I20_R60/seed3/best.pt
[2026-08-19 02:28:21] [finetune I20_R20 seed1 gpu1] new best epoch=4 val_loss=0.652828 -> /data/kaibiao/data/projects/rpt-re/processed/cn/transfer_from_us/finetune/I20_R20/seed1/best.pt
[2026-08-19 02:28:21] [finetune I5_R20 seed0 gpu2] head finetune epoch=16 train_loss=0.667713 val_loss=0.669807
[2026-08-19 02:28:21] [finetune I5_R20 seed0 gpu2] new best epoch=16 val_loss=0.669807 -> /data/kaibiao/data/projects/rpt-re/processed/cn/transfer_from_us/finetune/I5_R20/seed0/best.pt
[2026-08-19 02:28:22] [finetune I5_R20 seed4 gpu1] head finetune epoch=16 train_loss=0.668445 val_loss=0.670179
[2026-08-19 02:28:22] [finetune I5_R20 seed4 gpu1] new best epoch=16 val_loss=0.670179 -> /data/kaibiao/data/projects/rpt-re/processed/cn/transfer_from_us/finetune/I5_R20/seed4/best.pt
[2026-08-19 02:28:22] [finetune I5_R5 seed4 gpu3] head finetune epoch=4 train_loss=0.682823 val_loss=0.682539
[2026-08-19 02:28:22] [finetune I5_R5 seed4 gpu3] new best epoch=4 val_loss=0.682539 -> /data/kaibiao/data/projects/rpt-re/processed/cn/transfer_from_us/finetune/I5_R5/seed4/best.pt
[2026-08-19 02:28:22] [finetune I5_R20 seed2 gpu3] done
[2026-08-19 02:28:22] [finetune I60_R20 seed0 gpu2] start
[2026-08-19 02:28:22] [finetune I5_R5 seed1 gpu3] head finetune epoch=4 train_loss=0.683300 val_loss=0.682997
[2026-08-19 02:28:22] [finetune I5_R5 seed1 gpu3] new best epoch=4 val_loss=0.682997 -> /data/kaibiao/data/projects/rpt-re/processed/cn/transfer_from_us/finetune/I5_R5/seed1/best.pt
[2026-08-19 02:28:22] [finetune I5_R60 seed4 gpu2] head finetune epoch=50 train_loss=0.639787 val_loss=0.644619
[2026-08-19 02:28:22] [finetune I5_R60 seed4 gpu2] new best epoch=50 val_loss=0.644619 -> /data/kaibiao/data/projects/rpt-re/processed/cn/transfer_from_us/finetune/I5_R60/seed4/best.pt
[2026-08-19 02:28:23] [finetune I5_R20 seed3 gpu2] head finetune epoch=17 train_loss=0.667934 val_loss=0.669989
[2026-08-19 02:28:23] [finetune I5_R20 seed3 gpu2] new best epoch=17 val_loss=0.669989 -> /data/kaibiao/data/projects/rpt-re/processed/cn/transfer_from_us/finetune/I5_R20/seed3/best.pt
[2026-08-19 02:28:23] [finetune I20_R60 seed0 gpu3] head finetune epoch=13 train_loss=0.603436 val_loss=0.617306
[2026-08-19 02:28:23] [finetune I20_R60 seed0 gpu3] new best epoch=13 val_loss=0.617306 -> /data/kaibiao/data/projects/rpt-re/processed/cn/transfer_from_us/finetune/I20_R60/seed0/best.pt
[2026-08-19 02:28:24] [finetune I5_R60 seed4 gpu2] head finetune epoch=51 train_loss=0.639503 val_loss=0.645834
[2026-08-19 02:28:24] [finetune I5_R20 seed1 gpu1] head finetune epoch=18 train_loss=0.667931 val_loss=0.669992
[2026-08-19 02:28:24] [finetune I5_R20 seed1 gpu1] new best epoch=18 val_loss=0.669992 -> /data/kaibiao/data/projects/rpt-re/processed/cn/transfer_from_us/finetune/I5_R20/seed1/best.pt
[2026-08-19 02:28:24] [finetune I20_R60 seed4 gpu2] head finetune epoch=12 train_loss=0.603225 val_loss=0.618369
[2026-08-19 02:28:24] [finetune I20_R60 seed4 gpu2] new best epoch=12 val_loss=0.618369 -> /data/kaibiao/data/projects/rpt-re/processed/cn/transfer_from_us/finetune/I20_R60/seed4/best.pt
[2026-08-19 02:28:24] [finetune I20_R60 seed2 gpu1] head finetune epoch=13 train_loss=0.604960 val_loss=0.620550
[2026-08-19 02:28:24] [finetune I20_R60 seed2 gpu1] early stop at epoch=13 best_epoch=11
[2026-08-19 02:28:24] [finetune I60_R20 seed0 gpu2] I60/R20 freq=month split_seed=0 train=92514 val=39649 test=138165 pixel_mean=15.644799 pixel_std=61.193660
[2026-08-19 02:28:24] [finetune I60_R20 seed0 gpu2] I60_R20 finetune seed=0
[2026-08-19 02:28:24] [finetune I60_R20 seed0 gpu2] init full weights from /data/kaibiao/data/projects/rpt-re/processed/us/models/I60_R20/seed0/best.pt
[2026-08-19 02:28:25] [finetune I20_R60 seed2 gpu1] head finetune done best_epoch=11 val_loss=0.617158
[2026-08-19 02:28:25] [finetune I5_R60 seed4 gpu2] head finetune epoch=52 train_loss=0.639170 val_loss=0.644267
[2026-08-19 02:28:25] [finetune I5_R60 seed4 gpu2] new best epoch=52 val_loss=0.644267 -> /data/kaibiao/data/projects/rpt-re/processed/cn/transfer_from_us/finetune/I5_R60/seed4/best.pt
[2026-08-19 02:28:25] [finetune I20_R60 seed1 gpu2] head finetune epoch=14 train_loss=0.598136 val_loss=0.612501
[2026-08-19 02:28:25] [finetune I20_R60 seed1 gpu2] new best epoch=14 val_loss=0.612501 -> /data/kaibiao/data/projects/rpt-re/processed/cn/transfer_from_us/finetune/I20_R60/seed1/best.pt
[2026-08-19 02:28:26] [finetune I5_R20 seed0 gpu2] head finetune epoch=17 train_loss=0.667386 val_loss=0.669309
[2026-08-19 02:28:26] [finetune I5_R20 seed0 gpu2] new best epoch=17 val_loss=0.669309 -> /data/kaibiao/data/projects/rpt-re/processed/cn/transfer_from_us/finetune/I5_R20/seed0/best.pt
[2026-08-19 02:28:26] [finetune I5_R20 seed4 gpu1] head finetune epoch=17 train_loss=0.667899 val_loss=0.670110
[2026-08-19 02:28:26] [finetune I5_R20 seed4 gpu1] new best epoch=17 val_loss=0.670110 -> /data/kaibiao/data/projects/rpt-re/processed/cn/transfer_from_us/finetune/I5_R20/seed4/best.pt
[2026-08-19 02:28:27] [finetune I20_R60 seed3 gpu3] head finetune epoch=14 train_loss=0.599145 val_loss=0.611358
[2026-08-19 02:28:27] [finetune I20_R60 seed3 gpu3] new best epoch=14 val_loss=0.611358 -> /data/kaibiao/data/projects/rpt-re/processed/cn/transfer_from_us/finetune/I20_R60/seed3/best.pt
[2026-08-19 02:28:27] [finetune I5_R60 seed4 gpu2] head finetune epoch=53 train_loss=0.638587 val_loss=0.644645
[2026-08-19 02:28:27] [finetune I5_R20 seed3 gpu2] head finetune epoch=18 train_loss=0.667705 val_loss=0.669634
[2026-08-19 02:28:27] [finetune I5_R20 seed3 gpu2] new best epoch=18 val_loss=0.669634 -> /data/kaibiao/data/projects/rpt-re/processed/cn/transfer_from_us/finetune/I5_R20/seed3/best.pt
[2026-08-19 02:28:28] [finetune I5_R5 seed2 gpu2] head finetune epoch=4 train_loss=0.683422 val_loss=0.686679
[2026-08-19 02:28:28] [finetune I5_R5 seed0 gpu1] head finetune epoch=4 train_loss=0.682838 val_loss=0.682464
[2026-08-19 02:28:28] [finetune I5_R5 seed0 gpu1] new best epoch=4 val_loss=0.682464 -> /data/kaibiao/data/projects/rpt-re/processed/cn/transfer_from_us/finetune/I5_R5/seed0/best.pt
[2026-08-19 02:28:28] [finetune I5_R5 seed3 gpu1] head finetune epoch=4 train_loss=0.683014 val_loss=0.683374
[2026-08-19 02:28:28] [finetune I5_R5 seed3 gpu1] new best epoch=4 val_loss=0.683374 -> /data/kaibiao/data/projects/rpt-re/processed/cn/transfer_from_us/finetune/I5_R5/seed3/best.pt
[2026-08-19 02:28:28] [finetune I5_R60 seed4 gpu2] head finetune epoch=54 train_loss=0.637696 val_loss=0.644185
[2026-08-19 02:28:28] [finetune I5_R60 seed4 gpu2] new best epoch=54 val_loss=0.644185 -> /data/kaibiao/data/projects/rpt-re/processed/cn/transfer_from_us/finetune/I5_R60/seed4/best.pt
[2026-08-19 02:28:28] [finetune I20_R60 seed0 gpu3] head finetune epoch=14 train_loss=0.600081 val_loss=0.614239
[2026-08-19 02:28:28] [finetune I20_R60 seed0 gpu3] new best epoch=14 val_loss=0.614239 -> /data/kaibiao/data/projects/rpt-re/processed/cn/transfer_from_us/finetune/I20_R60/seed0/best.pt
[2026-08-19 02:28:29] [finetune I5_R20 seed1 gpu1] head finetune epoch=19 train_loss=0.667597 val_loss=0.669581
[2026-08-19 02:28:29] [finetune I5_R20 seed1 gpu1] new best epoch=19 val_loss=0.669581 -> /data/kaibiao/data/projects/rpt-re/processed/cn/transfer_from_us/finetune/I5_R20/seed1/best.pt
[2026-08-19 02:28:30] [finetune I5_R60 seed4 gpu2] head finetune epoch=55 train_loss=0.637526 val_loss=0.644585
[2026-08-19 02:28:31] [finetune I20_R60 seed4 gpu2] head finetune epoch=13 train_loss=0.601133 val_loss=0.615481
[2026-08-19 02:28:31] [finetune I20_R60 seed4 gpu2] new best epoch=13 val_loss=0.615481 -> /data/kaibiao/data/projects/rpt-re/processed/cn/transfer_from_us/finetune/I20_R60/seed4/best.pt
[2026-08-19 02:28:31] [finetune I5_R20 seed0 gpu2] head finetune epoch=18 train_loss=0.666820 val_loss=0.669092
[2026-08-19 02:28:31] [finetune I5_R20 seed0 gpu2] new best epoch=18 val_loss=0.669092 -> /data/kaibiao/data/projects/rpt-re/processed/cn/transfer_from_us/finetune/I5_R20/seed0/best.pt
[2026-08-19 02:28:31] [finetune I5_R20 seed4 gpu1] head finetune epoch=18 train_loss=0.667597 val_loss=0.669526
[2026-08-19 02:28:31] [finetune I5_R20 seed4 gpu1] new best epoch=18 val_loss=0.669526 -> /data/kaibiao/data/projects/rpt-re/processed/cn/transfer_from_us/finetune/I5_R20/seed4/best.pt
[2026-08-19 02:28:32] [finetune I20_R5 seed4 gpu3] head finetune epoch=1 train_loss=0.686247 val_loss=0.685322
[2026-08-19 02:28:32] [finetune I5_R60 seed4 gpu2] head finetune epoch=56 train_loss=0.637769 val_loss=0.644476
[2026-08-19 02:28:32] [finetune I5_R60 seed4 gpu2] early stop at epoch=56 best_epoch=54
[2026-08-19 02:28:32] [finetune I20_R5 seed4 gpu3] new best epoch=1 val_loss=0.685322 -> /data/kaibiao/data/projects/rpt-re/processed/cn/transfer_from_us/finetune/I20_R5/seed4/best.pt
[2026-08-19 02:28:32] [finetune I20_R5 seed1 gpu3] head finetune epoch=1 train_loss=0.686041 val_loss=0.683304
[2026-08-19 02:28:32] [finetune I20_R5 seed1 gpu3] new best epoch=1 val_loss=0.683304 -> /data/kaibiao/data/projects/rpt-re/processed/cn/transfer_from_us/finetune/I20_R5/seed1/best.pt
[2026-08-19 02:28:32] [finetune I20_R60 seed2 gpu1] I20_R60 seed2 finetune predict n=44538 -> /data/kaibiao/data/projects/rpt-re/processed/cn/transfer_from_us/finetune/I20_R60/seed2_pred.feather
[2026-08-19 02:28:32] [finetune I20_R60 seed1 gpu2] head finetune epoch=15 train_loss=0.594597 val_loss=0.618068
[2026-08-19 02:28:32] [finetune I5_R20 seed3 gpu2] head finetune epoch=19 train_loss=0.667153 val_loss=0.669438
[2026-08-19 02:28:32] [finetune I5_R20 seed3 gpu2] new best epoch=19 val_loss=0.669438 -> /data/kaibiao/data/projects/rpt-re/processed/cn/transfer_from_us/finetune/I5_R20/seed3/best.pt
[2026-08-19 02:28:32] [finetune I5_R60 seed4 gpu2] head finetune done best_epoch=54 val_loss=0.644185
[2026-08-19 02:28:32] [finetune I20_R60 seed3 gpu3] head finetune epoch=15 train_loss=0.600422 val_loss=0.625084
[2026-08-19 02:28:33] [finetune I20_R20 seed2 gpu3] head finetune epoch=5 train_loss=0.650962 val_loss=0.650864
[2026-08-19 02:28:33] [finetune I20_R20 seed2 gpu3] new best epoch=5 val_loss=0.650864 -> /data/kaibiao/data/projects/rpt-re/processed/cn/transfer_from_us/finetune/I20_R20/seed2/best.pt
[2026-08-19 02:28:33] [finetune I20_R60 seed2 gpu1] done
[2026-08-19 02:28:33] [finetune I5_R20 seed1 gpu1] head finetune epoch=20 train_loss=0.667426 val_loss=0.669205
[2026-08-19 02:28:33] [finetune I5_R20 seed1 gpu1] new best epoch=20 val_loss=0.669205 -> /data/kaibiao/data/projects/rpt-re/processed/cn/transfer_from_us/finetune/I5_R20/seed1/best.pt
[2026-08-19 02:28:34] [finetune I5_R60 seed4 gpu2] I5_R60 seed4 finetune predict n=44539 -> /data/kaibiao/data/projects/rpt-re/processed/cn/transfer_from_us/finetune/I5_R60/seed4_pred.feather
[2026-08-19 02:28:34] [finetune I20_R60 seed0 gpu3] head finetune epoch=15 train_loss=0.595961 val_loss=0.621642
[2026-08-19 02:28:35] [finetune I5_R60 seed4 gpu2] done
[2026-08-19 02:28:36] [finetune I5_R20 seed0 gpu2] head finetune epoch=19 train_loss=0.666521 val_loss=0.669046
[2026-08-19 02:28:36] [finetune I5_R20 seed0 gpu2] new best epoch=19 val_loss=0.669046 -> /data/kaibiao/data/projects/rpt-re/processed/cn/transfer_from_us/finetune/I5_R20/seed0/best.pt
[2026-08-19 02:28:36] [finetune I5_R20 seed4 gpu1] head finetune epoch=19 train_loss=0.667129 val_loss=0.669796
[2026-08-19 02:28:37] [finetune I5_R20 seed3 gpu2] head finetune epoch=20 train_loss=0.666980 val_loss=0.669590
[2026-08-19 02:28:37] [finetune I20_R5 seed2 gpu2] head finetune epoch=1 train_loss=0.686966 val_loss=0.683166
[2026-08-19 02:28:37] [finetune I20_R5 seed2 gpu2] new best epoch=1 val_loss=0.683166 -> /data/kaibiao/data/projects/rpt-re/processed/cn/transfer_from_us/finetune/I20_R5/seed2/best.pt
[2026-08-19 02:28:37] [finetune I20_R60 seed4 gpu2] head finetune epoch=14 train_loss=0.597486 val_loss=0.618628
[2026-08-19 02:28:38] [finetune I20_R60 seed1 gpu2] head finetune epoch=16 train_loss=0.595805 val_loss=0.618008
[2026-08-19 02:28:38] [finetune I20_R60 seed1 gpu2] early stop at epoch=16 best_epoch=14
[2026-08-19 02:28:38] [finetune I5_R20 seed1 gpu1] head finetune epoch=21 train_loss=0.666890 val_loss=0.669086
[2026-08-19 02:28:38] [finetune I5_R20 seed1 gpu1] new best epoch=21 val_loss=0.669086 -> /data/kaibiao/data/projects/rpt-re/processed/cn/transfer_from_us/finetune/I5_R20/seed1/best.pt
[2026-08-19 02:28:38] [finetune I20_R60 seed3 gpu3] head finetune epoch=16 train_loss=0.597820 val_loss=0.608666
[2026-08-19 02:28:38] [finetune I20_R60 seed3 gpu3] new best epoch=16 val_loss=0.608666 -> /data/kaibiao/data/projects/rpt-re/processed/cn/transfer_from_us/finetune/I20_R60/seed3/best.pt
[2026-08-19 02:28:38] [finetune I20_R60 seed1 gpu2] head finetune done best_epoch=14 val_loss=0.612501
[2026-08-19 02:28:39] [finetune I20_R20 seed3 gpu2] head finetune epoch=5 train_loss=0.652373 val_loss=0.651851
[2026-08-19 02:28:39] [finetune I20_R20 seed3 gpu2] new best epoch=5 val_loss=0.651851 -> /data/kaibiao/data/projects/rpt-re/processed/cn/transfer_from_us/finetune/I20_R20/seed3/best.pt
[2026-08-19 02:28:39] [finetune I20_R20 seed0 gpu2] head finetune epoch=5 train_loss=0.654772 val_loss=0.655744
[2026-08-19 02:28:39] [finetune I20_R20 seed0 gpu2] new best epoch=5 val_loss=0.655744 -> /data/kaibiao/data/projects/rpt-re/processed/cn/transfer_from_us/finetune/I20_R20/seed0/best.pt
[2026-08-19 02:28:39] [finetune I5_R5 seed4 gpu3] head finetune epoch=5 train_loss=0.682260 val_loss=0.682776
[2026-08-19 02:28:39] [finetune I20_R5 seed0 gpu1] head finetune epoch=1 train_loss=0.686355 val_loss=0.681891
[2026-08-19 02:28:39] [finetune I20_R5 seed0 gpu1] new best epoch=1 val_loss=0.681891 -> /data/kaibiao/data/projects/rpt-re/processed/cn/transfer_from_us/finetune/I20_R5/seed0/best.pt
[2026-08-19 02:28:39] [finetune I20_R5 seed3 gpu1] head finetune epoch=1 train_loss=0.686526 val_loss=0.683848
[2026-08-19 02:28:39] [finetune I20_R5 seed3 gpu1] new best epoch=1 val_loss=0.683848 -> /data/kaibiao/data/projects/rpt-re/processed/cn/transfer_from_us/finetune/I20_R5/seed3/best.pt
[2026-08-19 02:28:39] [finetune I5_R5 seed1 gpu3] head finetune epoch=5 train_loss=0.682486 val_loss=0.682421
[2026-08-19 02:28:39] [finetune I5_R5 seed1 gpu3] new best epoch=5 val_loss=0.682421 -> /data/kaibiao/data/projects/rpt-re/processed/cn/transfer_from_us/finetune/I5_R5/seed1/best.pt
[2026-08-19 02:28:40] [finetune I5_R20 seed0 gpu2] head finetune epoch=20 train_loss=0.665921 val_loss=0.668563
[2026-08-19 02:28:40] [finetune I5_R20 seed0 gpu2] new best epoch=20 val_loss=0.668563 -> /data/kaibiao/data/projects/rpt-re/processed/cn/transfer_from_us/finetune/I5_R20/seed0/best.pt
[2026-08-19 02:28:40] [finetune I20_R60 seed0 gpu3] head finetune epoch=16 train_loss=0.595182 val_loss=0.616844
[2026-08-19 02:28:40] [finetune I20_R60 seed0 gpu3] early stop at epoch=16 best_epoch=14
[2026-08-19 02:28:41] [finetune I5_R20 seed4 gpu1] head finetune epoch=20 train_loss=0.666694 val_loss=0.669084
[2026-08-19 02:28:41] [finetune I5_R20 seed4 gpu1] new best epoch=20 val_loss=0.669084 -> /data/kaibiao/data/projects/rpt-re/processed/cn/transfer_from_us/finetune/I5_R20/seed4/best.pt
[2026-08-19 02:28:41] [finetune I20_R20 seed1 gpu1] head finetune epoch=5 train_loss=0.650462 val_loss=0.650097
[2026-08-19 02:28:41] [finetune I20_R20 seed1 gpu1] new best epoch=5 val_loss=0.650097 -> /data/kaibiao/data/projects/rpt-re/processed/cn/transfer_from_us/finetune/I20_R20/seed1/best.pt
[2026-08-19 02:28:41] [finetune I20_R20 seed4 gpu1] head finetune epoch=5 train_loss=0.648264 val_loss=0.648124
[2026-08-19 02:28:41] [finetune I20_R60 seed0 gpu3] head finetune done best_epoch=14 val_loss=0.614239
[2026-08-19 02:28:41] [finetune I20_R20 seed4 gpu1] new best epoch=5 val_loss=0.648124 -> /data/kaibiao/data/projects/rpt-re/processed/cn/transfer_from_us/finetune/I20_R20/seed4/best.pt
[2026-08-19 02:28:41] [finetune I5_R20 seed3 gpu2] head finetune epoch=21 train_loss=0.666441 val_loss=0.669791
[2026-08-19 02:28:41] [finetune I5_R20 seed3 gpu2] early stop at epoch=21 best_epoch=19
[2026-08-19 02:28:41] [finetune I5_R20 seed3 gpu2] head finetune done best_epoch=19 val_loss=0.669438
[2026-08-19 02:28:43] [finetune I5_R20 seed1 gpu1] head finetune epoch=22 train_loss=0.666553 val_loss=0.668770
[2026-08-19 02:28:43] [finetune I5_R20 seed1 gpu1] new best epoch=22 val_loss=0.668770 -> /data/kaibiao/data/projects/rpt-re/processed/cn/transfer_from_us/finetune/I5_R20/seed1/best.pt
[2026-08-19 02:28:43] [finetune I20_R60 seed4 gpu2] head finetune epoch=15 train_loss=0.596196 val_loss=0.613893
[2026-08-19 02:28:43] [finetune I20_R60 seed4 gpu2] new best epoch=15 val_loss=0.613893 -> /data/kaibiao/data/projects/rpt-re/processed/cn/transfer_from_us/finetune/I20_R60/seed4/best.pt
[2026-08-19 02:28:44] [finetune I20_R60 seed3 gpu3] head finetune epoch=17 train_loss=0.597042 val_loss=0.609716
[2026-08-19 02:28:44] [finetune I5_R20 seed0 gpu2] head finetune epoch=21 train_loss=0.665447 val_loss=0.669687
[2026-08-19 02:28:45] [finetune I20_R60 seed1 gpu2] I20_R60 seed1 finetune predict n=44538 -> /data/kaibiao/data/projects/rpt-re/processed/cn/transfer_from_us/finetune/I20_R60/seed1_pred.feather
[2026-08-19 02:28:45] [finetune I5_R20 seed4 gpu1] head finetune epoch=21 train_loss=0.666122 val_loss=0.670679
[2026-08-19 02:28:46] [finetune I20_R60 seed1 gpu2] done
[2026-08-19 02:28:46] [finetune I60_R20 seed3 gpu2] start
[2026-08-19 02:28:46] [finetune I5_R20 seed3 gpu2] I5_R20 seed3 finetune predict n=138289 -> /data/kaibiao/data/projects/rpt-re/processed/cn/transfer_from_us/finetune/I5_R20/seed3_pred.feather
[2026-08-19 02:28:47] [finetune I5_R5 seed2 gpu2] head finetune epoch=5 train_loss=0.682730 val_loss=0.682323
[2026-08-19 02:28:47] [finetune I5_R5 seed2 gpu2] new best epoch=5 val_loss=0.682323 -> /data/kaibiao/data/projects/rpt-re/processed/cn/transfer_from_us/finetune/I5_R5/seed2/best.pt
[2026-08-19 02:28:47] [finetune I20_R60 seed0 gpu3] I20_R60 seed0 finetune predict n=44538 -> /data/kaibiao/data/projects/rpt-re/processed/cn/transfer_from_us/finetune/I20_R60/seed0_pred.feather
[2026-08-19 02:28:48] [finetune I5_R20 seed1 gpu1] head finetune epoch=23 train_loss=0.666077 val_loss=0.669223
[2026-08-19 02:28:48] [finetune I5_R20 seed3 gpu2] done
[2026-08-19 02:28:48] [finetune I5_R5 seed0 gpu1] head finetune epoch=5 train_loss=0.682052 val_loss=0.682432
[2026-08-19 02:28:48] [finetune I5_R5 seed0 gpu1] new best epoch=5 val_loss=0.682432 -> /data/kaibiao/data/projects/rpt-re/processed/cn/transfer_from_us/finetune/I5_R5/seed0/best.pt
[2026-08-19 02:28:48] [finetune I5_R5 seed3 gpu1] head finetune epoch=5 train_loss=0.682225 val_loss=0.682292
[2026-08-19 02:28:48] [finetune I5_R5 seed3 gpu1] new best epoch=5 val_loss=0.682292 -> /data/kaibiao/data/projects/rpt-re/processed/cn/transfer_from_us/finetune/I5_R5/seed3/best.pt
[2026-08-19 02:28:48] [finetune I5_R20 seed0 gpu2] head finetune epoch=22 train_loss=0.664999 val_loss=0.668571
[2026-08-19 02:28:48] [finetune I5_R20 seed0 gpu2] early stop at epoch=22 best_epoch=20
[2026-08-19 02:28:49] [finetune I20_R60 seed4 gpu2] head finetune epoch=16 train_loss=0.596324 val_loss=0.612018
[2026-08-19 02:28:49] [finetune I5_R20 seed0 gpu2] head finetune done best_epoch=20 val_loss=0.668563
[2026-08-19 02:28:49] [finetune I20_R60 seed4 gpu2] new best epoch=16 val_loss=0.612018 -> /data/kaibiao/data/projects/rpt-re/processed/cn/transfer_from_us/finetune/I20_R60/seed4/best.pt
[2026-08-19 02:28:49] [finetune I20_R60 seed0 gpu3] done
[2026-08-19 02:28:49] [finetune I60_R60 seed0 gpu3] start
[2026-08-19 02:28:49] [finetune I60_R20 seed3 gpu2] I60/R20 freq=month split_seed=0 train=92514 val=39649 test=138165 pixel_mean=15.644799 pixel_std=61.193660
[2026-08-19 02:28:49] [finetune I60_R20 seed3 gpu2] I60_R20 finetune seed=3
[2026-08-19 02:28:49] [finetune I60_R20 seed3 gpu2] init full weights from /data/kaibiao/data/projects/rpt-re/processed/us/models/I60_R20/seed3/best.pt
[2026-08-19 02:28:50] [finetune I20_R60 seed3 gpu3] head finetune epoch=18 train_loss=0.596573 val_loss=0.607489
[2026-08-19 02:28:50] [finetune I20_R60 seed3 gpu3] new best epoch=18 val_loss=0.607489 -> /data/kaibiao/data/projects/rpt-re/processed/cn/transfer_from_us/finetune/I20_R60/seed3/best.pt
[2026-08-19 02:28:50] [finetune I20_R20 seed2 gpu3] head finetune epoch=6 train_loss=0.646851 val_loss=0.647870
[2026-08-19 02:28:50] [finetune I20_R20 seed2 gpu3] new best epoch=6 val_loss=0.647870 -> /data/kaibiao/data/projects/rpt-re/processed/cn/transfer_from_us/finetune/I20_R20/seed2/best.pt
[2026-08-19 02:28:50] [finetune I5_R20 seed4 gpu1] head finetune epoch=22 train_loss=0.666029 val_loss=0.669066
[2026-08-19 02:28:50] [finetune I5_R20 seed4 gpu1] new best epoch=22 val_loss=0.669066 -> /data/kaibiao/data/projects/rpt-re/processed/cn/transfer_from_us/finetune/I5_R20/seed4/best.pt
[2026-08-19 02:28:51] [finetune I60_R60 seed0 gpu3] I60/R60 freq=quarter split_seed=0 train=30981 val=13279 test=44421 pixel_mean=15.668882 pixel_std=61.237660
[2026-08-19 02:28:51] [finetune I60_R60 seed0 gpu3] I60_R60 finetune seed=0
[2026-08-19 02:28:51] [finetune I60_R60 seed0 gpu3] init full weights from /data/kaibiao/data/projects/rpt-re/processed/us/models/I60_R60/seed0/best.pt
[2026-08-19 02:28:53] [finetune I5_R20 seed1 gpu1] head finetune epoch=24 train_loss=0.665562 val_loss=0.668509
[2026-08-19 02:28:53] [finetune I5_R20 seed1 gpu1] new best epoch=24 val_loss=0.668509 -> /data/kaibiao/data/projects/rpt-re/processed/cn/transfer_from_us/finetune/I5_R20/seed1/best.pt
[2026-08-19 02:28:53] [finetune I5_R20 seed0 gpu2] I5_R20 seed0 finetune predict n=138289 -> /data/kaibiao/data/projects/rpt-re/processed/cn/transfer_from_us/finetune/I5_R20/seed0_pred.feather
[2026-08-19 02:28:54] [finetune I20_R60 seed4 gpu2] head finetune epoch=17 train_loss=0.594403 val_loss=0.614771
[2026-08-19 02:28:54] [finetune I5_R20 seed0 gpu2] done
[2026-08-19 02:28:55] [finetune I20_R20 seed3 gpu2] head finetune epoch=6 train_loss=0.648371 val_loss=0.655089
[2026-08-19 02:28:55] [finetune I20_R20 seed0 gpu2] head finetune epoch=6 train_loss=0.650827 val_loss=0.655971
[2026-08-19 02:28:55] [finetune I5_R20 seed4 gpu1] head finetune epoch=23 train_loss=0.665551 val_loss=0.668348
[2026-08-19 02:28:55] [finetune I5_R20 seed4 gpu1] new best epoch=23 val_loss=0.668348 -> /data/kaibiao/data/projects/rpt-re/processed/cn/transfer_from_us/finetune/I5_R20/seed4/best.pt
[2026-08-19 02:28:55] [finetune I20_R60 seed3 gpu3] head finetune epoch=19 train_loss=0.593750 val_loss=0.607338
[2026-08-19 02:28:55] [finetune I20_R60 seed3 gpu3] new best epoch=19 val_loss=0.607338 -> /data/kaibiao/data/projects/rpt-re/processed/cn/transfer_from_us/finetune/I20_R60/seed3/best.pt
[2026-08-19 02:28:57] [finetune I5_R5 seed4 gpu3] head finetune epoch=6 train_loss=0.681293 val_loss=0.681450
[2026-08-19 02:28:57] [finetune I5_R5 seed4 gpu3] new best epoch=6 val_loss=0.681450 -> /data/kaibiao/data/projects/rpt-re/processed/cn/transfer_from_us/finetune/I5_R5/seed4/best.pt
[2026-08-19 02:28:58] [finetune I5_R5 seed1 gpu3] head finetune epoch=6 train_loss=0.681810 val_loss=0.681900
[2026-08-19 02:28:58] [finetune I5_R5 seed1 gpu3] new best epoch=6 val_loss=0.681900 -> /data/kaibiao/data/projects/rpt-re/processed/cn/transfer_from_us/finetune/I5_R5/seed1/best.pt
[2026-08-19 02:28:58] [finetune I5_R20 seed1 gpu1] head finetune epoch=25 train_loss=0.665280 val_loss=0.668274
[2026-08-19 02:28:58] [finetune I5_R20 seed1 gpu1] new best epoch=25 val_loss=0.668274 -> /data/kaibiao/data/projects/rpt-re/processed/cn/transfer_from_us/finetune/I5_R20/seed1/best.pt
[2026-08-19 02:28:59] [finetune I20_R60 seed4 gpu2] head finetune epoch=18 train_loss=0.586935 val_loss=0.608889
[2026-08-19 02:28:59] [finetune I20_R60 seed4 gpu2] new best epoch=18 val_loss=0.608889 -> /data/kaibiao/data/projects/rpt-re/processed/cn/transfer_from_us/finetune/I20_R60/seed4/best.pt
[2026-08-19 02:29:00] [finetune I5_R20 seed4 gpu1] head finetune epoch=24 train_loss=0.664941 val_loss=0.668215
[2026-08-19 02:29:00] [finetune I5_R20 seed4 gpu1] new best epoch=24 val_loss=0.668215 -> /data/kaibiao/data/projects/rpt-re/processed/cn/transfer_from_us/finetune/I5_R20/seed4/best.pt
[2026-08-19 02:29:00] [finetune I20_R20 seed1 gpu1] head finetune epoch=6 train_loss=0.646771 val_loss=0.647457
[2026-08-19 02:29:00] [finetune I20_R20 seed1 gpu1] new best epoch=6 val_loss=0.647457 -> /data/kaibiao/data/projects/rpt-re/processed/cn/transfer_from_us/finetune/I20_R20/seed1/best.pt
[2026-08-19 02:29:01] [finetune I20_R20 seed4 gpu1] head finetune epoch=6 train_loss=0.643428 val_loss=0.647000
[2026-08-19 02:29:01] [finetune I20_R20 seed4 gpu1] new best epoch=6 val_loss=0.647000 -> /data/kaibiao/data/projects/rpt-re/processed/cn/transfer_from_us/finetune/I20_R20/seed4/best.pt
[2026-08-19 02:29:01] [finetune I5_R5 seed2 gpu2] head finetune epoch=6 train_loss=0.681973 val_loss=0.683143
[2026-08-19 02:29:01] [finetune I20_R60 seed3 gpu3] head finetune epoch=20 train_loss=0.590755 val_loss=0.607545
[2026-08-19 02:29:03] [finetune I5_R20 seed1 gpu1] head finetune epoch=26 train_loss=0.665050 val_loss=0.667824
[2026-08-19 02:29:03] [finetune I5_R20 seed1 gpu1] new best epoch=26 val_loss=0.667824 -> /data/kaibiao/data/projects/rpt-re/processed/cn/transfer_from_us/finetune/I5_R20/seed1/best.pt
[2026-08-19 02:29:04] [finetune I20_R60 seed4 gpu2] head finetune epoch=19 train_loss=0.586357 val_loss=0.608117
[2026-08-19 02:29:04] [finetune I20_R60 seed4 gpu2] new best epoch=19 val_loss=0.608117 -> /data/kaibiao/data/projects/rpt-re/processed/cn/transfer_from_us/finetune/I20_R60/seed4/best.pt
[2026-08-19 02:29:05] [finetune I5_R20 seed4 gpu1] head finetune epoch=25 train_loss=0.664623 val_loss=0.669111
[2026-08-19 02:29:07] [finetune I20_R20 seed2 gpu3] head finetune epoch=7 train_loss=0.644413 val_loss=0.654294
[2026-08-19 02:29:07] [finetune I20_R60 seed3 gpu3] head finetune epoch=21 train_loss=0.590333 val_loss=0.606539
[2026-08-19 02:29:07] [finetune I20_R60 seed3 gpu3] new best epoch=21 val_loss=0.606539 -> /data/kaibiao/data/projects/rpt-re/processed/cn/transfer_from_us/finetune/I20_R60/seed3/best.pt
[2026-08-19 02:29:08] [finetune I5_R20 seed1 gpu1] head finetune epoch=27 train_loss=0.664703 val_loss=0.668392
[2026-08-19 02:29:09] [finetune I5_R5 seed0 gpu1] head finetune epoch=6 train_loss=0.681535 val_loss=0.681441
[2026-08-19 02:29:09] [finetune I5_R5 seed0 gpu1] new best epoch=6 val_loss=0.681441 -> /data/kaibiao/data/projects/rpt-re/processed/cn/transfer_from_us/finetune/I5_R5/seed0/best.pt
[2026-08-19 02:29:09] [finetune I5_R5 seed3 gpu1] head finetune epoch=6 train_loss=0.681806 val_loss=0.681620
[2026-08-19 02:29:09] [finetune I5_R5 seed3 gpu1] new best epoch=6 val_loss=0.681620 -> /data/kaibiao/data/projects/rpt-re/processed/cn/transfer_from_us/finetune/I5_R5/seed3/best.pt
[2026-08-19 02:29:10] [finetune I20_R60 seed4 gpu2] head finetune epoch=20 train_loss=0.584588 val_loss=0.607587
[2026-08-19 02:29:10] [finetune I20_R60 seed4 gpu2] new best epoch=20 val_loss=0.607587 -> /data/kaibiao/data/projects/rpt-re/processed/cn/transfer_from_us/finetune/I20_R60/seed4/best.pt
[2026-08-19 02:29:10] [finetune I20_R20 seed3 gpu2] head finetune epoch=7 train_loss=0.645978 val_loss=0.647144
[2026-08-19 02:29:10] [finetune I20_R20 seed3 gpu2] new best epoch=7 val_loss=0.647144 -> /data/kaibiao/data/projects/rpt-re/processed/cn/transfer_from_us/finetune/I20_R20/seed3/best.pt
[2026-08-19 02:29:11] [finetune I5_R20 seed4 gpu1] head finetune epoch=26 train_loss=0.664450 val_loss=0.668383
[2026-08-19 02:29:11] [finetune I5_R20 seed4 gpu1] early stop at epoch=26 best_epoch=24
[2026-08-19 02:29:11] [finetune I20_R20 seed0 gpu2] head finetune epoch=7 train_loss=0.649033 val_loss=0.649601
[2026-08-19 02:29:11] [finetune I20_R20 seed0 gpu2] new best epoch=7 val_loss=0.649601 -> /data/kaibiao/data/projects/rpt-re/processed/cn/transfer_from_us/finetune/I20_R20/seed0/best.pt
[2026-08-19 02:29:11] [finetune I5_R20 seed4 gpu1] head finetune done best_epoch=24 val_loss=0.668215
[2026-08-19 02:29:13] [finetune I5_R20 seed1 gpu1] head finetune epoch=28 train_loss=0.664407 val_loss=0.667403
[2026-08-19 02:29:13] [finetune I5_R20 seed1 gpu1] new best epoch=28 val_loss=0.667403 -> /data/kaibiao/data/projects/rpt-re/processed/cn/transfer_from_us/finetune/I5_R20/seed1/best.pt
[2026-08-19 02:29:14] [finetune I20_R60 seed3 gpu3] head finetune epoch=22 train_loss=0.585982 val_loss=0.603149
[2026-08-19 02:29:14] [finetune I20_R60 seed3 gpu3] new best epoch=22 val_loss=0.603149 -> /data/kaibiao/data/projects/rpt-re/processed/cn/transfer_from_us/finetune/I20_R60/seed3/best.pt
[2026-08-19 02:29:15] [finetune I20_R60 seed4 gpu2] head finetune epoch=21 train_loss=0.580417 val_loss=0.610271
[2026-08-19 02:29:17] [finetune I5_R5 seed4 gpu3] head finetune epoch=7 train_loss=0.680856 val_loss=0.681231
[2026-08-19 02:29:17] [finetune I5_R5 seed4 gpu3] new best epoch=7 val_loss=0.681231 -> /data/kaibiao/data/projects/rpt-re/processed/cn/transfer_from_us/finetune/I5_R5/seed4/best.pt
[2026-08-19 02:29:17] [finetune I5_R20 seed4 gpu1] I5_R20 seed4 finetune predict n=138289 -> /data/kaibiao/data/projects/rpt-re/processed/cn/transfer_from_us/finetune/I5_R20/seed4_pred.feather
[2026-08-19 02:29:17] [finetune I5_R5 seed1 gpu3] head finetune epoch=7 train_loss=0.681435 val_loss=0.681647
[2026-08-19 02:29:17] [finetune I5_R5 seed1 gpu3] new best epoch=7 val_loss=0.681647 -> /data/kaibiao/data/projects/rpt-re/processed/cn/transfer_from_us/finetune/I5_R5/seed1/best.pt
[2026-08-19 02:29:18] [finetune I5_R20 seed1 gpu1] head finetune epoch=29 train_loss=0.663931 val_loss=0.667221
[2026-08-19 02:29:18] [finetune I5_R20 seed1 gpu1] new best epoch=29 val_loss=0.667221 -> /data/kaibiao/data/projects/rpt-re/processed/cn/transfer_from_us/finetune/I5_R20/seed1/best.pt
[2026-08-19 02:29:18] [finetune I5_R20 seed4 gpu1] done
[2026-08-19 02:29:18] [finetune I60_R60 seed2 gpu1] start
[2026-08-19 02:29:19] [finetune I5_R5 seed2 gpu2] head finetune epoch=7 train_loss=0.681424 val_loss=0.681619
[2026-08-19 02:29:19] [finetune I5_R5 seed2 gpu2] new best epoch=7 val_loss=0.681619 -> /data/kaibiao/data/projects/rpt-re/processed/cn/transfer_from_us/finetune/I5_R5/seed2/best.pt
[2026-08-19 02:29:20] [finetune I20_R60 seed3 gpu3] head finetune epoch=23 train_loss=0.588441 val_loss=0.602479
[2026-08-19 02:29:20] [finetune I20_R60 seed3 gpu3] new best epoch=23 val_loss=0.602479 -> /data/kaibiao/data/projects/rpt-re/processed/cn/transfer_from_us/finetune/I20_R60/seed3/best.pt
[2026-08-19 02:29:20] [finetune I20_R20 seed1 gpu1] head finetune epoch=7 train_loss=0.643730 val_loss=0.645105
[2026-08-19 02:29:20] [finetune I20_R20 seed1 gpu1] new best epoch=7 val_loss=0.645105 -> /data/kaibiao/data/projects/rpt-re/processed/cn/transfer_from_us/finetune/I20_R20/seed1/best.pt
[2026-08-19 02:29:20] [finetune I60_R60 seed2 gpu1] I60/R60 freq=quarter split_seed=0 train=30981 val=13279 test=44421 pixel_mean=15.668882 pixel_std=61.237660
[2026-08-19 02:29:20] [finetune I60_R60 seed2 gpu1] I60_R60 finetune seed=2
[2026-08-19 02:29:20] [finetune I60_R60 seed2 gpu1] init full weights from /data/kaibiao/data/projects/rpt-re/processed/us/models/I60_R60/seed2/best.pt
[2026-08-19 02:29:20] [finetune I20_R20 seed4 gpu1] head finetune epoch=7 train_loss=0.640902 val_loss=0.643298
[2026-08-19 02:29:20] [finetune I20_R20 seed4 gpu1] new best epoch=7 val_loss=0.643298 -> /data/kaibiao/data/projects/rpt-re/processed/cn/transfer_from_us/finetune/I20_R20/seed4/best.pt
[2026-08-19 02:29:21] [finetune I20_R60 seed4 gpu2] head finetune epoch=22 train_loss=0.581253 val_loss=0.605899
[2026-08-19 02:29:21] [finetune I20_R60 seed4 gpu2] new best epoch=22 val_loss=0.605899 -> /data/kaibiao/data/projects/rpt-re/processed/cn/transfer_from_us/finetune/I20_R60/seed4/best.pt
[2026-08-19 02:29:22] [finetune I5_R20 seed1 gpu1] head finetune epoch=30 train_loss=0.663829 val_loss=0.667892
[2026-08-19 02:29:26] [finetune I20_R20 seed2 gpu3] head finetune epoch=8 train_loss=0.642348 val_loss=0.644849
[2026-08-19 02:29:26] [finetune I20_R20 seed2 gpu3] new best epoch=8 val_loss=0.644849 -> /data/kaibiao/data/projects/rpt-re/processed/cn/transfer_from_us/finetune/I20_R20/seed2/best.pt
[2026-08-19 02:29:27] [finetune I20_R60 seed3 gpu3] head finetune epoch=24 train_loss=0.588845 val_loss=0.602199
[2026-08-19 02:29:27] [finetune I20_R60 seed3 gpu3] new best epoch=24 val_loss=0.602199 -> /data/kaibiao/data/projects/rpt-re/processed/cn/transfer_from_us/finetune/I20_R60/seed3/best.pt
[2026-08-19 02:29:27] [finetune I20_R60 seed4 gpu2] head finetune epoch=23 train_loss=0.578912 val_loss=0.607971
[2026-08-19 02:29:27] [finetune I5_R20 seed1 gpu1] head finetune epoch=31 train_loss=0.663415 val_loss=0.667154
[2026-08-19 02:29:27] [finetune I5_R20 seed1 gpu1] new best epoch=31 val_loss=0.667154 -> /data/kaibiao/data/projects/rpt-re/processed/cn/transfer_from_us/finetune/I5_R20/seed1/best.pt
[2026-08-19 02:29:28] [finetune I20_R20 seed3 gpu2] head finetune epoch=8 train_loss=0.643373 val_loss=0.645436
[2026-08-19 02:29:28] [finetune I20_R20 seed3 gpu2] new best epoch=8 val_loss=0.645436 -> /data/kaibiao/data/projects/rpt-re/processed/cn/transfer_from_us/finetune/I20_R20/seed3/best.pt
[2026-08-19 02:29:28] [finetune I20_R20 seed0 gpu2] head finetune epoch=8 train_loss=0.645987 val_loss=0.647785
[2026-08-19 02:29:28] [finetune I20_R20 seed0 gpu2] new best epoch=8 val_loss=0.647785 -> /data/kaibiao/data/projects/rpt-re/processed/cn/transfer_from_us/finetune/I20_R20/seed0/best.pt
[2026-08-19 02:29:30] [finetune I5_R5 seed0 gpu1] head finetune epoch=7 train_loss=0.680913 val_loss=0.681168
[2026-08-19 02:29:30] [finetune I5_R5 seed0 gpu1] new best epoch=7 val_loss=0.681168 -> /data/kaibiao/data/projects/rpt-re/processed/cn/transfer_from_us/finetune/I5_R5/seed0/best.pt
[2026-08-19 02:29:30] [finetune I5_R5 seed3 gpu1] head finetune epoch=7 train_loss=0.681049 val_loss=0.683436
[2026-08-19 02:29:32] [finetune I5_R20 seed1 gpu1] head finetune epoch=32 train_loss=0.663023 val_loss=0.667532
[2026-08-19 02:29:33] [finetune I20_R60 seed4 gpu2] head finetune epoch=24 train_loss=0.580942 val_loss=0.603842
[2026-08-19 02:29:33] [finetune I20_R60 seed4 gpu2] new best epoch=24 val_loss=0.603842 -> /data/kaibiao/data/projects/rpt-re/processed/cn/transfer_from_us/finetune/I20_R60/seed4/best.pt
[2026-08-19 02:29:33] [finetune I20_R60 seed3 gpu3] head finetune epoch=25 train_loss=0.580630 val_loss=0.600998
[2026-08-19 02:29:33] [finetune I20_R60 seed3 gpu3] new best epoch=25 val_loss=0.600998 -> /data/kaibiao/data/projects/rpt-re/processed/cn/transfer_from_us/finetune/I20_R60/seed3/best.pt
[2026-08-19 02:29:37] [finetune I5_R5 seed2 gpu2] head finetune epoch=8 train_loss=0.680932 val_loss=0.682488
[2026-08-19 02:29:37] [finetune I5_R5 seed4 gpu3] head finetune epoch=8 train_loss=0.680337 val_loss=0.680711
[2026-08-19 02:29:37] [finetune I5_R5 seed4 gpu3] new best epoch=8 val_loss=0.680711 -> /data/kaibiao/data/projects/rpt-re/processed/cn/transfer_from_us/finetune/I5_R5/seed4/best.pt
[2026-08-19 02:29:37] [finetune I5_R5 seed1 gpu3] head finetune epoch=8 train_loss=0.680873 val_loss=0.681205
[2026-08-19 02:29:37] [finetune I5_R5 seed1 gpu3] new best epoch=8 val_loss=0.681205 -> /data/kaibiao/data/projects/rpt-re/processed/cn/transfer_from_us/finetune/I5_R5/seed1/best.pt
[2026-08-19 02:29:38] [finetune I5_R20 seed1 gpu1] head finetune epoch=33 train_loss=0.662904 val_loss=0.667047
[2026-08-19 02:29:38] [finetune I5_R20 seed1 gpu1] new best epoch=33 val_loss=0.667047 -> /data/kaibiao/data/projects/rpt-re/processed/cn/transfer_from_us/finetune/I5_R20/seed1/best.pt
[2026-08-19 02:29:39] [finetune I20_R60 seed4 gpu2] head finetune epoch=25 train_loss=0.573913 val_loss=0.603756
[2026-08-19 02:29:39] [finetune I20_R60 seed4 gpu2] new best epoch=25 val_loss=0.603756 -> /data/kaibiao/data/projects/rpt-re/processed/cn/transfer_from_us/finetune/I20_R60/seed4/best.pt
[2026-08-19 02:29:40] [finetune I20_R60 seed3 gpu3] head finetune epoch=26 train_loss=0.579698 val_loss=0.601057
[2026-08-19 02:29:40] [finetune I20_R20 seed1 gpu1] head finetune epoch=8 train_loss=0.641301 val_loss=0.643092
[2026-08-19 02:29:40] [finetune I20_R20 seed1 gpu1] new best epoch=8 val_loss=0.643092 -> /data/kaibiao/data/projects/rpt-re/processed/cn/transfer_from_us/finetune/I20_R20/seed1/best.pt
[2026-08-19 02:29:41] [finetune I20_R20 seed4 gpu1] head finetune epoch=8 train_loss=0.637250 val_loss=0.646783
[2026-08-19 02:29:43] [finetune I5_R20 seed1 gpu1] head finetune epoch=34 train_loss=0.662785 val_loss=0.666742
[2026-08-19 02:29:43] [finetune I5_R20 seed1 gpu1] new best epoch=34 val_loss=0.666742 -> /data/kaibiao/data/projects/rpt-re/processed/cn/transfer_from_us/finetune/I5_R20/seed1/best.pt
[2026-08-19 02:29:44] [finetune I20_R60 seed4 gpu2] head finetune epoch=26 train_loss=0.573014 val_loss=0.615381
[2026-08-19 02:29:45] [finetune I20_R20 seed3 gpu2] head finetune epoch=9 train_loss=0.640408 val_loss=0.645155
[2026-08-19 02:29:45] [finetune I20_R20 seed3 gpu2] new best epoch=9 val_loss=0.645155 -> /data/kaibiao/data/projects/rpt-re/processed/cn/transfer_from_us/finetune/I20_R20/seed3/best.pt
[2026-08-19 02:29:45] [finetune I20_R20 seed0 gpu2] head finetune epoch=9 train_loss=0.643271 val_loss=0.646006
[2026-08-19 02:29:45] [finetune I20_R20 seed0 gpu2] new best epoch=9 val_loss=0.646006 -> /data/kaibiao/data/projects/rpt-re/processed/cn/transfer_from_us/finetune/I20_R20/seed0/best.pt
[2026-08-19 02:29:45] [finetune I20_R5 seed2 gpu2] head finetune epoch=2 train_loss=0.680161 val_loss=0.679447
[2026-08-19 02:29:45] [finetune I20_R5 seed2 gpu2] new best epoch=2 val_loss=0.679447 -> /data/kaibiao/data/projects/rpt-re/processed/cn/transfer_from_us/finetune/I20_R5/seed2/best.pt
[2026-08-19 02:29:45] [finetune I20_R20 seed2 gpu3] head finetune epoch=9 train_loss=0.639924 val_loss=0.642543
[2026-08-19 02:29:45] [finetune I20_R20 seed2 gpu3] new best epoch=9 val_loss=0.642543 -> /data/kaibiao/data/projects/rpt-re/processed/cn/transfer_from_us/finetune/I20_R20/seed2/best.pt
[2026-08-19 02:29:46] [finetune I20_R60 seed3 gpu3] head finetune epoch=27 train_loss=0.582070 val_loss=0.601185
[2026-08-19 02:29:46] [finetune I20_R60 seed3 gpu3] early stop at epoch=27 best_epoch=25
[2026-08-19 02:29:47] [finetune I20_R60 seed3 gpu3] head finetune done best_epoch=25 val_loss=0.600998
[2026-08-19 02:29:48] [finetune I5_R20 seed1 gpu1] head finetune epoch=35 train_loss=0.662119 val_loss=0.667007
[2026-08-19 02:29:48] [finetune I20_R5 seed1 gpu3] head finetune epoch=2 train_loss=0.680021 val_loss=0.678162
[2026-08-19 02:29:48] [finetune I20_R5 seed1 gpu3] new best epoch=2 val_loss=0.678162 -> /data/kaibiao/data/projects/rpt-re/processed/cn/transfer_from_us/finetune/I20_R5/seed1/best.pt
[2026-08-19 02:29:48] [finetune I20_R5 seed4 gpu3] head finetune epoch=2 train_loss=0.679580 val_loss=0.677711
[2026-08-19 02:29:48] [finetune I20_R5 seed4 gpu3] new best epoch=2 val_loss=0.677711 -> /data/kaibiao/data/projects/rpt-re/processed/cn/transfer_from_us/finetune/I20_R5/seed4/best.pt
[2026-08-19 02:29:50] [finetune I20_R60 seed4 gpu2] head finetune epoch=27 train_loss=0.571242 val_loss=0.601453
[2026-08-19 02:29:50] [finetune I20_R60 seed4 gpu2] new best epoch=27 val_loss=0.601453 -> /data/kaibiao/data/projects/rpt-re/processed/cn/transfer_from_us/finetune/I20_R60/seed4/best.pt
[2026-08-19 02:29:52] [finetune I5_R5 seed0 gpu1] head finetune epoch=8 train_loss=0.680320 val_loss=0.680614
[2026-08-19 02:29:52] [finetune I5_R5 seed0 gpu1] new best epoch=8 val_loss=0.680614 -> /data/kaibiao/data/projects/rpt-re/processed/cn/transfer_from_us/finetune/I5_R5/seed0/best.pt
[2026-08-19 02:29:52] [finetune I5_R5 seed3 gpu1] head finetune epoch=8 train_loss=0.680697 val_loss=0.680901
[2026-08-19 02:29:52] [finetune I5_R5 seed3 gpu1] new best epoch=8 val_loss=0.680901 -> /data/kaibiao/data/projects/rpt-re/processed/cn/transfer_from_us/finetune/I5_R5/seed3/best.pt
[2026-08-19 02:29:53] [finetune I60_R60 seed0 gpu3] head finetune epoch=1 train_loss=0.713776 val_loss=0.673254
[2026-08-19 02:29:53] [finetune I60_R60 seed0 gpu3] new best epoch=1 val_loss=0.673254 -> /data/kaibiao/data/projects/rpt-re/processed/cn/transfer_from_us/finetune/I60_R60/seed0/best.pt
[2026-08-19 02:29:53] [finetune I5_R20 seed1 gpu1] head finetune epoch=36 train_loss=0.662111 val_loss=0.666779
[2026-08-19 02:29:53] [finetune I5_R20 seed1 gpu1] early stop at epoch=36 best_epoch=34
[2026-08-19 02:29:53] [finetune I20_R60 seed3 gpu3] I20_R60 seed3 finetune predict n=44538 -> /data/kaibiao/data/projects/rpt-re/processed/cn/transfer_from_us/finetune/I20_R60/seed3_pred.feather
[2026-08-19 02:29:54] [finetune I5_R20 seed1 gpu1] head finetune done best_epoch=34 val_loss=0.666742
[2026-08-19 02:29:54] [finetune I20_R60 seed3 gpu3] done
[2026-08-19 02:29:55] [finetune I5_R5 seed2 gpu2] head finetune epoch=9 train_loss=0.680801 val_loss=0.681311
[2026-08-19 02:29:55] [finetune I5_R5 seed2 gpu2] new best epoch=9 val_loss=0.681311 -> /data/kaibiao/data/projects/rpt-re/processed/cn/transfer_from_us/finetune/I5_R5/seed2/best.pt
[2026-08-19 02:29:56] [finetune I20_R60 seed4 gpu2] head finetune epoch=28 train_loss=0.567864 val_loss=0.600912
[2026-08-19 02:29:56] [finetune I20_R60 seed4 gpu2] new best epoch=28 val_loss=0.600912 -> /data/kaibiao/data/projects/rpt-re/processed/cn/transfer_from_us/finetune/I20_R60/seed4/best.pt
[2026-08-19 02:29:56] [finetune I5_R5 seed4 gpu3] head finetune epoch=9 train_loss=0.679924 val_loss=0.681250
[2026-08-19 02:29:57] [finetune I5_R5 seed1 gpu3] head finetune epoch=9 train_loss=0.680334 val_loss=0.681277
[2026-08-19 02:29:59] [finetune I5_R20 seed1 gpu1] I5_R20 seed1 finetune predict n=138289 -> /data/kaibiao/data/projects/rpt-re/processed/cn/transfer_from_us/finetune/I5_R20/seed1_pred.feather
[2026-08-19 02:30:00] [finetune I5_R20 seed1 gpu1] done
[2026-08-19 02:30:01] [finetune I20_R20 seed1 gpu1] head finetune epoch=9 train_loss=0.638811 val_loss=0.647413
[2026-08-19 02:30:01] [finetune I20_R20 seed4 gpu1] head finetune epoch=9 train_loss=0.635281 val_loss=0.639989
[2026-08-19 02:30:01] [finetune I20_R20 seed4 gpu1] new best epoch=9 val_loss=0.639989 -> /data/kaibiao/data/projects/rpt-re/processed/cn/transfer_from_us/finetune/I20_R20/seed4/best.pt
[2026-08-19 02:30:02] [finetune I20_R60 seed4 gpu2] head finetune epoch=29 train_loss=0.567654 val_loss=0.601041
[2026-08-19 02:30:02] [finetune I20_R20 seed3 gpu2] head finetune epoch=10 train_loss=0.637877 val_loss=0.641515
[2026-08-19 02:30:02] [finetune I20_R20 seed3 gpu2] new best epoch=10 val_loss=0.641515 -> /data/kaibiao/data/projects/rpt-re/processed/cn/transfer_from_us/finetune/I20_R20/seed3/best.pt
[2026-08-19 02:30:02] [finetune I20_R20 seed0 gpu2] head finetune epoch=10 train_loss=0.641961 val_loss=0.645475
[2026-08-19 02:30:03] [finetune I20_R20 seed0 gpu2] new best epoch=10 val_loss=0.645475 -> /data/kaibiao/data/projects/rpt-re/processed/cn/transfer_from_us/finetune/I20_R20/seed0/best.pt
[2026-08-19 02:30:03] [finetune I20_R20 seed2 gpu3] head finetune epoch=10 train_loss=0.637900 val_loss=0.645741
[2026-08-19 02:30:04] [finetune I20_R5 seed0 gpu1] head finetune epoch=2 train_loss=0.680224 val_loss=0.678853
[2026-08-19 02:30:04] [finetune I20_R5 seed0 gpu1] new best epoch=2 val_loss=0.678853 -> /data/kaibiao/data/projects/rpt-re/processed/cn/transfer_from_us/finetune/I20_R5/seed0/best.pt
[2026-08-19 02:30:04] [finetune I20_R5 seed3 gpu1] head finetune epoch=2 train_loss=0.680537 val_loss=0.679258
[2026-08-19 02:30:04] [finetune I20_R5 seed3 gpu1] new best epoch=2 val_loss=0.679258 -> /data/kaibiao/data/projects/rpt-re/processed/cn/transfer_from_us/finetune/I20_R5/seed3/best.pt
[2026-08-19 02:30:08] [finetune I20_R60 seed4 gpu2] head finetune epoch=30 train_loss=0.563719 val_loss=0.600484
[2026-08-19 02:30:08] [finetune I20_R60 seed4 gpu2] new best epoch=30 val_loss=0.600484 -> /data/kaibiao/data/projects/rpt-re/processed/cn/transfer_from_us/finetune/I20_R60/seed4/best.pt
[2026-08-19 02:30:12] [finetune I5_R5 seed0 gpu1] head finetune epoch=9 train_loss=0.679921 val_loss=0.681008
[2026-08-19 02:30:12] [finetune I5_R5 seed3 gpu1] head finetune epoch=9 train_loss=0.680228 val_loss=0.682688
[2026-08-19 02:30:13] [finetune I5_R5 seed2 gpu2] head finetune epoch=10 train_loss=0.680247 val_loss=0.682225
[2026-08-19 02:30:14] [finetune I20_R60 seed4 gpu2] head finetune epoch=31 train_loss=0.563496 val_loss=0.599917
[2026-08-19 02:30:14] [finetune I20_R60 seed4 gpu2] new best epoch=31 val_loss=0.599917 -> /data/kaibiao/data/projects/rpt-re/processed/cn/transfer_from_us/finetune/I20_R60/seed4/best.pt
[2026-08-19 02:30:14] [finetune I5_R5 seed4 gpu3] head finetune epoch=10 train_loss=0.679581 val_loss=0.680805
[2026-08-19 02:30:14] [finetune I5_R5 seed4 gpu3] early stop at epoch=10 best_epoch=8
[2026-08-19 02:30:14] [finetune I5_R5 seed1 gpu3] head finetune epoch=10 train_loss=0.679990 val_loss=0.681685
[2026-08-19 02:30:14] [finetune I5_R5 seed1 gpu3] early stop at epoch=10 best_epoch=8
[2026-08-19 02:30:14] [finetune I5_R5 seed4 gpu3] head finetune done best_epoch=8 val_loss=0.680711
[2026-08-19 02:30:15] [finetune I5_R5 seed1 gpu3] head finetune done best_epoch=8 val_loss=0.681205
[2026-08-19 02:30:18] [finetune I60_R60 seed2 gpu1] head finetune epoch=1 train_loss=0.702442 val_loss=0.669375
[2026-08-19 02:30:18] [finetune I60_R60 seed2 gpu1] new best epoch=1 val_loss=0.669375 -> /data/kaibiao/data/projects/rpt-re/processed/cn/transfer_from_us/finetune/I60_R60/seed2/best.pt
[2026-08-19 02:30:19] [finetune I20_R20 seed3 gpu2] head finetune epoch=11 train_loss=0.636260 val_loss=0.640056
[2026-08-19 02:30:19] [finetune I20_R20 seed3 gpu2] new best epoch=11 val_loss=0.640056 -> /data/kaibiao/data/projects/rpt-re/processed/cn/transfer_from_us/finetune/I20_R20/seed3/best.pt
[2026-08-19 02:30:20] [finetune I20_R60 seed4 gpu2] head finetune epoch=32 train_loss=0.563201 val_loss=0.609496
[2026-08-19 02:30:20] [finetune I20_R20 seed2 gpu3] head finetune epoch=11 train_loss=0.635730 val_loss=0.640193
[2026-08-19 02:30:20] [finetune I20_R20 seed2 gpu3] new best epoch=11 val_loss=0.640193 -> /data/kaibiao/data/projects/rpt-re/processed/cn/transfer_from_us/finetune/I20_R20/seed2/best.pt
[2026-08-19 02:30:20] [finetune I20_R20 seed0 gpu2] head finetune epoch=11 train_loss=0.638607 val_loss=0.643255
[2026-08-19 02:30:20] [finetune I20_R20 seed0 gpu2] new best epoch=11 val_loss=0.643255 -> /data/kaibiao/data/projects/rpt-re/processed/cn/transfer_from_us/finetune/I20_R20/seed0/best.pt
[2026-08-19 02:30:20] [finetune I20_R20 seed1 gpu1] head finetune epoch=10 train_loss=0.636096 val_loss=0.640196
[2026-08-19 02:30:20] [finetune I20_R20 seed1 gpu1] new best epoch=10 val_loss=0.640196 -> /data/kaibiao/data/projects/rpt-re/processed/cn/transfer_from_us/finetune/I20_R20/seed1/best.pt
[2026-08-19 02:30:20] [finetune I20_R20 seed4 gpu1] head finetune epoch=10 train_loss=0.632803 val_loss=0.636683
[2026-08-19 02:30:20] [finetune I20_R20 seed4 gpu1] new best epoch=10 val_loss=0.636683 -> /data/kaibiao/data/projects/rpt-re/processed/cn/transfer_from_us/finetune/I20_R20/seed4/best.pt
[2026-08-19 02:30:25] [finetune I20_R60 seed4 gpu2] head finetune epoch=33 train_loss=0.559178 val_loss=0.599624
[2026-08-19 02:30:25] [finetune I20_R60 seed4 gpu2] new best epoch=33 val_loss=0.599624 -> /data/kaibiao/data/projects/rpt-re/processed/cn/transfer_from_us/finetune/I20_R60/seed4/best.pt
[2026-08-19 02:30:31] [finetune I5_R5 seed2 gpu2] head finetune epoch=11 train_loss=0.680005 val_loss=0.680851
[2026-08-19 02:30:31] [finetune I5_R5 seed2 gpu2] new best epoch=11 val_loss=0.680851 -> /data/kaibiao/data/projects/rpt-re/processed/cn/transfer_from_us/finetune/I5_R5/seed2/best.pt
[2026-08-19 02:30:31] [finetune I20_R60 seed4 gpu2] head finetune epoch=34 train_loss=0.557101 val_loss=0.599614
[2026-08-19 02:30:31] [finetune I20_R60 seed4 gpu2] new best epoch=34 val_loss=0.599614 -> /data/kaibiao/data/projects/rpt-re/processed/cn/transfer_from_us/finetune/I20_R60/seed4/best.pt
[2026-08-19 02:30:32] [finetune I5_R5 seed0 gpu1] head finetune epoch=10 train_loss=0.679701 val_loss=0.682053
[2026-08-19 02:30:32] [finetune I5_R5 seed0 gpu1] early stop at epoch=10 best_epoch=8
[2026-08-19 02:30:32] [finetune I5_R5 seed3 gpu1] head finetune epoch=10 train_loss=0.679928 val_loss=0.683136
[2026-08-19 02:30:32] [finetune I5_R5 seed3 gpu1] early stop at epoch=10 best_epoch=8
[2026-08-19 02:30:33] [finetune I5_R5 seed0 gpu1] head finetune done best_epoch=8 val_loss=0.680614
[2026-08-19 02:30:33] [finetune I5_R5 seed3 gpu1] head finetune done best_epoch=8 val_loss=0.680901
[2026-08-19 02:30:34] [finetune I5_R5 seed4 gpu3] I5_R5 seed4 finetune predict n=594005 -> /data/kaibiao/data/projects/rpt-re/processed/cn/transfer_from_us/finetune/I5_R5/seed4_pred.feather
[2026-08-19 02:30:35] [finetune I5_R5 seed1 gpu3] I5_R5 seed1 finetune predict n=594005 -> /data/kaibiao/data/projects/rpt-re/processed/cn/transfer_from_us/finetune/I5_R5/seed1_pred.feather
[2026-08-19 02:30:35] [finetune I5_R5 seed4 gpu3] done
[2026-08-19 02:30:35] [finetune I60_R60 seed4 gpu3] start
[2026-08-19 02:30:36] [finetune I20_R20 seed2 gpu3] head finetune epoch=12 train_loss=0.633209 val_loss=0.643076
[2026-08-19 02:30:36] [finetune I5_R5 seed1 gpu3] done
[2026-08-19 02:30:36] [finetune I20_R20 seed3 gpu2] head finetune epoch=12 train_loss=0.634859 val_loss=0.639871
[2026-08-19 02:30:36] [finetune I20_R20 seed3 gpu2] new best epoch=12 val_loss=0.639871 -> /data/kaibiao/data/projects/rpt-re/processed/cn/transfer_from_us/finetune/I20_R20/seed3/best.pt
[2026-08-19 02:30:37] [finetune I20_R20 seed0 gpu2] head finetune epoch=12 train_loss=0.637745 val_loss=0.646512
[2026-08-19 02:30:37] [finetune I60_R60 seed0 gpu3] head finetune epoch=2 train_loss=0.658684 val_loss=0.648472
[2026-08-19 02:30:37] [finetune I60_R60 seed0 gpu3] new best epoch=2 val_loss=0.648472 -> /data/kaibiao/data/projects/rpt-re/processed/cn/transfer_from_us/finetune/I60_R60/seed0/best.pt
[2026-08-19 02:30:37] [finetune I20_R60 seed4 gpu2] head finetune epoch=35 train_loss=0.560396 val_loss=0.613491
[2026-08-19 02:30:38] [finetune I60_R60 seed4 gpu3] I60/R60 freq=quarter split_seed=0 train=30981 val=13279 test=44421 pixel_mean=15.668882 pixel_std=61.237660
[2026-08-19 02:30:38] [finetune I60_R60 seed4 gpu3] I60_R60 finetune seed=4
[2026-08-19 02:30:38] [finetune I60_R60 seed4 gpu3] init full weights from /data/kaibiao/data/projects/rpt-re/processed/us/models/I60_R60/seed4/best.pt
[2026-08-19 02:30:39] [finetune I20_R20 seed1 gpu1] head finetune epoch=11 train_loss=0.634121 val_loss=0.639382
[2026-08-19 02:30:39] [finetune I20_R20 seed1 gpu1] new best epoch=11 val_loss=0.639382 -> /data/kaibiao/data/projects/rpt-re/processed/cn/transfer_from_us/finetune/I20_R20/seed1/best.pt
[2026-08-19 02:30:39] [finetune I20_R20 seed4 gpu1] head finetune epoch=11 train_loss=0.629552 val_loss=0.634940
[2026-08-19 02:30:39] [finetune I20_R20 seed4 gpu1] new best epoch=11 val_loss=0.634940 -> /data/kaibiao/data/projects/rpt-re/processed/cn/transfer_from_us/finetune/I20_R20/seed4/best.pt
[2026-08-19 02:30:43] [finetune I20_R60 seed4 gpu2] head finetune epoch=36 train_loss=0.558626 val_loss=0.604036
[2026-08-19 02:30:43] [finetune I20_R60 seed4 gpu2] early stop at epoch=36 best_epoch=34
[2026-08-19 02:30:44] [finetune I20_R60 seed4 gpu2] head finetune done best_epoch=34 val_loss=0.599614
[2026-08-19 02:30:49] [finetune I5_R5 seed2 gpu2] head finetune epoch=12 train_loss=0.679481 val_loss=0.680476
[2026-08-19 02:30:49] [finetune I5_R5 seed2 gpu2] new best epoch=12 val_loss=0.680476 -> /data/kaibiao/data/projects/rpt-re/processed/cn/transfer_from_us/finetune/I5_R5/seed2/best.pt
[2026-08-19 02:30:50] [finetune I20_R60 seed4 gpu2] I20_R60 seed4 finetune predict n=44538 -> /data/kaibiao/data/projects/rpt-re/processed/cn/transfer_from_us/finetune/I20_R60/seed4_pred.feather
[2026-08-19 02:30:50] [finetune I20_R20 seed2 gpu3] head finetune epoch=13 train_loss=0.631868 val_loss=0.637034
[2026-08-19 02:30:50] [finetune I20_R20 seed2 gpu3] new best epoch=13 val_loss=0.637034 -> /data/kaibiao/data/projects/rpt-re/processed/cn/transfer_from_us/finetune/I20_R20/seed2/best.pt
[2026-08-19 02:30:51] [finetune I20_R60 seed4 gpu2] done
[2026-08-19 02:30:51] [finetune I60_R20 seed4 gpu2] start
[2026-08-19 02:30:53] [finetune I20_R20 seed3 gpu2] head finetune epoch=13 train_loss=0.632899 val_loss=0.637382
[2026-08-19 02:30:53] [finetune I20_R20 seed3 gpu2] new best epoch=13 val_loss=0.637382 -> /data/kaibiao/data/projects/rpt-re/processed/cn/transfer_from_us/finetune/I20_R20/seed3/best.pt
[2026-08-19 02:30:53] [finetune I20_R20 seed0 gpu2] head finetune epoch=13 train_loss=0.636103 val_loss=0.640986
[2026-08-19 02:30:53] [finetune I20_R20 seed0 gpu2] new best epoch=13 val_loss=0.640986 -> /data/kaibiao/data/projects/rpt-re/processed/cn/transfer_from_us/finetune/I20_R20/seed0/best.pt
[2026-08-19 02:30:54] [finetune I60_R20 seed4 gpu2] I60/R20 freq=month split_seed=0 train=92514 val=39649 test=138165 pixel_mean=15.644799 pixel_std=61.193660
[2026-08-19 02:30:54] [finetune I60_R20 seed4 gpu2] I60_R20 finetune seed=4
[2026-08-19 02:30:54] [finetune I60_R20 seed4 gpu2] init full weights from /data/kaibiao/data/projects/rpt-re/processed/us/models/I60_R20/seed4/best.pt
[2026-08-19 02:30:55] [finetune I5_R5 seed3 gpu1] I5_R5 seed3 finetune predict n=594005 -> /data/kaibiao/data/projects/rpt-re/processed/cn/transfer_from_us/finetune/I5_R5/seed3_pred.feather
[2026-08-19 02:30:55] [finetune I5_R5 seed0 gpu1] I5_R5 seed0 finetune predict n=594005 -> /data/kaibiao/data/projects/rpt-re/processed/cn/transfer_from_us/finetune/I5_R5/seed0_pred.feather
[2026-08-19 02:30:55] [finetune I20_R5 seed1 gpu3] head finetune epoch=3 train_loss=0.676768 val_loss=0.675620
[2026-08-19 02:30:55] [finetune I20_R5 seed1 gpu3] new best epoch=3 val_loss=0.675620 -> /data/kaibiao/data/projects/rpt-re/processed/cn/transfer_from_us/finetune/I20_R5/seed1/best.pt
[2026-08-19 02:30:55] [finetune I20_R5 seed4 gpu3] head finetune epoch=3 train_loss=0.675566 val_loss=0.675043
[2026-08-19 02:30:55] [finetune I20_R5 seed4 gpu3] new best epoch=3 val_loss=0.675043 -> /data/kaibiao/data/projects/rpt-re/processed/cn/transfer_from_us/finetune/I20_R5/seed4/best.pt
[2026-08-19 02:30:56] [finetune I5_R5 seed3 gpu1] done
[2026-08-19 02:30:56] [finetune I5_R5 seed0 gpu1] done
[2026-08-19 02:30:56] [finetune I20_R5 seed2 gpu2] head finetune epoch=3 train_loss=0.676530 val_loss=0.676691
[2026-08-19 02:30:56] [finetune I20_R5 seed2 gpu2] new best epoch=3 val_loss=0.676691 -> /data/kaibiao/data/projects/rpt-re/processed/cn/transfer_from_us/finetune/I20_R5/seed2/best.pt
[2026-08-19 02:30:57] [finetune I20_R20 seed1 gpu1] head finetune epoch=12 train_loss=0.632377 val_loss=0.637988
[2026-08-19 02:30:57] [finetune I20_R20 seed1 gpu1] new best epoch=12 val_loss=0.637988 -> /data/kaibiao/data/projects/rpt-re/processed/cn/transfer_from_us/finetune/I20_R20/seed1/best.pt
[2026-08-19 02:30:57] [finetune I20_R20 seed4 gpu1] head finetune epoch=12 train_loss=0.626902 val_loss=0.633912
[2026-08-19 02:30:57] [finetune I20_R20 seed4 gpu1] new best epoch=12 val_loss=0.633912 -> /data/kaibiao/data/projects/rpt-re/processed/cn/transfer_from_us/finetune/I20_R20/seed4/best.pt
[2026-08-19 02:31:05] [finetune I5_R5 seed2 gpu2] head finetune epoch=13 train_loss=0.679222 val_loss=0.680715
[2026-08-19 02:31:06] [finetune I20_R20 seed2 gpu3] head finetune epoch=14 train_loss=0.630701 val_loss=0.637716
[2026-08-19 02:31:07] [finetune I60_R60 seed2 gpu1] head finetune epoch=2 train_loss=0.652141 val_loss=0.643285
[2026-08-19 02:31:07] [finetune I60_R60 seed2 gpu1] new best epoch=2 val_loss=0.643285 -> /data/kaibiao/data/projects/rpt-re/processed/cn/transfer_from_us/finetune/I60_R60/seed2/best.pt
[2026-08-19 02:31:10] [finetune I20_R20 seed3 gpu2] head finetune epoch=14 train_loss=0.630929 val_loss=0.637429
[2026-08-19 02:31:10] [finetune I20_R20 seed0 gpu2] head finetune epoch=14 train_loss=0.634901 val_loss=0.639499
[2026-08-19 02:31:10] [finetune I20_R20 seed0 gpu2] new best epoch=14 val_loss=0.639499 -> /data/kaibiao/data/projects/rpt-re/processed/cn/transfer_from_us/finetune/I20_R20/seed0/best.pt
[2026-08-19 02:31:11] [finetune I60_R20 seed0 gpu2] head finetune epoch=1 train_loss=0.715119 val_loss=0.680006
[2026-08-19 02:31:11] [finetune I60_R20 seed0 gpu2] new best epoch=1 val_loss=0.680006 -> /data/kaibiao/data/projects/rpt-re/processed/cn/transfer_from_us/finetune/I60_R20/seed0/best.pt
[2026-08-19 02:31:13] [finetune I20_R20 seed1 gpu1] head finetune epoch=13 train_loss=0.631328 val_loss=0.636183
[2026-08-19 02:31:13] [finetune I20_R20 seed1 gpu1] new best epoch=13 val_loss=0.636183 -> /data/kaibiao/data/projects/rpt-re/processed/cn/transfer_from_us/finetune/I20_R20/seed1/best.pt
[2026-08-19 02:31:13] [finetune I20_R20 seed4 gpu1] head finetune epoch=13 train_loss=0.625865 val_loss=0.632435
[2026-08-19 02:31:13] [finetune I20_R20 seed4 gpu1] new best epoch=13 val_loss=0.632435 -> /data/kaibiao/data/projects/rpt-re/processed/cn/transfer_from_us/finetune/I20_R20/seed4/best.pt
[2026-08-19 02:31:15] [finetune I60_R20 seed3 gpu2] head finetune epoch=1 train_loss=0.708405 val_loss=0.678269
[2026-08-19 02:31:15] [finetune I60_R20 seed3 gpu2] new best epoch=1 val_loss=0.678269 -> /data/kaibiao/data/projects/rpt-re/processed/cn/transfer_from_us/finetune/I60_R20/seed3/best.pt
[2026-08-19 02:31:16] [finetune I20_R5 seed0 gpu1] head finetune epoch=3 train_loss=0.677372 val_loss=0.677153
[2026-08-19 02:31:16] [finetune I20_R5 seed0 gpu1] new best epoch=3 val_loss=0.677153 -> /data/kaibiao/data/projects/rpt-re/processed/cn/transfer_from_us/finetune/I20_R5/seed0/best.pt
[2026-08-19 02:31:17] [finetune I20_R5 seed3 gpu1] head finetune epoch=3 train_loss=0.677387 val_loss=0.676418
[2026-08-19 02:31:17] [finetune I20_R5 seed3 gpu1] new best epoch=3 val_loss=0.676418 -> /data/kaibiao/data/projects/rpt-re/processed/cn/transfer_from_us/finetune/I20_R5/seed3/best.pt
[2026-08-19 02:31:18] [finetune I60_R60 seed0 gpu3] head finetune epoch=3 train_loss=0.636468 val_loss=0.630592
[2026-08-19 02:31:18] [finetune I60_R60 seed0 gpu3] new best epoch=3 val_loss=0.630592 -> /data/kaibiao/data/projects/rpt-re/processed/cn/transfer_from_us/finetune/I60_R60/seed0/best.pt
[2026-08-19 02:31:21] [finetune I20_R20 seed2 gpu3] head finetune epoch=15 train_loss=0.628139 val_loss=0.638786
[2026-08-19 02:31:21] [finetune I20_R20 seed2 gpu3] early stop at epoch=15 best_epoch=13
[2026-08-19 02:31:22] [finetune I20_R20 seed2 gpu3] head finetune done best_epoch=13 val_loss=0.637034
[2026-08-19 02:31:22] [finetune I60_R60 seed4 gpu3] head finetune epoch=1 train_loss=0.695798 val_loss=0.662768
[2026-08-19 02:31:22] [finetune I60_R60 seed4 gpu3] new best epoch=1 val_loss=0.662768 -> /data/kaibiao/data/projects/rpt-re/processed/cn/transfer_from_us/finetune/I60_R60/seed4/best.pt
[2026-08-19 02:31:23] [finetune I5_R5 seed2 gpu2] head finetune epoch=14 train_loss=0.678986 val_loss=0.680845
[2026-08-19 02:31:23] [finetune I5_R5 seed2 gpu2] early stop at epoch=14 best_epoch=12
[2026-08-19 02:31:24] [finetune I5_R5 seed2 gpu2] head finetune done best_epoch=12 val_loss=0.680476
[2026-08-19 02:31:27] [finetune I20_R20 seed3 gpu2] head finetune epoch=15 train_loss=0.629557 val_loss=0.635703
[2026-08-19 02:31:27] [finetune I20_R20 seed3 gpu2] new best epoch=15 val_loss=0.635703 -> /data/kaibiao/data/projects/rpt-re/processed/cn/transfer_from_us/finetune/I20_R20/seed3/best.pt
[2026-08-19 02:31:27] [finetune I20_R20 seed0 gpu2] head finetune epoch=15 train_loss=0.632775 val_loss=0.644273
[2026-08-19 02:31:28] [finetune I20_R20 seed1 gpu1] head finetune epoch=14 train_loss=0.628997 val_loss=0.634965
[2026-08-19 02:31:28] [finetune I20_R20 seed1 gpu1] new best epoch=14 val_loss=0.634965 -> /data/kaibiao/data/projects/rpt-re/processed/cn/transfer_from_us/finetune/I20_R20/seed1/best.pt
[2026-08-19 02:31:29] [finetune I20_R20 seed4 gpu1] head finetune epoch=14 train_loss=0.623662 val_loss=0.636151
[2026-08-19 02:31:39] [finetune I20_R20 seed2 gpu3] I20_R20 seed2 finetune predict n=138287 -> /data/kaibiao/data/projects/rpt-re/processed/cn/transfer_from_us/finetune/I20_R20/seed2_pred.feather
[2026-08-19 02:31:40] [finetune I20_R20 seed2 gpu3] done
[2026-08-19 02:31:44] [finetune I20_R20 seed3 gpu2] head finetune epoch=16 train_loss=0.628276 val_loss=0.634950
[2026-08-19 02:31:44] [finetune I20_R20 seed3 gpu2] new best epoch=16 val_loss=0.634950 -> /data/kaibiao/data/projects/rpt-re/processed/cn/transfer_from_us/finetune/I20_R20/seed3/best.pt
[2026-08-19 02:31:44] [finetune I20_R20 seed1 gpu1] head finetune epoch=15 train_loss=0.627165 val_loss=0.634334
[2026-08-19 02:31:44] [finetune I20_R20 seed1 gpu1] new best epoch=15 val_loss=0.634334 -> /data/kaibiao/data/projects/rpt-re/processed/cn/transfer_from_us/finetune/I20_R20/seed1/best.pt
[2026-08-19 02:31:44] [finetune I20_R20 seed0 gpu2] head finetune epoch=16 train_loss=0.631140 val_loss=0.642098
[2026-08-19 02:31:44] [finetune I20_R20 seed0 gpu2] early stop at epoch=16 best_epoch=14
[2026-08-19 02:31:44] [finetune I5_R5 seed2 gpu2] I5_R5 seed2 finetune predict n=594005 -> /data/kaibiao/data/projects/rpt-re/processed/cn/transfer_from_us/finetune/I5_R5/seed2_pred.feather
[2026-08-19 02:31:44] [finetune I20_R20 seed4 gpu1] head finetune epoch=15 train_loss=0.621227 val_loss=0.629563
[2026-08-19 02:31:44] [finetune I20_R20 seed4 gpu1] new best epoch=15 val_loss=0.629563 -> /data/kaibiao/data/projects/rpt-re/processed/cn/transfer_from_us/finetune/I20_R20/seed4/best.pt
[2026-08-19 02:31:45] [finetune I20_R20 seed0 gpu2] head finetune done best_epoch=14 val_loss=0.639499
[2026-08-19 02:31:45] [finetune I5_R5 seed2 gpu2] done
[2026-08-19 02:31:49] [finetune I60_R60 seed2 gpu1] head finetune epoch=3 train_loss=0.634303 val_loss=0.628693
[2026-08-19 02:31:49] [finetune I60_R60 seed2 gpu1] new best epoch=3 val_loss=0.628693 -> /data/kaibiao/data/projects/rpt-re/processed/cn/transfer_from_us/finetune/I60_R60/seed2/best.pt
[2026-08-19 02:31:55] [finetune I20_R5 seed1 gpu3] head finetune epoch=4 train_loss=0.674080 val_loss=0.673968
[2026-08-19 02:31:55] [finetune I20_R5 seed1 gpu3] new best epoch=4 val_loss=0.673968 -> /data/kaibiao/data/projects/rpt-re/processed/cn/transfer_from_us/finetune/I20_R5/seed1/best.pt
[2026-08-19 02:31:56] [finetune I20_R5 seed4 gpu3] head finetune epoch=4 train_loss=0.672596 val_loss=0.672811
[2026-08-19 02:31:56] [finetune I20_R5 seed4 gpu3] new best epoch=4 val_loss=0.672811 -> /data/kaibiao/data/projects/rpt-re/processed/cn/transfer_from_us/finetune/I20_R5/seed4/best.pt
[2026-08-19 02:31:57] [finetune I60_R60 seed0 gpu3] head finetune epoch=4 train_loss=0.618763 val_loss=0.629270
[2026-08-19 02:31:57] [finetune I60_R60 seed0 gpu3] new best epoch=4 val_loss=0.629270 -> /data/kaibiao/data/projects/rpt-re/processed/cn/transfer_from_us/finetune/I60_R60/seed0/best.pt
[2026-08-19 02:31:59] [finetune I20_R20 seed3 gpu2] head finetune epoch=17 train_loss=0.625996 val_loss=0.634760
[2026-08-19 02:31:59] [finetune I20_R20 seed3 gpu2] new best epoch=17 val_loss=0.634760 -> /data/kaibiao/data/projects/rpt-re/processed/cn/transfer_from_us/finetune/I20_R20/seed3/best.pt
[2026-08-19 02:32:00] [finetune I20_R20 seed1 gpu1] head finetune epoch=16 train_loss=0.625650 val_loss=0.632818
[2026-08-19 02:32:00] [finetune I20_R20 seed1 gpu1] new best epoch=16 val_loss=0.632818 -> /data/kaibiao/data/projects/rpt-re/processed/cn/transfer_from_us/finetune/I20_R20/seed1/best.pt
[2026-08-19 02:32:00] [finetune I20_R20 seed4 gpu1] head finetune epoch=16 train_loss=0.619497 val_loss=0.629429
[2026-08-19 02:32:00] [finetune I20_R20 seed4 gpu1] new best epoch=16 val_loss=0.629429 -> /data/kaibiao/data/projects/rpt-re/processed/cn/transfer_from_us/finetune/I20_R20/seed4/best.pt
[2026-08-19 02:32:00] [finetune I60_R60 seed4 gpu3] head finetune epoch=2 train_loss=0.650136 val_loss=0.637691
[2026-08-19 02:32:00] [finetune I60_R60 seed4 gpu3] new best epoch=2 val_loss=0.637691 -> /data/kaibiao/data/projects/rpt-re/processed/cn/transfer_from_us/finetune/I60_R60/seed4/best.pt
[2026-08-19 02:32:02] [finetune I20_R20 seed0 gpu2] I20_R20 seed0 finetune predict n=138287 -> /data/kaibiao/data/projects/rpt-re/processed/cn/transfer_from_us/finetune/I20_R20/seed0_pred.feather
[2026-08-19 02:32:03] [finetune I20_R20 seed0 gpu2] done
[2026-08-19 02:32:04] [finetune I20_R5 seed2 gpu2] head finetune epoch=4 train_loss=0.673996 val_loss=0.674522
[2026-08-19 02:32:04] [finetune I20_R5 seed2 gpu2] new best epoch=4 val_loss=0.674522 -> /data/kaibiao/data/projects/rpt-re/processed/cn/transfer_from_us/finetune/I20_R5/seed2/best.pt
[2026-08-19 02:32:13] [finetune I20_R20 seed3 gpu2] head finetune epoch=18 train_loss=0.624870 val_loss=0.633845
[2026-08-19 02:32:13] [finetune I20_R20 seed3 gpu2] new best epoch=18 val_loss=0.633845 -> /data/kaibiao/data/projects/rpt-re/processed/cn/transfer_from_us/finetune/I20_R20/seed3/best.pt
[2026-08-19 02:32:15] [finetune I20_R20 seed1 gpu1] head finetune epoch=17 train_loss=0.623932 val_loss=0.632137
[2026-08-19 02:32:15] [finetune I20_R20 seed1 gpu1] new best epoch=17 val_loss=0.632137 -> /data/kaibiao/data/projects/rpt-re/processed/cn/transfer_from_us/finetune/I20_R20/seed1/best.pt
[2026-08-19 02:32:16] [finetune I20_R20 seed4 gpu1] head finetune epoch=17 train_loss=0.617296 val_loss=0.627316
[2026-08-19 02:32:16] [finetune I20_R20 seed4 gpu1] new best epoch=17 val_loss=0.627316 -> /data/kaibiao/data/projects/rpt-re/processed/cn/transfer_from_us/finetune/I20_R20/seed4/best.pt
[2026-08-19 02:32:19] [finetune I20_R5 seed0 gpu1] head finetune epoch=4 train_loss=0.674615 val_loss=0.674579
[2026-08-19 02:32:19] [finetune I20_R5 seed0 gpu1] new best epoch=4 val_loss=0.674579 -> /data/kaibiao/data/projects/rpt-re/processed/cn/transfer_from_us/finetune/I20_R5/seed0/best.pt
[2026-08-19 02:32:21] [finetune I20_R5 seed3 gpu1] head finetune epoch=4 train_loss=0.675090 val_loss=0.674542
[2026-08-19 02:32:21] [finetune I20_R5 seed3 gpu1] new best epoch=4 val_loss=0.674542 -> /data/kaibiao/data/projects/rpt-re/processed/cn/transfer_from_us/finetune/I20_R5/seed3/best.pt
[2026-08-19 02:32:27] [finetune I20_R20 seed3 gpu2] head finetune epoch=19 train_loss=0.623304 val_loss=0.633338
[2026-08-19 02:32:27] [finetune I20_R20 seed3 gpu2] new best epoch=19 val_loss=0.633338 -> /data/kaibiao/data/projects/rpt-re/processed/cn/transfer_from_us/finetune/I20_R20/seed3/best.pt
[2026-08-19 02:32:31] [finetune I60_R60 seed2 gpu1] head finetune epoch=4 train_loss=0.616732 val_loss=0.622946
[2026-08-19 02:32:31] [finetune I20_R20 seed1 gpu1] head finetune epoch=18 train_loss=0.622216 val_loss=0.634521
[2026-08-19 02:32:31] [finetune I60_R60 seed2 gpu1] new best epoch=4 val_loss=0.622946 -> /data/kaibiao/data/projects/rpt-re/processed/cn/transfer_from_us/finetune/I60_R60/seed2/best.pt
[2026-08-19 02:32:32] [finetune I20_R20 seed4 gpu1] head finetune epoch=18 train_loss=0.615452 val_loss=0.627122
[2026-08-19 02:32:32] [finetune I20_R20 seed4 gpu1] new best epoch=18 val_loss=0.627122 -> /data/kaibiao/data/projects/rpt-re/processed/cn/transfer_from_us/finetune/I20_R20/seed4/best.pt
[2026-08-19 02:32:33] [finetune I60_R60 seed0 gpu3] head finetune epoch=5 train_loss=0.608529 val_loss=0.612323
[2026-08-19 02:32:33] [finetune I60_R60 seed0 gpu3] new best epoch=5 val_loss=0.612323 -> /data/kaibiao/data/projects/rpt-re/processed/cn/transfer_from_us/finetune/I60_R60/seed0/best.pt
[2026-08-19 02:32:36] [finetune I60_R60 seed4 gpu3] head finetune epoch=3 train_loss=0.630119 val_loss=0.622226
[2026-08-19 02:32:36] [finetune I60_R60 seed4 gpu3] new best epoch=3 val_loss=0.622226 -> /data/kaibiao/data/projects/rpt-re/processed/cn/transfer_from_us/finetune/I60_R60/seed4/best.pt
[2026-08-19 02:32:40] [finetune I20_R20 seed3 gpu2] head finetune epoch=20 train_loss=0.622396 val_loss=0.630429
[2026-08-19 02:32:40] [finetune I20_R20 seed3 gpu2] new best epoch=20 val_loss=0.630429 -> /data/kaibiao/data/projects/rpt-re/processed/cn/transfer_from_us/finetune/I20_R20/seed3/best.pt
[2026-08-19 02:32:47] [finetune I20_R20 seed1 gpu1] head finetune epoch=19 train_loss=0.621515 val_loss=0.630128
[2026-08-19 02:32:47] [finetune I20_R20 seed1 gpu1] new best epoch=19 val_loss=0.630128 -> /data/kaibiao/data/projects/rpt-re/processed/cn/transfer_from_us/finetune/I20_R20/seed1/best.pt
[2026-08-19 02:32:48] [finetune I20_R20 seed4 gpu1] head finetune epoch=19 train_loss=0.614771 val_loss=0.631280
[2026-08-19 02:32:49] [finetune I20_R5 seed1 gpu3] head finetune epoch=5 train_loss=0.672304 val_loss=0.672577
[2026-08-19 02:32:49] [finetune I20_R5 seed1 gpu3] new best epoch=5 val_loss=0.672577 -> /data/kaibiao/data/projects/rpt-re/processed/cn/transfer_from_us/finetune/I20_R5/seed1/best.pt
[2026-08-19 02:32:50] [finetune I20_R5 seed4 gpu3] head finetune epoch=5 train_loss=0.670473 val_loss=0.671234
[2026-08-19 02:32:50] [finetune I20_R5 seed4 gpu3] new best epoch=5 val_loss=0.671234 -> /data/kaibiao/data/projects/rpt-re/processed/cn/transfer_from_us/finetune/I20_R5/seed4/best.pt
[2026-08-19 02:32:54] [finetune I20_R20 seed3 gpu2] head finetune epoch=21 train_loss=0.621253 val_loss=0.629995
[2026-08-19 02:32:54] [finetune I20_R20 seed3 gpu2] new best epoch=21 val_loss=0.629995 -> /data/kaibiao/data/projects/rpt-re/processed/cn/transfer_from_us/finetune/I20_R20/seed3/best.pt
[2026-08-19 02:32:57] [finetune I60_R20 seed4 gpu2] head finetune epoch=1 train_loss=0.709315 val_loss=0.681865
[2026-08-19 02:32:57] [finetune I60_R20 seed4 gpu2] new best epoch=1 val_loss=0.681865 -> /data/kaibiao/data/projects/rpt-re/processed/cn/transfer_from_us/finetune/I60_R20/seed4/best.pt
[2026-08-19 02:32:58] [finetune I20_R5 seed2 gpu2] head finetune epoch=5 train_loss=0.671940 val_loss=0.671894
[2026-08-19 02:32:58] [finetune I20_R5 seed2 gpu2] new best epoch=5 val_loss=0.671894 -> /data/kaibiao/data/projects/rpt-re/processed/cn/transfer_from_us/finetune/I20_R5/seed2/best.pt
[2026-08-19 02:33:02] [finetune I20_R20 seed1 gpu1] head finetune epoch=20 train_loss=0.619874 val_loss=0.630377
[2026-08-19 02:33:03] [finetune I20_R20 seed4 gpu1] head finetune epoch=20 train_loss=0.613202 val_loss=0.625358
[2026-08-19 02:33:03] [finetune I20_R20 seed4 gpu1] new best epoch=20 val_loss=0.625358 -> /data/kaibiao/data/projects/rpt-re/processed/cn/transfer_from_us/finetune/I20_R20/seed4/best.pt
[2026-08-19 02:33:05] [finetune I60_R20 seed0 gpu2] head finetune epoch=2 train_loss=0.671058 val_loss=0.659495
[2026-08-19 02:33:05] [finetune I60_R20 seed0 gpu2] new best epoch=2 val_loss=0.659495 -> /data/kaibiao/data/projects/rpt-re/processed/cn/transfer_from_us/finetune/I60_R20/seed0/best.pt
[2026-08-19 02:33:08] [finetune I20_R20 seed3 gpu2] head finetune epoch=22 train_loss=0.619180 val_loss=0.628965
[2026-08-19 02:33:08] [finetune I20_R20 seed3 gpu2] new best epoch=22 val_loss=0.628965 -> /data/kaibiao/data/projects/rpt-re/processed/cn/transfer_from_us/finetune/I20_R20/seed3/best.pt
[2026-08-19 02:33:08] [finetune I60_R60 seed0 gpu3] head finetune epoch=6 train_loss=0.598645 val_loss=0.603037
[2026-08-19 02:33:08] [finetune I60_R60 seed0 gpu3] new best epoch=6 val_loss=0.603037 -> /data/kaibiao/data/projects/rpt-re/processed/cn/transfer_from_us/finetune/I60_R60/seed0/best.pt
[2026-08-19 02:33:08] [finetune I60_R20 seed3 gpu2] head finetune epoch=2 train_loss=0.666299 val_loss=0.664150
[2026-08-19 02:33:08] [finetune I60_R20 seed3 gpu2] new best epoch=2 val_loss=0.664150 -> /data/kaibiao/data/projects/rpt-re/processed/cn/transfer_from_us/finetune/I60_R20/seed3/best.pt
[2026-08-19 02:33:11] [finetune I60_R60 seed4 gpu3] head finetune epoch=4 train_loss=0.616636 val_loss=0.611812
[2026-08-19 02:33:11] [finetune I60_R60 seed4 gpu3] new best epoch=4 val_loss=0.611812 -> /data/kaibiao/data/projects/rpt-re/processed/cn/transfer_from_us/finetune/I60_R60/seed4/best.pt
[2026-08-19 02:33:14] [finetune I60_R60 seed2 gpu1] head finetune epoch=5 train_loss=0.610368 val_loss=0.612220
[2026-08-19 02:33:14] [finetune I60_R60 seed2 gpu1] new best epoch=5 val_loss=0.612220 -> /data/kaibiao/data/projects/rpt-re/processed/cn/transfer_from_us/finetune/I60_R60/seed2/best.pt
[2026-08-19 02:33:18] [finetune I20_R20 seed1 gpu1] head finetune epoch=21 train_loss=0.619007 val_loss=0.629813
[2026-08-19 02:33:18] [finetune I20_R20 seed1 gpu1] new best epoch=21 val_loss=0.629813 -> /data/kaibiao/data/projects/rpt-re/processed/cn/transfer_from_us/finetune/I20_R20/seed1/best.pt
[2026-08-19 02:33:19] [finetune I20_R20 seed4 gpu1] head finetune epoch=21 train_loss=0.611448 val_loss=0.624533
[2026-08-19 02:33:19] [finetune I20_R20 seed4 gpu1] new best epoch=21 val_loss=0.624533 -> /data/kaibiao/data/projects/rpt-re/processed/cn/transfer_from_us/finetune/I20_R20/seed4/best.pt
[2026-08-19 02:33:21] [finetune I20_R20 seed3 gpu2] head finetune epoch=23 train_loss=0.618978 val_loss=0.628994
[2026-08-19 02:33:21] [finetune I20_R5 seed0 gpu1] head finetune epoch=5 train_loss=0.673026 val_loss=0.674424
[2026-08-19 02:33:21] [finetune I20_R5 seed0 gpu1] new best epoch=5 val_loss=0.674424 -> /data/kaibiao/data/projects/rpt-re/processed/cn/transfer_from_us/finetune/I20_R5/seed0/best.pt
[2026-08-19 02:33:25] [finetune I20_R5 seed3 gpu1] head finetune epoch=5 train_loss=0.673086 val_loss=0.674877
[2026-08-19 02:33:34] [finetune I20_R20 seed1 gpu1] head finetune epoch=22 train_loss=0.617606 val_loss=0.628163
[2026-08-19 02:33:34] [finetune I20_R20 seed1 gpu1] new best epoch=22 val_loss=0.628163 -> /data/kaibiao/data/projects/rpt-re/processed/cn/transfer_from_us/finetune/I20_R20/seed1/best.pt
[2026-08-19 02:33:34] [finetune I20_R20 seed4 gpu1] head finetune epoch=22 train_loss=0.609446 val_loss=0.627231
[2026-08-19 02:33:35] [finetune I20_R20 seed3 gpu2] head finetune epoch=24 train_loss=0.617863 val_loss=0.627739
[2026-08-19 02:33:35] [finetune I20_R20 seed3 gpu2] new best epoch=24 val_loss=0.627739 -> /data/kaibiao/data/projects/rpt-re/processed/cn/transfer_from_us/finetune/I20_R20/seed3/best.pt
[2026-08-19 02:33:43] [finetune I20_R5 seed1 gpu3] head finetune epoch=6 train_loss=0.670938 val_loss=0.671844
[2026-08-19 02:33:43] [finetune I20_R5 seed1 gpu3] new best epoch=6 val_loss=0.671844 -> /data/kaibiao/data/projects/rpt-re/processed/cn/transfer_from_us/finetune/I20_R5/seed1/best.pt
[2026-08-19 02:33:44] [finetune I60_R60 seed0 gpu3] head finetune epoch=7 train_loss=0.589118 val_loss=0.603925
[2026-08-19 02:33:45] [finetune I20_R5 seed4 gpu3] head finetune epoch=6 train_loss=0.668961 val_loss=0.670991
[2026-08-19 02:33:45] [finetune I20_R5 seed4 gpu3] new best epoch=6 val_loss=0.670991 -> /data/kaibiao/data/projects/rpt-re/processed/cn/transfer_from_us/finetune/I20_R5/seed4/best.pt
[2026-08-19 02:33:47] [finetune I60_R60 seed4 gpu3] head finetune epoch=5 train_loss=0.604481 val_loss=0.607957
[2026-08-19 02:33:47] [finetune I60_R60 seed4 gpu3] new best epoch=5 val_loss=0.607957 -> /data/kaibiao/data/projects/rpt-re/processed/cn/transfer_from_us/finetune/I60_R60/seed4/best.pt
[2026-08-19 02:33:49] [finetune I20_R20 seed3 gpu2] head finetune epoch=25 train_loss=0.616418 val_loss=0.628294
[2026-08-19 02:33:49] [finetune I20_R20 seed1 gpu1] head finetune epoch=23 train_loss=0.616477 val_loss=0.626952
[2026-08-19 02:33:49] [finetune I20_R20 seed1 gpu1] new best epoch=23 val_loss=0.626952 -> /data/kaibiao/data/projects/rpt-re/processed/cn/transfer_from_us/finetune/I20_R20/seed1/best.pt
[2026-08-19 02:33:50] [finetune I20_R20 seed4 gpu1] head finetune epoch=23 train_loss=0.608632 val_loss=0.622243
[2026-08-19 02:33:50] [finetune I20_R20 seed4 gpu1] new best epoch=23 val_loss=0.622243 -> /data/kaibiao/data/projects/rpt-re/processed/cn/transfer_from_us/finetune/I20_R20/seed4/best.pt
[2026-08-19 02:33:51] [finetune I20_R5 seed2 gpu2] head finetune epoch=6 train_loss=0.669898 val_loss=0.673286
[2026-08-19 02:33:56] [finetune I60_R60 seed2 gpu1] head finetune epoch=6 train_loss=0.596021 val_loss=0.602195
[2026-08-19 02:33:56] [finetune I60_R60 seed2 gpu1] new best epoch=6 val_loss=0.602195 -> /data/kaibiao/data/projects/rpt-re/processed/cn/transfer_from_us/finetune/I60_R60/seed2/best.pt
[2026-08-19 02:34:02] [finetune I20_R20 seed3 gpu2] head finetune epoch=26 train_loss=0.615452 val_loss=0.629609
[2026-08-19 02:34:02] [finetune I20_R20 seed3 gpu2] early stop at epoch=26 best_epoch=24
[2026-08-19 02:34:03] [finetune I20_R20 seed3 gpu2] head finetune done best_epoch=24 val_loss=0.627739
[2026-08-19 02:34:05] [finetune I20_R20 seed1 gpu1] head finetune epoch=24 train_loss=0.614998 val_loss=0.626902
[2026-08-19 02:34:05] [finetune I20_R20 seed1 gpu1] new best epoch=24 val_loss=0.626902 -> /data/kaibiao/data/projects/rpt-re/processed/cn/transfer_from_us/finetune/I20_R20/seed1/best.pt
[2026-08-19 02:34:06] [finetune I20_R20 seed4 gpu1] head finetune epoch=24 train_loss=0.609293 val_loss=0.623726
[2026-08-19 02:34:19] [finetune I20_R20 seed3 gpu2] I20_R20 seed3 finetune predict n=138287 -> /data/kaibiao/data/projects/rpt-re/processed/cn/transfer_from_us/finetune/I20_R20/seed3_pred.feather
[2026-08-19 02:34:20] [finetune I60_R60 seed0 gpu3] head finetune epoch=8 train_loss=0.582381 val_loss=0.596155
[2026-08-19 02:34:20] [finetune I60_R60 seed0 gpu3] new best epoch=8 val_loss=0.596155 -> /data/kaibiao/data/projects/rpt-re/processed/cn/transfer_from_us/finetune/I60_R60/seed0/best.pt
[2026-08-19 02:34:20] [finetune I20_R20 seed3 gpu2] done
[2026-08-19 02:34:20] [finetune I60_R20 seed2 gpu2] start
[2026-08-19 02:34:20] [finetune I20_R20 seed1 gpu1] head finetune epoch=25 train_loss=0.614118 val_loss=0.629587
[2026-08-19 02:34:21] [finetune I20_R20 seed4 gpu1] head finetune epoch=25 train_loss=0.606002 val_loss=0.624593
[2026-08-19 02:34:21] [finetune I20_R20 seed4 gpu1] early stop at epoch=25 best_epoch=23
[2026-08-19 02:34:22] [finetune I20_R20 seed4 gpu1] head finetune done best_epoch=23 val_loss=0.622243
[2026-08-19 02:34:22] [finetune I60_R20 seed2 gpu2] I60/R20 freq=month split_seed=0 train=92514 val=39649 test=138165 pixel_mean=15.644799 pixel_std=61.193660
[2026-08-19 02:34:23] [finetune I60_R20 seed2 gpu2] I60_R20 finetune seed=2
[2026-08-19 02:34:23] [finetune I60_R20 seed2 gpu2] init full weights from /data/kaibiao/data/projects/rpt-re/processed/us/models/I60_R20/seed2/best.pt
[2026-08-19 02:34:23] [finetune I60_R60 seed4 gpu3] head finetune epoch=6 train_loss=0.589858 val_loss=0.599823
[2026-08-19 02:34:23] [finetune I60_R60 seed4 gpu3] new best epoch=6 val_loss=0.599823 -> /data/kaibiao/data/projects/rpt-re/processed/cn/transfer_from_us/finetune/I60_R60/seed4/best.pt
[2026-08-19 02:34:25] [finetune I20_R5 seed0 gpu1] head finetune epoch=6 train_loss=0.671228 val_loss=0.673155
[2026-08-19 02:34:25] [finetune I20_R5 seed0 gpu1] new best epoch=6 val_loss=0.673155 -> /data/kaibiao/data/projects/rpt-re/processed/cn/transfer_from_us/finetune/I20_R5/seed0/best.pt
[2026-08-19 02:34:28] [finetune I20_R5 seed3 gpu1] head finetune epoch=6 train_loss=0.671800 val_loss=0.672058
[2026-08-19 02:34:28] [finetune I20_R5 seed3 gpu1] new best epoch=6 val_loss=0.672058 -> /data/kaibiao/data/projects/rpt-re/processed/cn/transfer_from_us/finetune/I20_R5/seed3/best.pt
[2026-08-19 02:34:36] [finetune I20_R20 seed1 gpu1] head finetune epoch=26 train_loss=0.613618 val_loss=0.626282
[2026-08-19 02:34:36] [finetune I20_R20 seed1 gpu1] new best epoch=26 val_loss=0.626282 -> /data/kaibiao/data/projects/rpt-re/processed/cn/transfer_from_us/finetune/I20_R20/seed1/best.pt
[2026-08-19 02:34:37] [finetune I20_R5 seed1 gpu3] head finetune epoch=7 train_loss=0.669177 val_loss=0.670418
[2026-08-19 02:34:37] [finetune I20_R5 seed1 gpu3] new best epoch=7 val_loss=0.670418 -> /data/kaibiao/data/projects/rpt-re/processed/cn/transfer_from_us/finetune/I20_R5/seed1/best.pt
[2026-08-19 02:34:38] [finetune I60_R60 seed2 gpu1] head finetune epoch=7 train_loss=0.587424 val_loss=0.646248
[2026-08-19 02:34:39] [finetune I20_R5 seed4 gpu3] head finetune epoch=7 train_loss=0.667044 val_loss=0.668830
[2026-08-19 02:34:39] [finetune I20_R5 seed4 gpu3] new best epoch=7 val_loss=0.668830 -> /data/kaibiao/data/projects/rpt-re/processed/cn/transfer_from_us/finetune/I20_R5/seed4/best.pt
[2026-08-19 02:34:39] [finetune I20_R20 seed4 gpu1] I20_R20 seed4 finetune predict n=138287 -> /data/kaibiao/data/projects/rpt-re/processed/cn/transfer_from_us/finetune/I20_R20/seed4_pred.feather
[2026-08-19 02:34:40] [finetune I20_R20 seed4 gpu1] done
[2026-08-19 02:34:40] [finetune I60_R20 seed1 gpu1] start
[2026-08-19 02:34:41] [finetune I60_R20 seed4 gpu2] head finetune epoch=2 train_loss=0.670183 val_loss=0.659676
[2026-08-19 02:34:41] [finetune I60_R20 seed4 gpu2] new best epoch=2 val_loss=0.659676 -> /data/kaibiao/data/projects/rpt-re/processed/cn/transfer_from_us/finetune/I60_R20/seed4/best.pt
[2026-08-19 02:34:43] [finetune I60_R20 seed1 gpu1] I60/R20 freq=month split_seed=0 train=92514 val=39649 test=138165 pixel_mean=15.644799 pixel_std=61.193660
[2026-08-19 02:34:43] [finetune I60_R20 seed1 gpu1] I60_R20 finetune seed=1
[2026-08-19 02:34:43] [finetune I60_R20 seed1 gpu1] init full weights from /data/kaibiao/data/projects/rpt-re/processed/us/models/I60_R20/seed1/best.pt
[2026-08-19 02:34:43] [finetune I20_R5 seed2 gpu2] head finetune epoch=7 train_loss=0.668565 val_loss=0.669767
[2026-08-19 02:34:43] [finetune I20_R5 seed2 gpu2] new best epoch=7 val_loss=0.669767 -> /data/kaibiao/data/projects/rpt-re/processed/cn/transfer_from_us/finetune/I20_R5/seed2/best.pt
[2026-08-19 02:34:48] [finetune I60_R20 seed0 gpu2] head finetune epoch=3 train_loss=0.650453 val_loss=0.645349
[2026-08-19 02:34:48] [finetune I60_R20 seed0 gpu2] new best epoch=3 val_loss=0.645349 -> /data/kaibiao/data/projects/rpt-re/processed/cn/transfer_from_us/finetune/I60_R20/seed0/best.pt
[2026-08-19 02:34:50] [finetune I20_R20 seed1 gpu1] head finetune epoch=27 train_loss=0.612260 val_loss=0.625898
[2026-08-19 02:34:50] [finetune I20_R20 seed1 gpu1] new best epoch=27 val_loss=0.625898 -> /data/kaibiao/data/projects/rpt-re/processed/cn/transfer_from_us/finetune/I20_R20/seed1/best.pt
[2026-08-19 02:34:52] [finetune I60_R20 seed3 gpu2] head finetune epoch=3 train_loss=0.645228 val_loss=0.659127
[2026-08-19 02:34:52] [finetune I60_R20 seed3 gpu2] new best epoch=3 val_loss=0.659127 -> /data/kaibiao/data/projects/rpt-re/processed/cn/transfer_from_us/finetune/I60_R20/seed3/best.pt
[2026-08-19 02:34:56] [finetune I60_R60 seed0 gpu3] head finetune epoch=9 train_loss=0.576456 val_loss=0.587933
[2026-08-19 02:34:56] [finetune I60_R60 seed0 gpu3] new best epoch=9 val_loss=0.587933 -> /data/kaibiao/data/projects/rpt-re/processed/cn/transfer_from_us/finetune/I60_R60/seed0/best.pt
[2026-08-19 02:34:59] [finetune I60_R60 seed4 gpu3] head finetune epoch=7 train_loss=0.585578 val_loss=0.598482
[2026-08-19 02:34:59] [finetune I60_R60 seed4 gpu3] new best epoch=7 val_loss=0.598482 -> /data/kaibiao/data/projects/rpt-re/processed/cn/transfer_from_us/finetune/I60_R60/seed4/best.pt
[2026-08-19 02:35:06] [finetune I20_R20 seed1 gpu1] head finetune epoch=28 train_loss=0.610927 val_loss=0.623831
[2026-08-19 02:35:06] [finetune I20_R20 seed1 gpu1] new best epoch=28 val_loss=0.623831 -> /data/kaibiao/data/projects/rpt-re/processed/cn/transfer_from_us/finetune/I20_R20/seed1/best.pt
[2026-08-19 02:35:18] [finetune I60_R60 seed2 gpu1] head finetune epoch=8 train_loss=0.587663 val_loss=0.595106
[2026-08-19 02:35:18] [finetune I60_R60 seed2 gpu1] new best epoch=8 val_loss=0.595106 -> /data/kaibiao/data/projects/rpt-re/processed/cn/transfer_from_us/finetune/I60_R60/seed2/best.pt
[2026-08-19 02:35:21] [finetune I20_R20 seed1 gpu1] head finetune epoch=29 train_loss=0.609269 val_loss=0.628881
[2026-08-19 02:35:26] [finetune I20_R5 seed0 gpu1] head finetune epoch=7 train_loss=0.669967 val_loss=0.671387
[2026-08-19 02:35:26] [finetune I20_R5 seed0 gpu1] new best epoch=7 val_loss=0.671387 -> /data/kaibiao/data/projects/rpt-re/processed/cn/transfer_from_us/finetune/I20_R5/seed0/best.pt
[2026-08-19 02:35:30] [finetune I20_R5 seed3 gpu1] head finetune epoch=7 train_loss=0.670600 val_loss=0.671132
[2026-08-19 02:35:30] [finetune I20_R5 seed3 gpu1] new best epoch=7 val_loss=0.671132 -> /data/kaibiao/data/projects/rpt-re/processed/cn/transfer_from_us/finetune/I20_R5/seed3/best.pt
[2026-08-19 02:35:31] [finetune I20_R5 seed1 gpu3] head finetune epoch=8 train_loss=0.668049 val_loss=0.671815
[2026-08-19 02:35:31] [finetune I60_R60 seed0 gpu3] head finetune epoch=10 train_loss=0.566153 val_loss=0.589489
[2026-08-19 02:35:33] [finetune I20_R5 seed4 gpu3] head finetune epoch=8 train_loss=0.665350 val_loss=0.668034
[2026-08-19 02:35:33] [finetune I20_R5 seed4 gpu3] new best epoch=8 val_loss=0.668034 -> /data/kaibiao/data/projects/rpt-re/processed/cn/transfer_from_us/finetune/I20_R5/seed4/best.pt
[2026-08-19 02:35:34] [finetune I60_R60 seed4 gpu3] head finetune epoch=8 train_loss=0.573384 val_loss=0.590773
[2026-08-19 02:35:35] [finetune I60_R60 seed4 gpu3] new best epoch=8 val_loss=0.590773 -> /data/kaibiao/data/projects/rpt-re/processed/cn/transfer_from_us/finetune/I60_R60/seed4/best.pt
[2026-08-19 02:35:36] [finetune I20_R20 seed1 gpu1] head finetune epoch=30 train_loss=0.609433 val_loss=0.622965
[2026-08-19 02:35:36] [finetune I20_R20 seed1 gpu1] new best epoch=30 val_loss=0.622965 -> /data/kaibiao/data/projects/rpt-re/processed/cn/transfer_from_us/finetune/I20_R20/seed1/best.pt
[2026-08-19 02:35:36] [finetune I20_R5 seed2 gpu2] head finetune epoch=8 train_loss=0.667053 val_loss=0.668973
[2026-08-19 02:35:36] [finetune I20_R5 seed2 gpu2] new best epoch=8 val_loss=0.668973 -> /data/kaibiao/data/projects/rpt-re/processed/cn/transfer_from_us/finetune/I20_R5/seed2/best.pt
[2026-08-19 02:35:52] [finetune I20_R20 seed1 gpu1] head finetune epoch=31 train_loss=0.607612 val_loss=0.622515
[2026-08-19 02:35:52] [finetune I20_R20 seed1 gpu1] new best epoch=31 val_loss=0.622515 -> /data/kaibiao/data/projects/rpt-re/processed/cn/transfer_from_us/finetune/I20_R20/seed1/best.pt
[2026-08-19 02:36:01] [finetune I60_R60 seed2 gpu1] head finetune epoch=9 train_loss=0.572538 val_loss=0.595945
[2026-08-19 02:36:07] [finetune I60_R60 seed0 gpu3] head finetune epoch=11 train_loss=0.560942 val_loss=0.582015
[2026-08-19 02:36:07] [finetune I60_R60 seed0 gpu3] new best epoch=11 val_loss=0.582015 -> /data/kaibiao/data/projects/rpt-re/processed/cn/transfer_from_us/finetune/I60_R60/seed0/best.pt
[2026-08-19 02:36:07] [finetune I20_R20 seed1 gpu1] head finetune epoch=32 train_loss=0.607155 val_loss=0.622155
[2026-08-19 02:36:07] [finetune I20_R20 seed1 gpu1] new best epoch=32 val_loss=0.622155 -> /data/kaibiao/data/projects/rpt-re/processed/cn/transfer_from_us/finetune/I20_R20/seed1/best.pt
[2026-08-19 02:36:10] [finetune I60_R20 seed2 gpu2] head finetune epoch=1 train_loss=0.702987 val_loss=0.680964
[2026-08-19 02:36:10] [finetune I60_R20 seed2 gpu2] new best epoch=1 val_loss=0.680964 -> /data/kaibiao/data/projects/rpt-re/processed/cn/transfer_from_us/finetune/I60_R20/seed2/best.pt
[2026-08-19 02:36:10] [finetune I60_R60 seed4 gpu3] head finetune epoch=9 train_loss=0.569062 val_loss=0.589484
[2026-08-19 02:36:10] [finetune I60_R60 seed4 gpu3] new best epoch=9 val_loss=0.589484 -> /data/kaibiao/data/projects/rpt-re/processed/cn/transfer_from_us/finetune/I60_R60/seed4/best.pt
[2026-08-19 02:36:23] [finetune I20_R20 seed1 gpu1] head finetune epoch=33 train_loss=0.607834 val_loss=0.624774
[2026-08-19 02:36:25] [finetune I20_R5 seed1 gpu3] head finetune epoch=9 train_loss=0.666614 val_loss=0.669135
[2026-08-19 02:36:25] [finetune I20_R5 seed1 gpu3] new best epoch=9 val_loss=0.669135 -> /data/kaibiao/data/projects/rpt-re/processed/cn/transfer_from_us/finetune/I20_R5/seed1/best.pt
[2026-08-19 02:36:26] [finetune I60_R20 seed4 gpu2] head finetune epoch=3 train_loss=0.650939 val_loss=0.654716
[2026-08-19 02:36:26] [finetune I60_R20 seed4 gpu2] new best epoch=3 val_loss=0.654716 -> /data/kaibiao/data/projects/rpt-re/processed/cn/transfer_from_us/finetune/I60_R20/seed4/best.pt
[2026-08-19 02:36:27] [finetune I20_R5 seed4 gpu3] head finetune epoch=9 train_loss=0.664156 val_loss=0.668396
[2026-08-19 02:36:30] [finetune I20_R5 seed0 gpu1] head finetune epoch=8 train_loss=0.668625 val_loss=0.672148
[2026-08-19 02:36:30] [finetune I20_R5 seed2 gpu2] head finetune epoch=9 train_loss=0.665761 val_loss=0.670576
[2026-08-19 02:36:33] [finetune I60_R20 seed0 gpu2] head finetune epoch=4 train_loss=0.637088 val_loss=0.675059
[2026-08-19 02:36:33] [finetune I20_R5 seed3 gpu1] head finetune epoch=8 train_loss=0.669106 val_loss=0.672203
[2026-08-19 02:36:37] [finetune I60_R20 seed3 gpu2] head finetune epoch=4 train_loss=0.630555 val_loss=0.633062
[2026-08-19 02:36:37] [finetune I60_R20 seed3 gpu2] new best epoch=4 val_loss=0.633062 -> /data/kaibiao/data/projects/rpt-re/processed/cn/transfer_from_us/finetune/I60_R20/seed3/best.pt
[2026-08-19 02:36:37] [finetune I60_R5 seed2 gpu2] head finetune epoch=1 train_loss=0.689465 val_loss=0.679473
[2026-08-19 02:36:37] [finetune I60_R5 seed2 gpu2] new best epoch=1 val_loss=0.679473 -> /data/kaibiao/data/projects/rpt-re/processed/cn/transfer_from_us/finetune/I60_R5/seed2/best.pt
[2026-08-19 02:36:38] [finetune I20_R20 seed1 gpu1] head finetune epoch=34 train_loss=0.605514 val_loss=0.621201
[2026-08-19 02:36:38] [finetune I20_R20 seed1 gpu1] new best epoch=34 val_loss=0.621201 -> /data/kaibiao/data/projects/rpt-re/processed/cn/transfer_from_us/finetune/I20_R20/seed1/best.pt
[2026-08-19 02:36:39] [finetune I60_R5 seed3 gpu3] head finetune epoch=1 train_loss=0.686888 val_loss=0.681925
[2026-08-19 02:36:39] [finetune I60_R5 seed3 gpu3] new best epoch=1 val_loss=0.681925 -> /data/kaibiao/data/projects/rpt-re/processed/cn/transfer_from_us/finetune/I60_R5/seed3/best.pt
[2026-08-19 02:36:41] [finetune I60_R5 seed1 gpu3] head finetune epoch=1 train_loss=0.687249 val_loss=0.686987
[2026-08-19 02:36:41] [finetune I60_R5 seed1 gpu3] new best epoch=1 val_loss=0.686987 -> /data/kaibiao/data/projects/rpt-re/processed/cn/transfer_from_us/finetune/I60_R5/seed1/best.pt
[2026-08-19 02:36:43] [finetune I60_R60 seed2 gpu1] head finetune epoch=10 train_loss=0.567725 val_loss=0.597803
[2026-08-19 02:36:43] [finetune I60_R60 seed2 gpu1] early stop at epoch=10 best_epoch=8
[2026-08-19 02:36:43] [finetune I60_R60 seed0 gpu3] head finetune epoch=12 train_loss=0.560245 val_loss=0.579861
[2026-08-19 02:36:43] [finetune I60_R60 seed0 gpu3] new best epoch=12 val_loss=0.579861 -> /data/kaibiao/data/projects/rpt-re/processed/cn/transfer_from_us/finetune/I60_R60/seed0/best.pt
[2026-08-19 02:36:44] [finetune I60_R60 seed2 gpu1] head finetune done best_epoch=8 val_loss=0.595106
[2026-08-19 02:36:46] [finetune I60_R60 seed4 gpu3] head finetune epoch=10 train_loss=0.562339 val_loss=0.585028
[2026-08-19 02:36:46] [finetune I60_R60 seed4 gpu3] new best epoch=10 val_loss=0.585028 -> /data/kaibiao/data/projects/rpt-re/processed/cn/transfer_from_us/finetune/I60_R60/seed4/best.pt
[2026-08-19 02:36:51] [finetune I60_R20 seed1 gpu1] head finetune epoch=1 train_loss=0.708594 val_loss=0.681545
[2026-08-19 02:36:51] [finetune I60_R20 seed1 gpu1] new best epoch=1 val_loss=0.681545 -> /data/kaibiao/data/projects/rpt-re/processed/cn/transfer_from_us/finetune/I60_R20/seed1/best.pt
[2026-08-19 02:36:53] [finetune I20_R20 seed1 gpu1] head finetune epoch=35 train_loss=0.604364 val_loss=0.621778
[2026-08-19 02:37:09] [finetune I20_R20 seed1 gpu1] head finetune epoch=36 train_loss=0.603771 val_loss=0.620863
[2026-08-19 02:37:09] [finetune I20_R20 seed1 gpu1] new best epoch=36 val_loss=0.620863 -> /data/kaibiao/data/projects/rpt-re/processed/cn/transfer_from_us/finetune/I20_R20/seed1/best.pt
[2026-08-19 02:37:18] [finetune I60_R60 seed0 gpu3] head finetune epoch=13 train_loss=0.550330 val_loss=0.576802
[2026-08-19 02:37:18] [finetune I60_R60 seed0 gpu3] new best epoch=13 val_loss=0.576802 -> /data/kaibiao/data/projects/rpt-re/processed/cn/transfer_from_us/finetune/I60_R60/seed0/best.pt
[2026-08-19 02:37:19] [finetune I20_R5 seed1 gpu3] head finetune epoch=10 train_loss=0.665694 val_loss=0.670335
[2026-08-19 02:37:21] [finetune I20_R5 seed4 gpu3] head finetune epoch=10 train_loss=0.663085 val_loss=0.666650
[2026-08-19 02:37:21] [finetune I20_R5 seed4 gpu3] new best epoch=10 val_loss=0.666650 -> /data/kaibiao/data/projects/rpt-re/processed/cn/transfer_from_us/finetune/I20_R5/seed4/best.pt
[2026-08-19 02:37:21] [finetune I60_R60 seed4 gpu3] head finetune epoch=11 train_loss=0.557704 val_loss=0.580319
[2026-08-19 02:37:22] [finetune I60_R60 seed4 gpu3] new best epoch=11 val_loss=0.580319 -> /data/kaibiao/data/projects/rpt-re/processed/cn/transfer_from_us/finetune/I60_R60/seed4/best.pt
[2026-08-19 02:37:23] [finetune I20_R5 seed2 gpu2] head finetune epoch=10 train_loss=0.664813 val_loss=0.668011
[2026-08-19 02:37:23] [finetune I20_R5 seed2 gpu2] new best epoch=10 val_loss=0.668011 -> /data/kaibiao/data/projects/rpt-re/processed/cn/transfer_from_us/finetune/I20_R5/seed2/best.pt
[2026-08-19 02:37:24] [finetune I20_R20 seed1 gpu1] head finetune epoch=37 train_loss=0.603090 val_loss=0.620268
[2026-08-19 02:37:24] [finetune I20_R20 seed1 gpu1] new best epoch=37 val_loss=0.620268 -> /data/kaibiao/data/projects/rpt-re/processed/cn/transfer_from_us/finetune/I20_R20/seed1/best.pt
[2026-08-19 02:37:25] [finetune I60_R60 seed2 gpu1] I60_R60 seed2 finetune predict n=44421 -> /data/kaibiao/data/projects/rpt-re/processed/cn/transfer_from_us/finetune/I60_R60/seed2_pred.feather
[2026-08-19 02:37:26] [finetune I60_R60 seed2 gpu1] done
[2026-08-19 02:37:26] [finetune I60_R60 seed3 gpu1] start
[2026-08-19 02:37:29] [finetune I60_R60 seed3 gpu1] I60/R60 freq=quarter split_seed=0 train=30981 val=13279 test=44421 pixel_mean=15.668882 pixel_std=61.237660
[2026-08-19 02:37:29] [finetune I60_R60 seed3 gpu1] I60_R60 finetune seed=3
[2026-08-19 02:37:29] [finetune I60_R60 seed3 gpu1] init full weights from /data/kaibiao/data/projects/rpt-re/processed/us/models/I60_R60/seed3/best.pt
[2026-08-19 02:37:32] [finetune I20_R5 seed0 gpu1] head finetune epoch=9 train_loss=0.667465 val_loss=0.669294
[2026-08-19 02:37:32] [finetune I20_R5 seed0 gpu1] new best epoch=9 val_loss=0.669294 -> /data/kaibiao/data/projects/rpt-re/processed/cn/transfer_from_us/finetune/I20_R5/seed0/best.pt
[2026-08-19 02:37:35] [finetune I20_R5 seed3 gpu1] head finetune epoch=9 train_loss=0.668066 val_loss=0.672689
[2026-08-19 02:37:35] [finetune I20_R5 seed3 gpu1] early stop at epoch=9 best_epoch=7
[2026-08-19 02:37:36] [finetune I20_R5 seed3 gpu1] head finetune done best_epoch=7 val_loss=0.671132
[2026-08-19 02:37:39] [finetune I20_R20 seed1 gpu1] head finetune epoch=38 train_loss=0.601789 val_loss=0.618918
[2026-08-19 02:37:39] [finetune I20_R20 seed1 gpu1] new best epoch=38 val_loss=0.618918 -> /data/kaibiao/data/projects/rpt-re/processed/cn/transfer_from_us/finetune/I20_R20/seed1/best.pt
[2026-08-19 02:37:43] [finetune I60_R5 seed0 gpu1] head finetune epoch=1 train_loss=0.688046 val_loss=0.681893
[2026-08-19 02:37:43] [finetune I60_R5 seed0 gpu1] new best epoch=1 val_loss=0.681893 -> /data/kaibiao/data/projects/rpt-re/processed/cn/transfer_from_us/finetune/I60_R5/seed0/best.pt
[2026-08-19 02:37:44] [finetune I60_R5 seed4 gpu1] head finetune epoch=1 train_loss=0.687148 val_loss=0.681195
[2026-08-19 02:37:44] [finetune I60_R5 seed4 gpu1] new best epoch=1 val_loss=0.681195 -> /data/kaibiao/data/projects/rpt-re/processed/cn/transfer_from_us/finetune/I60_R5/seed4/best.pt
[2026-08-19 02:37:54] [finetune I20_R20 seed1 gpu1] head finetune epoch=39 train_loss=0.601633 val_loss=0.622190
[2026-08-19 02:37:54] [finetune I60_R60 seed0 gpu3] head finetune epoch=14 train_loss=0.547613 val_loss=0.576201
[2026-08-19 02:37:54] [finetune I60_R60 seed0 gpu3] new best epoch=14 val_loss=0.576201 -> /data/kaibiao/data/projects/rpt-re/processed/cn/transfer_from_us/finetune/I60_R60/seed0/best.pt
[2026-08-19 02:37:54] [finetune I60_R20 seed2 gpu2] head finetune epoch=2 train_loss=0.665380 val_loss=0.666877
[2026-08-19 02:37:54] [finetune I60_R20 seed2 gpu2] new best epoch=2 val_loss=0.666877 -> /data/kaibiao/data/projects/rpt-re/processed/cn/transfer_from_us/finetune/I60_R20/seed2/best.pt
[2026-08-19 02:37:57] [finetune I60_R60 seed4 gpu3] head finetune epoch=12 train_loss=0.552782 val_loss=0.581498
[2026-08-19 02:38:09] [finetune I20_R20 seed1 gpu1] head finetune epoch=40 train_loss=0.600347 val_loss=0.618614
[2026-08-19 02:38:09] [finetune I20_R20 seed1 gpu1] new best epoch=40 val_loss=0.618614 -> /data/kaibiao/data/projects/rpt-re/processed/cn/transfer_from_us/finetune/I20_R20/seed1/best.pt
[2026-08-19 02:38:11] [finetune I60_R20 seed4 gpu2] head finetune epoch=4 train_loss=0.639039 val_loss=0.637032
[2026-08-19 02:38:11] [finetune I60_R20 seed4 gpu2] new best epoch=4 val_loss=0.637032 -> /data/kaibiao/data/projects/rpt-re/processed/cn/transfer_from_us/finetune/I60_R20/seed4/best.pt
[2026-08-19 02:38:13] [finetune I20_R5 seed1 gpu3] head finetune epoch=11 train_loss=0.664746 val_loss=0.667448
[2026-08-19 02:38:14] [finetune I20_R5 seed1 gpu3] new best epoch=11 val_loss=0.667448 -> /data/kaibiao/data/projects/rpt-re/processed/cn/transfer_from_us/finetune/I20_R5/seed1/best.pt
[2026-08-19 02:38:14] [finetune I60_R60 seed3 gpu1] head finetune epoch=1 train_loss=0.702692 val_loss=0.666643
[2026-08-19 02:38:14] [finetune I60_R60 seed3 gpu1] new best epoch=1 val_loss=0.666643 -> /data/kaibiao/data/projects/rpt-re/processed/cn/transfer_from_us/finetune/I60_R60/seed3/best.pt
[2026-08-19 02:38:15] [finetune I20_R5 seed4 gpu3] head finetune epoch=11 train_loss=0.661958 val_loss=0.668269
[2026-08-19 02:38:16] [finetune I20_R5 seed2 gpu2] head finetune epoch=11 train_loss=0.663497 val_loss=0.666560
[2026-08-19 02:38:16] [finetune I20_R5 seed2 gpu2] new best epoch=11 val_loss=0.666560 -> /data/kaibiao/data/projects/rpt-re/processed/cn/transfer_from_us/finetune/I20_R5/seed2/best.pt
[2026-08-19 02:38:17] [finetune I60_R20 seed0 gpu2] head finetune epoch=5 train_loss=0.623082 val_loss=0.628483
[2026-08-19 02:38:17] [finetune I60_R20 seed0 gpu2] new best epoch=5 val_loss=0.628483 -> /data/kaibiao/data/projects/rpt-re/processed/cn/transfer_from_us/finetune/I60_R20/seed0/best.pt
[2026-08-19 02:38:23] [finetune I60_R20 seed3 gpu2] head finetune epoch=5 train_loss=0.621397 val_loss=0.630679
[2026-08-19 02:38:23] [finetune I60_R20 seed3 gpu2] new best epoch=5 val_loss=0.630679 -> /data/kaibiao/data/projects/rpt-re/processed/cn/transfer_from_us/finetune/I60_R20/seed3/best.pt
[2026-08-19 02:38:24] [finetune I20_R20 seed1 gpu1] head finetune epoch=41 train_loss=0.600169 val_loss=0.618221
[2026-08-19 02:38:24] [finetune I20_R20 seed1 gpu1] new best epoch=41 val_loss=0.618221 -> /data/kaibiao/data/projects/rpt-re/processed/cn/transfer_from_us/finetune/I20_R20/seed1/best.pt
[2026-08-19 02:38:30] [finetune I60_R60 seed0 gpu3] head finetune epoch=15 train_loss=0.540945 val_loss=0.574473
[2026-08-19 02:38:30] [finetune I60_R60 seed0 gpu3] new best epoch=15 val_loss=0.574473 -> /data/kaibiao/data/projects/rpt-re/processed/cn/transfer_from_us/finetune/I60_R60/seed0/best.pt
[2026-08-19 02:38:33] [finetune I60_R60 seed4 gpu3] head finetune epoch=13 train_loss=0.545574 val_loss=0.575388
[2026-08-19 02:38:33] [finetune I60_R60 seed4 gpu3] new best epoch=13 val_loss=0.575388 -> /data/kaibiao/data/projects/rpt-re/processed/cn/transfer_from_us/finetune/I60_R60/seed4/best.pt
[2026-08-19 02:38:34] [finetune I20_R5 seed0 gpu1] head finetune epoch=10 train_loss=0.666464 val_loss=0.671523
[2026-08-19 02:38:39] [finetune I20_R20 seed1 gpu1] head finetune epoch=42 train_loss=0.598635 val_loss=0.617890
[2026-08-19 02:38:39] [finetune I20_R20 seed1 gpu1] new best epoch=42 val_loss=0.617890 -> /data/kaibiao/data/projects/rpt-re/processed/cn/transfer_from_us/finetune/I20_R20/seed1/best.pt
[2026-08-19 02:38:44] [finetune I20_R5 seed3 gpu1] I20_R5 seed3 finetune predict n=593994 -> /data/kaibiao/data/projects/rpt-re/processed/cn/transfer_from_us/finetune/I20_R5/seed3_pred.feather
[2026-08-19 02:38:45] [finetune I20_R5 seed3 gpu1] done
[2026-08-19 02:38:53] [finetune I60_R20 seed1 gpu1] head finetune epoch=2 train_loss=0.671205 val_loss=0.665276
[2026-08-19 02:38:53] [finetune I60_R20 seed1 gpu1] new best epoch=2 val_loss=0.665276 -> /data/kaibiao/data/projects/rpt-re/processed/cn/transfer_from_us/finetune/I60_R20/seed1/best.pt
[2026-08-19 02:38:54] [finetune I20_R20 seed1 gpu1] head finetune epoch=43 train_loss=0.598288 val_loss=0.617171
[2026-08-19 02:38:54] [finetune I60_R60 seed3 gpu1] head finetune epoch=2 train_loss=0.654293 val_loss=0.657516
[2026-08-19 02:38:54] [finetune I20_R20 seed1 gpu1] new best epoch=43 val_loss=0.617171 -> /data/kaibiao/data/projects/rpt-re/processed/cn/transfer_from_us/finetune/I20_R20/seed1/best.pt
[2026-08-19 02:38:54] [finetune I60_R60 seed3 gpu1] new best epoch=2 val_loss=0.657516 -> /data/kaibiao/data/projects/rpt-re/processed/cn/transfer_from_us/finetune/I60_R60/seed3/best.pt
[2026-08-19 02:39:05] [finetune I60_R60 seed0 gpu3] head finetune epoch=16 train_loss=0.541157 val_loss=0.577983
[2026-08-19 02:39:07] [finetune I20_R20 seed1 gpu1] head finetune epoch=44 train_loss=0.597466 val_loss=0.618947
[2026-08-19 02:39:08] [finetune I20_R5 seed1 gpu3] head finetune epoch=12 train_loss=0.663985 val_loss=0.672909
[2026-08-19 02:39:09] [finetune I20_R5 seed4 gpu3] head finetune epoch=12 train_loss=0.660894 val_loss=0.667273
[2026-08-19 02:39:09] [finetune I20_R5 seed4 gpu3] early stop at epoch=12 best_epoch=10
[2026-08-19 02:39:09] [finetune I60_R60 seed4 gpu3] head finetune epoch=14 train_loss=0.544399 val_loss=0.573682
[2026-08-19 02:39:09] [finetune I60_R60 seed4 gpu3] new best epoch=14 val_loss=0.573682 -> /data/kaibiao/data/projects/rpt-re/processed/cn/transfer_from_us/finetune/I60_R60/seed4/best.pt
[2026-08-19 02:39:09] [finetune I20_R5 seed2 gpu2] head finetune epoch=12 train_loss=0.662846 val_loss=0.666594
[2026-08-19 02:39:09] [finetune I20_R5 seed4 gpu3] head finetune done best_epoch=10 val_loss=0.666650
[2026-08-19 02:39:21] [finetune I20_R20 seed1 gpu1] head finetune epoch=45 train_loss=0.597147 val_loss=0.617141
[2026-08-19 02:39:21] [finetune I20_R20 seed1 gpu1] new best epoch=45 val_loss=0.617141 -> /data/kaibiao/data/projects/rpt-re/processed/cn/transfer_from_us/finetune/I20_R20/seed1/best.pt
[2026-08-19 02:39:28] [finetune I20_R5 seed0 gpu1] head finetune epoch=11 train_loss=0.665771 val_loss=0.668005
[2026-08-19 02:39:28] [finetune I20_R5 seed0 gpu1] new best epoch=11 val_loss=0.668005 -> /data/kaibiao/data/projects/rpt-re/processed/cn/transfer_from_us/finetune/I20_R5/seed0/best.pt
[2026-08-19 02:39:29] [finetune I60_R60 seed3 gpu1] head finetune epoch=3 train_loss=0.634114 val_loss=0.623484
[2026-08-19 02:39:29] [finetune I60_R60 seed3 gpu1] new best epoch=3 val_loss=0.623484 -> /data/kaibiao/data/projects/rpt-re/processed/cn/transfer_from_us/finetune/I60_R60/seed3/best.pt
[2026-08-19 02:39:35] [finetune I20_R20 seed1 gpu1] head finetune epoch=46 train_loss=0.595870 val_loss=0.618056
[2026-08-19 02:39:39] [finetune I60_R20 seed2 gpu2] head finetune epoch=3 train_loss=0.647675 val_loss=0.663512
[2026-08-19 02:39:39] [finetune I60_R20 seed2 gpu2] new best epoch=3 val_loss=0.663512 -> /data/kaibiao/data/projects/rpt-re/processed/cn/transfer_from_us/finetune/I60_R20/seed2/best.pt
[2026-08-19 02:39:41] [finetune I60_R60 seed0 gpu3] head finetune epoch=17 train_loss=0.533341 val_loss=0.571632
[2026-08-19 02:39:41] [finetune I60_R60 seed0 gpu3] new best epoch=17 val_loss=0.571632 -> /data/kaibiao/data/projects/rpt-re/processed/cn/transfer_from_us/finetune/I60_R60/seed0/best.pt
[2026-08-19 02:39:44] [finetune I60_R60 seed4 gpu3] head finetune epoch=15 train_loss=0.534958 val_loss=0.574260
[2026-08-19 02:39:48] [finetune I20_R20 seed1 gpu1] head finetune epoch=47 train_loss=0.595818 val_loss=0.615897
[2026-08-19 02:39:48] [finetune I20_R20 seed1 gpu1] new best epoch=47 val_loss=0.615897 -> /data/kaibiao/data/projects/rpt-re/processed/cn/transfer_from_us/finetune/I20_R20/seed1/best.pt
[2026-08-19 02:39:57] [finetune I60_R20 seed4 gpu2] head finetune epoch=5 train_loss=0.624184 val_loss=0.632180
[2026-08-19 02:39:57] [finetune I60_R20 seed4 gpu2] new best epoch=5 val_loss=0.632180 -> /data/kaibiao/data/projects/rpt-re/processed/cn/transfer_from_us/finetune/I60_R20/seed4/best.pt
[2026-08-19 02:40:01] [finetune I60_R20 seed0 gpu2] head finetune epoch=6 train_loss=0.612514 val_loss=0.626655
[2026-08-19 02:40:01] [finetune I60_R20 seed0 gpu2] new best epoch=6 val_loss=0.626655 -> /data/kaibiao/data/projects/rpt-re/processed/cn/transfer_from_us/finetune/I60_R20/seed0/best.pt
[2026-08-19 02:40:01] [finetune I20_R5 seed1 gpu3] head finetune epoch=13 train_loss=0.662845 val_loss=0.666364
[2026-08-19 02:40:01] [finetune I20_R5 seed1 gpu3] new best epoch=13 val_loss=0.666364 -> /data/kaibiao/data/projects/rpt-re/processed/cn/transfer_from_us/finetune/I20_R5/seed1/best.pt
[2026-08-19 02:40:02] [finetune I20_R5 seed2 gpu2] head finetune epoch=13 train_loss=0.661861 val_loss=0.665462
[2026-08-19 02:40:02] [finetune I20_R5 seed2 gpu2] new best epoch=13 val_loss=0.665462 -> /data/kaibiao/data/projects/rpt-re/processed/cn/transfer_from_us/finetune/I20_R5/seed2/best.pt
[2026-08-19 02:40:02] [finetune I20_R20 seed1 gpu1] head finetune epoch=48 train_loss=0.594256 val_loss=0.616575
[2026-08-19 02:40:04] [finetune I60_R60 seed3 gpu1] head finetune epoch=4 train_loss=0.617721 val_loss=0.612130
[2026-08-19 02:40:04] [finetune I60_R60 seed3 gpu1] new best epoch=4 val_loss=0.612130 -> /data/kaibiao/data/projects/rpt-re/processed/cn/transfer_from_us/finetune/I60_R60/seed3/best.pt
[2026-08-19 02:40:08] [finetune I20_R5 seed4 gpu3] I20_R5 seed4 finetune predict n=593994 -> /data/kaibiao/data/projects/rpt-re/processed/cn/transfer_from_us/finetune/I20_R5/seed4_pred.feather
[2026-08-19 02:40:09] [finetune I60_R20 seed3 gpu2] head finetune epoch=6 train_loss=0.607982 val_loss=0.623069
[2026-08-19 02:40:09] [finetune I60_R20 seed3 gpu2] new best epoch=6 val_loss=0.623069 -> /data/kaibiao/data/projects/rpt-re/processed/cn/transfer_from_us/finetune/I60_R20/seed3/best.pt
[2026-08-19 02:40:09] [finetune I20_R5 seed4 gpu3] done
[2026-08-19 02:40:09] [finetune I60_R60 seed1 gpu3] start
[2026-08-19 02:40:12] [finetune I60_R60 seed1 gpu3] I60/R60 freq=quarter split_seed=0 train=30981 val=13279 test=44421 pixel_mean=15.668882 pixel_std=61.237660
[2026-08-19 02:40:12] [finetune I60_R60 seed1 gpu3] I60_R60 finetune seed=1
[2026-08-19 02:40:12] [finetune I60_R60 seed1 gpu3] init full weights from /data/kaibiao/data/projects/rpt-re/processed/us/models/I60_R60/seed1/best.pt
[2026-08-19 02:40:14] [finetune I60_R60 seed0 gpu3] head finetune epoch=18 train_loss=0.529930 val_loss=0.572813
[2026-08-19 02:40:16] [finetune I20_R20 seed1 gpu1] head finetune epoch=49 train_loss=0.593931 val_loss=0.616897
[2026-08-19 02:40:16] [finetune I20_R20 seed1 gpu1] early stop at epoch=49 best_epoch=47
[2026-08-19 02:40:16] [finetune I20_R20 seed1 gpu1] head finetune done best_epoch=47 val_loss=0.615897
[2026-08-19 02:40:18] [finetune I60_R60 seed4 gpu3] head finetune epoch=16 train_loss=0.536374 val_loss=0.573933
[2026-08-19 02:40:18] [finetune I60_R60 seed4 gpu3] early stop at epoch=16 best_epoch=14
[2026-08-19 02:40:19] [finetune I60_R60 seed4 gpu3] head finetune done best_epoch=14 val_loss=0.573682
[2026-08-19 02:40:20] [finetune I20_R5 seed0 gpu1] head finetune epoch=12 train_loss=0.664659 val_loss=0.668564
[2026-08-19 02:40:32] [finetune I20_R20 seed1 gpu1] I20_R20 seed1 finetune predict n=138287 -> /data/kaibiao/data/projects/rpt-re/processed/cn/transfer_from_us/finetune/I20_R20/seed1_pred.feather
[2026-08-19 02:40:33] [finetune I20_R20 seed1 gpu1] done
[2026-08-19 02:40:36] [finetune I60_R20 seed1 gpu1] head finetune epoch=3 train_loss=0.650336 val_loss=0.647817
[2026-08-19 02:40:36] [finetune I60_R20 seed1 gpu1] new best epoch=3 val_loss=0.647817 -> /data/kaibiao/data/projects/rpt-re/processed/cn/transfer_from_us/finetune/I60_R20/seed1/best.pt
[2026-08-19 02:40:38] [finetune I60_R60 seed3 gpu1] head finetune epoch=5 train_loss=0.603335 val_loss=0.604031
[2026-08-19 02:40:38] [finetune I60_R60 seed3 gpu1] new best epoch=5 val_loss=0.604031 -> /data/kaibiao/data/projects/rpt-re/processed/cn/transfer_from_us/finetune/I60_R60/seed3/best.pt
[2026-08-19 02:40:49] [finetune I60_R60 seed0 gpu3] head finetune epoch=19 train_loss=0.528425 val_loss=0.569115
[2026-08-19 02:40:49] [finetune I60_R60 seed1 gpu3] head finetune epoch=1 train_loss=0.700872 val_loss=0.670638
[2026-08-19 02:40:49] [finetune I60_R60 seed1 gpu3] new best epoch=1 val_loss=0.670638 -> /data/kaibiao/data/projects/rpt-re/processed/cn/transfer_from_us/finetune/I60_R60/seed1/best.pt
[2026-08-19 02:40:49] [finetune I60_R60 seed0 gpu3] new best epoch=19 val_loss=0.569115 -> /data/kaibiao/data/projects/rpt-re/processed/cn/transfer_from_us/finetune/I60_R60/seed0/best.pt
[2026-08-19 02:40:53] [finetune I20_R5 seed1 gpu3] head finetune epoch=14 train_loss=0.662039 val_loss=0.668208
[2026-08-19 02:40:54] [finetune I60_R60 seed4 gpu3] I60_R60 seed4 finetune predict n=44421 -> /data/kaibiao/data/projects/rpt-re/processed/cn/transfer_from_us/finetune/I60_R60/seed4_pred.feather
[2026-08-19 02:40:55] [finetune I60_R60 seed4 gpu3] done
[2026-08-19 02:40:56] [finetune I20_R5 seed2 gpu2] head finetune epoch=14 train_loss=0.661033 val_loss=0.665591
[2026-08-19 02:41:05] [finetune I20_R5 seed0 gpu1] head finetune epoch=13 train_loss=0.663689 val_loss=0.666961
[2026-08-19 02:41:05] [finetune I20_R5 seed0 gpu1] new best epoch=13 val_loss=0.666961 -> /data/kaibiao/data/projects/rpt-re/processed/cn/transfer_from_us/finetune/I20_R5/seed0/best.pt
[2026-08-19 02:41:07] [finetune I60_R60 seed3 gpu1] head finetune epoch=6 train_loss=0.591357 val_loss=0.598666
[2026-08-19 02:41:07] [finetune I60_R60 seed3 gpu1] new best epoch=6 val_loss=0.598666 -> /data/kaibiao/data/projects/rpt-re/processed/cn/transfer_from_us/finetune/I60_R60/seed3/best.pt
[2026-08-19 02:41:19] [finetune I60_R60 seed1 gpu3] head finetune epoch=2 train_loss=0.654929 val_loss=0.654283
[2026-08-19 02:41:19] [finetune I60_R60 seed1 gpu3] new best epoch=2 val_loss=0.654283 -> /data/kaibiao/data/projects/rpt-re/processed/cn/transfer_from_us/finetune/I60_R60/seed1/best.pt
[2026-08-19 02:41:20] [finetune I60_R60 seed0 gpu3] head finetune epoch=20 train_loss=0.525343 val_loss=0.566691
[2026-08-19 02:41:20] [finetune I60_R60 seed0 gpu3] new best epoch=20 val_loss=0.566691 -> /data/kaibiao/data/projects/rpt-re/processed/cn/transfer_from_us/finetune/I60_R60/seed0/best.pt
[2026-08-19 02:41:23] [finetune I60_R20 seed2 gpu2] head finetune epoch=4 train_loss=0.631880 val_loss=0.633570
[2026-08-19 02:41:23] [finetune I60_R20 seed2 gpu2] new best epoch=4 val_loss=0.633570 -> /data/kaibiao/data/projects/rpt-re/processed/cn/transfer_from_us/finetune/I60_R20/seed2/best.pt
[2026-08-19 02:41:37] [finetune I60_R60 seed3 gpu1] head finetune epoch=7 train_loss=0.587296 val_loss=0.600095
[2026-08-19 02:41:38] [finetune I20_R5 seed1 gpu3] head finetune epoch=15 train_loss=0.661369 val_loss=0.668131
[2026-08-19 02:41:38] [finetune I20_R5 seed1 gpu3] early stop at epoch=15 best_epoch=13
[2026-08-19 02:41:38] [finetune I20_R5 seed1 gpu3] head finetune done best_epoch=13 val_loss=0.666364
[2026-08-19 02:41:42] [finetune I60_R20 seed4 gpu2] head finetune epoch=6 train_loss=0.615854 val_loss=0.623906
[2026-08-19 02:41:42] [finetune I60_R20 seed4 gpu2] new best epoch=6 val_loss=0.623906 -> /data/kaibiao/data/projects/rpt-re/processed/cn/transfer_from_us/finetune/I60_R20/seed4/best.pt
[2026-08-19 02:41:45] [finetune I60_R20 seed0 gpu2] head finetune epoch=7 train_loss=0.604568 val_loss=0.620235
[2026-08-19 02:41:45] [finetune I60_R20 seed0 gpu2] new best epoch=7 val_loss=0.620235 -> /data/kaibiao/data/projects/rpt-re/processed/cn/transfer_from_us/finetune/I60_R20/seed0/best.pt
[2026-08-19 02:41:48] [finetune I60_R60 seed1 gpu3] head finetune epoch=3 train_loss=0.632091 val_loss=0.628640
[2026-08-19 02:41:48] [finetune I20_R5 seed0 gpu1] head finetune epoch=14 train_loss=0.662930 val_loss=0.667316
[2026-08-19 02:41:48] [finetune I60_R60 seed1 gpu3] new best epoch=3 val_loss=0.628640 -> /data/kaibiao/data/projects/rpt-re/processed/cn/transfer_from_us/finetune/I60_R60/seed1/best.pt
[2026-08-19 02:41:49] [finetune I60_R60 seed0 gpu3] head finetune epoch=21 train_loss=0.518683 val_loss=0.565341
[2026-08-19 02:41:49] [finetune I60_R60 seed0 gpu3] new best epoch=21 val_loss=0.565341 -> /data/kaibiao/data/projects/rpt-re/processed/cn/transfer_from_us/finetune/I60_R60/seed0/best.pt
[2026-08-19 02:41:49] [finetune I20_R5 seed2 gpu2] head finetune epoch=15 train_loss=0.660023 val_loss=0.664393
[2026-08-19 02:41:49] [finetune I20_R5 seed2 gpu2] new best epoch=15 val_loss=0.664393 -> /data/kaibiao/data/projects/rpt-re/processed/cn/transfer_from_us/finetune/I20_R5/seed2/best.pt
[2026-08-19 02:41:55] [finetune I60_R20 seed3 gpu2] head finetune epoch=7 train_loss=0.603221 val_loss=0.620792
[2026-08-19 02:41:55] [finetune I60_R20 seed3 gpu2] new best epoch=7 val_loss=0.620792 -> /data/kaibiao/data/projects/rpt-re/processed/cn/transfer_from_us/finetune/I60_R20/seed3/best.pt
[2026-08-19 02:42:04] [finetune I60_R20 seed1 gpu1] head finetune epoch=4 train_loss=0.635738 val_loss=0.638742
[2026-08-19 02:42:04] [finetune I60_R20 seed1 gpu1] new best epoch=4 val_loss=0.638742 -> /data/kaibiao/data/projects/rpt-re/processed/cn/transfer_from_us/finetune/I60_R20/seed1/best.pt
[2026-08-19 02:42:06] [finetune I60_R60 seed3 gpu1] head finetune epoch=8 train_loss=0.575457 val_loss=0.588065
[2026-08-19 02:42:06] [finetune I60_R60 seed3 gpu1] new best epoch=8 val_loss=0.588065 -> /data/kaibiao/data/projects/rpt-re/processed/cn/transfer_from_us/finetune/I60_R60/seed3/best.pt
[2026-08-19 02:42:18] [finetune I60_R60 seed1 gpu3] head finetune epoch=4 train_loss=0.617257 val_loss=0.625587
[2026-08-19 02:42:18] [finetune I60_R60 seed1 gpu3] new best epoch=4 val_loss=0.625587 -> /data/kaibiao/data/projects/rpt-re/processed/cn/transfer_from_us/finetune/I60_R60/seed1/best.pt
[2026-08-19 02:42:18] [finetune I60_R60 seed0 gpu3] head finetune epoch=22 train_loss=0.516769 val_loss=0.569420
[2026-08-19 02:42:28] [finetune I20_R5 seed1 gpu3] I20_R5 seed1 finetune predict n=593994 -> /data/kaibiao/data/projects/rpt-re/processed/cn/transfer_from_us/finetune/I20_R5/seed1_pred.feather
[2026-08-19 02:42:29] [finetune I20_R5 seed1 gpu3] done
[2026-08-19 02:42:32] [finetune I20_R5 seed0 gpu1] head finetune epoch=15 train_loss=0.662554 val_loss=0.666734
[2026-08-19 02:42:32] [finetune I20_R5 seed0 gpu1] new best epoch=15 val_loss=0.666734 -> /data/kaibiao/data/projects/rpt-re/processed/cn/transfer_from_us/finetune/I20_R5/seed0/best.pt
[2026-08-19 02:42:36] [finetune I60_R60 seed3 gpu1] head finetune epoch=9 train_loss=0.569004 val_loss=0.585835
[2026-08-19 02:42:36] [finetune I60_R60 seed3 gpu1] new best epoch=9 val_loss=0.585835 -> /data/kaibiao/data/projects/rpt-re/processed/cn/transfer_from_us/finetune/I60_R60/seed3/best.pt
[2026-08-19 02:42:43] [finetune I20_R5 seed2 gpu2] head finetune epoch=16 train_loss=0.659152 val_loss=0.664390
[2026-08-19 02:42:43] [finetune I20_R5 seed2 gpu2] new best epoch=16 val_loss=0.664390 -> /data/kaibiao/data/projects/rpt-re/processed/cn/transfer_from_us/finetune/I20_R5/seed2/best.pt
[2026-08-19 02:42:43] [finetune I60_R60 seed1 gpu3] head finetune epoch=5 train_loss=0.606545 val_loss=0.608422
[2026-08-19 02:42:43] [finetune I60_R60 seed1 gpu3] new best epoch=5 val_loss=0.608422 -> /data/kaibiao/data/projects/rpt-re/processed/cn/transfer_from_us/finetune/I60_R60/seed1/best.pt
[2026-08-19 02:42:44] [finetune I60_R60 seed0 gpu3] head finetune epoch=23 train_loss=0.511769 val_loss=0.564132
[2026-08-19 02:42:44] [finetune I60_R60 seed0 gpu3] new best epoch=23 val_loss=0.564132 -> /data/kaibiao/data/projects/rpt-re/processed/cn/transfer_from_us/finetune/I60_R60/seed0/best.pt
[2026-08-19 02:43:06] [finetune I60_R60 seed3 gpu1] head finetune epoch=10 train_loss=0.563154 val_loss=0.582768
[2026-08-19 02:43:06] [finetune I60_R60 seed3 gpu1] new best epoch=10 val_loss=0.582768 -> /data/kaibiao/data/projects/rpt-re/processed/cn/transfer_from_us/finetune/I60_R60/seed3/best.pt
[2026-08-19 02:43:07] [finetune I60_R60 seed1 gpu3] head finetune epoch=6 train_loss=0.596108 val_loss=0.608668
[2026-08-19 02:43:07] [finetune I60_R60 seed0 gpu3] head finetune epoch=24 train_loss=0.508158 val_loss=0.566318
[2026-08-19 02:43:08] [finetune I60_R20 seed2 gpu2] head finetune epoch=5 train_loss=0.620840 val_loss=0.636045
[2026-08-19 02:43:16] [finetune I20_R5 seed0 gpu1] head finetune epoch=16 train_loss=0.661476 val_loss=0.667902
[2026-08-19 02:43:17] [finetune I60_R5 seed1 gpu3] head finetune epoch=2 train_loss=0.678245 val_loss=0.674459
[2026-08-19 02:43:17] [finetune I60_R5 seed3 gpu3] head finetune epoch=2 train_loss=0.676827 val_loss=0.673829
[2026-08-19 02:43:17] [finetune I60_R5 seed1 gpu3] new best epoch=2 val_loss=0.674459 -> /data/kaibiao/data/projects/rpt-re/processed/cn/transfer_from_us/finetune/I60_R5/seed1/best.pt
[2026-08-19 02:43:17] [finetune I60_R5 seed3 gpu3] new best epoch=2 val_loss=0.673829 -> /data/kaibiao/data/projects/rpt-re/processed/cn/transfer_from_us/finetune/I60_R5/seed3/best.pt
[2026-08-19 02:43:28] [finetune I60_R20 seed4 gpu2] head finetune epoch=7 train_loss=0.607299 val_loss=0.623210
[2026-08-19 02:43:28] [finetune I60_R20 seed4 gpu2] new best epoch=7 val_loss=0.623210 -> /data/kaibiao/data/projects/rpt-re/processed/cn/transfer_from_us/finetune/I60_R20/seed4/best.pt
[2026-08-19 02:43:30] [finetune I60_R20 seed0 gpu2] head finetune epoch=8 train_loss=0.597698 val_loss=0.628641
[2026-08-19 02:43:30] [finetune I60_R60 seed1 gpu3] head finetune epoch=7 train_loss=0.586962 val_loss=0.602584
[2026-08-19 02:43:30] [finetune I60_R60 seed0 gpu3] head finetune epoch=25 train_loss=0.505375 val_loss=0.562476
[2026-08-19 02:43:31] [finetune I60_R60 seed1 gpu3] new best epoch=7 val_loss=0.602584 -> /data/kaibiao/data/projects/rpt-re/processed/cn/transfer_from_us/finetune/I60_R60/seed1/best.pt
[2026-08-19 02:43:31] [finetune I60_R60 seed0 gpu3] new best epoch=25 val_loss=0.562476 -> /data/kaibiao/data/projects/rpt-re/processed/cn/transfer_from_us/finetune/I60_R60/seed0/best.pt
[2026-08-19 02:43:34] [finetune I60_R20 seed1 gpu1] head finetune epoch=5 train_loss=0.625171 val_loss=0.636355
[2026-08-19 02:43:34] [finetune I60_R20 seed1 gpu1] new best epoch=5 val_loss=0.636355 -> /data/kaibiao/data/projects/rpt-re/processed/cn/transfer_from_us/finetune/I60_R20/seed1/best.pt
[2026-08-19 02:43:36] [finetune I60_R60 seed3 gpu1] head finetune epoch=11 train_loss=0.560756 val_loss=0.595190
[2026-08-19 02:43:37] [finetune I20_R5 seed2 gpu2] head finetune epoch=17 train_loss=0.658850 val_loss=0.663754
[2026-08-19 02:43:37] [finetune I20_R5 seed2 gpu2] new best epoch=17 val_loss=0.663754 -> /data/kaibiao/data/projects/rpt-re/processed/cn/transfer_from_us/finetune/I20_R5/seed2/best.pt
[2026-08-19 02:43:41] [finetune I60_R20 seed3 gpu2] head finetune epoch=8 train_loss=0.594570 val_loss=0.615869
[2026-08-19 02:43:41] [finetune I60_R20 seed3 gpu2] new best epoch=8 val_loss=0.615869 -> /data/kaibiao/data/projects/rpt-re/processed/cn/transfer_from_us/finetune/I60_R20/seed3/best.pt
[2026-08-19 02:43:54] [finetune I60_R60 seed0 gpu3] head finetune epoch=26 train_loss=0.502947 val_loss=0.561338
[2026-08-19 02:43:54] [finetune I60_R60 seed0 gpu3] new best epoch=26 val_loss=0.561338 -> /data/kaibiao/data/projects/rpt-re/processed/cn/transfer_from_us/finetune/I60_R60/seed0/best.pt
[2026-08-19 02:43:54] [finetune I60_R60 seed1 gpu3] head finetune epoch=8 train_loss=0.581219 val_loss=0.598709
[2026-08-19 02:43:55] [finetune I60_R60 seed1 gpu3] new best epoch=8 val_loss=0.598709 -> /data/kaibiao/data/projects/rpt-re/processed/cn/transfer_from_us/finetune/I60_R60/seed1/best.pt
[2026-08-19 02:44:00] [finetune I20_R5 seed0 gpu1] head finetune epoch=17 train_loss=0.661023 val_loss=0.665383
[2026-08-19 02:44:00] [finetune I20_R5 seed0 gpu1] new best epoch=17 val_loss=0.665383 -> /data/kaibiao/data/projects/rpt-re/processed/cn/transfer_from_us/finetune/I20_R5/seed0/best.pt
[2026-08-19 02:44:03] [finetune I60_R5 seed2 gpu2] head finetune epoch=2 train_loss=0.679501 val_loss=0.687582
[2026-08-19 02:44:06] [finetune I60_R60 seed3 gpu1] head finetune epoch=12 train_loss=0.552435 val_loss=0.578661
[2026-08-19 02:44:06] [finetune I60_R60 seed3 gpu1] new best epoch=12 val_loss=0.578661 -> /data/kaibiao/data/projects/rpt-re/processed/cn/transfer_from_us/finetune/I60_R60/seed3/best.pt
[2026-08-19 02:44:18] [finetune I60_R60 seed0 gpu3] head finetune epoch=27 train_loss=0.499226 val_loss=0.563395
[2026-08-19 02:44:18] [finetune I60_R60 seed1 gpu3] head finetune epoch=9 train_loss=0.574822 val_loss=0.592968
[2026-08-19 02:44:18] [finetune I60_R60 seed1 gpu3] new best epoch=9 val_loss=0.592968 -> /data/kaibiao/data/projects/rpt-re/processed/cn/transfer_from_us/finetune/I60_R60/seed1/best.pt
[2026-08-19 02:44:29] [finetune I60_R5 seed0 gpu1] head finetune epoch=2 train_loss=0.679483 val_loss=0.676332
[2026-08-19 02:44:29] [finetune I60_R5 seed0 gpu1] new best epoch=2 val_loss=0.676332 -> /data/kaibiao/data/projects/rpt-re/processed/cn/transfer_from_us/finetune/I60_R5/seed0/best.pt
[2026-08-19 02:44:31] [finetune I20_R5 seed2 gpu2] head finetune epoch=18 train_loss=0.657976 val_loss=0.664502
[2026-08-19 02:44:35] [finetune I60_R5 seed4 gpu1] head finetune epoch=2 train_loss=0.680989 val_loss=0.680042
[2026-08-19 02:44:35] [finetune I60_R5 seed4 gpu1] new best epoch=2 val_loss=0.680042 -> /data/kaibiao/data/projects/rpt-re/processed/cn/transfer_from_us/finetune/I60_R5/seed4/best.pt
[2026-08-19 02:44:35] [finetune I60_R60 seed3 gpu1] head finetune epoch=13 train_loss=0.548199 val_loss=0.574749
[2026-08-19 02:44:35] [finetune I60_R60 seed3 gpu1] new best epoch=13 val_loss=0.574749 -> /data/kaibiao/data/projects/rpt-re/processed/cn/transfer_from_us/finetune/I60_R60/seed3/best.pt
[2026-08-19 02:44:41] [finetune I60_R60 seed0 gpu3] head finetune epoch=28 train_loss=0.497466 val_loss=0.564266
[2026-08-19 02:44:41] [finetune I60_R60 seed0 gpu3] early stop at epoch=28 best_epoch=26
[2026-08-19 02:44:42] [finetune I60_R60 seed1 gpu3] head finetune epoch=10 train_loss=0.566428 val_loss=0.589539
[2026-08-19 02:44:42] [finetune I60_R60 seed0 gpu3] head finetune done best_epoch=26 val_loss=0.561338
[2026-08-19 02:44:42] [finetune I60_R60 seed1 gpu3] new best epoch=10 val_loss=0.589539 -> /data/kaibiao/data/projects/rpt-re/processed/cn/transfer_from_us/finetune/I60_R60/seed1/best.pt
[2026-08-19 02:44:45] [finetune I20_R5 seed0 gpu1] head finetune epoch=18 train_loss=0.660188 val_loss=0.668184
[2026-08-19 02:44:53] [finetune I60_R20 seed2 gpu2] head finetune epoch=6 train_loss=0.611484 val_loss=0.631828
[2026-08-19 02:44:53] [finetune I60_R20 seed2 gpu2] new best epoch=6 val_loss=0.631828 -> /data/kaibiao/data/projects/rpt-re/processed/cn/transfer_from_us/finetune/I60_R20/seed2/best.pt
[2026-08-19 02:45:03] [finetune I60_R20 seed1 gpu1] head finetune epoch=6 train_loss=0.615466 val_loss=0.627002
[2026-08-19 02:45:03] [finetune I60_R20 seed1 gpu1] new best epoch=6 val_loss=0.627002 -> /data/kaibiao/data/projects/rpt-re/processed/cn/transfer_from_us/finetune/I60_R20/seed1/best.pt
[2026-08-19 02:45:05] [finetune I60_R60 seed1 gpu3] head finetune epoch=11 train_loss=0.567012 val_loss=0.592618
[2026-08-19 02:45:06] [finetune I60_R60 seed0 gpu3] I60_R60 seed0 finetune predict n=44421 -> /data/kaibiao/data/projects/rpt-re/processed/cn/transfer_from_us/finetune/I60_R60/seed0_pred.feather
[2026-08-19 02:45:06] [finetune I60_R60 seed3 gpu1] head finetune epoch=14 train_loss=0.540323 val_loss=0.576755
[2026-08-19 02:45:07] [finetune I60_R60 seed0 gpu3] done
[2026-08-19 02:45:14] [finetune I60_R20 seed4 gpu2] head finetune epoch=8 train_loss=0.599470 val_loss=0.616322
[2026-08-19 02:45:14] [finetune I60_R20 seed4 gpu2] new best epoch=8 val_loss=0.616322 -> /data/kaibiao/data/projects/rpt-re/processed/cn/transfer_from_us/finetune/I60_R20/seed4/best.pt
[2026-08-19 02:45:15] [finetune I60_R20 seed0 gpu2] head finetune epoch=9 train_loss=0.591081 val_loss=0.613515
[2026-08-19 02:45:15] [finetune I60_R20 seed0 gpu2] new best epoch=9 val_loss=0.613515 -> /data/kaibiao/data/projects/rpt-re/processed/cn/transfer_from_us/finetune/I60_R20/seed0/best.pt
[2026-08-19 02:45:24] [finetune I60_R60 seed1 gpu3] head finetune epoch=12 train_loss=0.556370 val_loss=0.580997
[2026-08-19 02:45:24] [finetune I60_R60 seed1 gpu3] new best epoch=12 val_loss=0.580997 -> /data/kaibiao/data/projects/rpt-re/processed/cn/transfer_from_us/finetune/I60_R60/seed1/best.pt
[2026-08-19 02:45:25] [finetune I20_R5 seed2 gpu2] head finetune epoch=19 train_loss=0.657381 val_loss=0.668819
[2026-08-19 02:45:25] [finetune I20_R5 seed2 gpu2] early stop at epoch=19 best_epoch=17
[2026-08-19 02:45:25] [finetune I20_R5 seed2 gpu2] head finetune done best_epoch=17 val_loss=0.663754
[2026-08-19 02:45:26] [finetune I60_R20 seed3 gpu2] head finetune epoch=9 train_loss=0.587916 val_loss=0.618207
[2026-08-19 02:45:28] [finetune I20_R5 seed0 gpu1] head finetune epoch=19 train_loss=0.660057 val_loss=0.665117
[2026-08-19 02:45:28] [finetune I20_R5 seed0 gpu1] new best epoch=19 val_loss=0.665117 -> /data/kaibiao/data/projects/rpt-re/processed/cn/transfer_from_us/finetune/I20_R5/seed0/best.pt
[2026-08-19 02:45:35] [finetune I60_R60 seed3 gpu1] head finetune epoch=15 train_loss=0.534474 val_loss=0.571588
[2026-08-19 02:45:35] [finetune I60_R60 seed3 gpu1] new best epoch=15 val_loss=0.571588 -> /data/kaibiao/data/projects/rpt-re/processed/cn/transfer_from_us/finetune/I60_R60/seed3/best.pt
[2026-08-19 02:45:43] [finetune I60_R60 seed1 gpu3] head finetune epoch=13 train_loss=0.552333 val_loss=0.579608
[2026-08-19 02:45:43] [finetune I60_R60 seed1 gpu3] new best epoch=13 val_loss=0.579608 -> /data/kaibiao/data/projects/rpt-re/processed/cn/transfer_from_us/finetune/I60_R60/seed1/best.pt
[2026-08-19 02:46:02] [finetune I60_R60 seed1 gpu3] head finetune epoch=14 train_loss=0.545609 val_loss=0.576704
[2026-08-19 02:46:02] [finetune I60_R60 seed1 gpu3] new best epoch=14 val_loss=0.576704 -> /data/kaibiao/data/projects/rpt-re/processed/cn/transfer_from_us/finetune/I60_R60/seed1/best.pt
[2026-08-19 02:46:05] [finetune I60_R60 seed3 gpu1] head finetune epoch=16 train_loss=0.531597 val_loss=0.573861
[2026-08-19 02:46:12] [finetune I20_R5 seed0 gpu1] head finetune epoch=20 train_loss=0.659043 val_loss=0.666806
[2026-08-19 02:46:20] [finetune I60_R60 seed1 gpu3] head finetune epoch=15 train_loss=0.542985 val_loss=0.584461
[2026-08-19 02:46:24] [finetune I20_R5 seed2 gpu2] I20_R5 seed2 finetune predict n=593994 -> /data/kaibiao/data/projects/rpt-re/processed/cn/transfer_from_us/finetune/I20_R5/seed2_pred.feather
[2026-08-19 02:46:25] [finetune I20_R5 seed2 gpu2] done
[2026-08-19 02:46:32] [finetune I60_R20 seed1 gpu1] head finetune epoch=7 train_loss=0.606129 val_loss=0.622650
[2026-08-19 02:46:32] [finetune I60_R20 seed1 gpu1] new best epoch=7 val_loss=0.622650 -> /data/kaibiao/data/projects/rpt-re/processed/cn/transfer_from_us/finetune/I60_R20/seed1/best.pt
[2026-08-19 02:46:34] [finetune I60_R20 seed2 gpu2] head finetune epoch=7 train_loss=0.603965 val_loss=0.625830
[2026-08-19 02:46:34] [finetune I60_R20 seed2 gpu2] new best epoch=7 val_loss=0.625830 -> /data/kaibiao/data/projects/rpt-re/processed/cn/transfer_from_us/finetune/I60_R20/seed2/best.pt
[2026-08-19 02:46:35] [finetune I60_R60 seed3 gpu1] head finetune epoch=17 train_loss=0.526568 val_loss=0.572543
[2026-08-19 02:46:35] [finetune I60_R60 seed3 gpu1] early stop at epoch=17 best_epoch=15
[2026-08-19 02:46:35] [finetune I60_R60 seed3 gpu1] head finetune done best_epoch=15 val_loss=0.571588
[2026-08-19 02:46:39] [finetune I60_R60 seed1 gpu3] head finetune epoch=16 train_loss=0.538106 val_loss=0.578828
[2026-08-19 02:46:39] [finetune I60_R60 seed1 gpu3] early stop at epoch=16 best_epoch=14
[2026-08-19 02:46:39] [finetune I60_R60 seed1 gpu3] head finetune done best_epoch=14 val_loss=0.576704
[2026-08-19 02:46:52] [finetune I60_R20 seed0 gpu2] head finetune epoch=10 train_loss=0.587863 val_loss=0.609391
[2026-08-19 02:46:52] [finetune I60_R20 seed0 gpu2] new best epoch=10 val_loss=0.609391 -> /data/kaibiao/data/projects/rpt-re/processed/cn/transfer_from_us/finetune/I60_R20/seed0/best.pt
[2026-08-19 02:46:53] [finetune I60_R20 seed4 gpu2] head finetune epoch=9 train_loss=0.593906 val_loss=0.616640
[2026-08-19 02:46:56] [finetune I20_R5 seed0 gpu1] head finetune epoch=21 train_loss=0.658444 val_loss=0.664497
[2026-08-19 02:46:56] [finetune I20_R5 seed0 gpu1] new best epoch=21 val_loss=0.664497 -> /data/kaibiao/data/projects/rpt-re/processed/cn/transfer_from_us/finetune/I20_R5/seed0/best.pt
[2026-08-19 02:46:58] [finetune I60_R60 seed1 gpu3] I60_R60 seed1 finetune predict n=44421 -> /data/kaibiao/data/projects/rpt-re/processed/cn/transfer_from_us/finetune/I60_R60/seed1_pred.feather
[2026-08-19 02:47:00] [finetune I60_R60 seed1 gpu3] done
[2026-08-19 02:47:03] [finetune I60_R20 seed3 gpu2] head finetune epoch=10 train_loss=0.583131 val_loss=0.612697
[2026-08-19 02:47:03] [finetune I60_R20 seed3 gpu2] new best epoch=10 val_loss=0.612697 -> /data/kaibiao/data/projects/rpt-re/processed/cn/transfer_from_us/finetune/I60_R20/seed3/best.pt
[2026-08-19 02:47:05] [finetune I60_R60 seed3 gpu1] I60_R60 seed3 finetune predict n=44421 -> /data/kaibiao/data/projects/rpt-re/processed/cn/transfer_from_us/finetune/I60_R60/seed3_pred.feather
[2026-08-19 02:47:06] [finetune I60_R60 seed3 gpu1] done
[2026-08-19 02:47:10] [finetune I60_R5 seed1 gpu3] head finetune epoch=3 train_loss=0.672894 val_loss=0.672739
[2026-08-19 02:47:10] [finetune I60_R5 seed1 gpu3] new best epoch=3 val_loss=0.672739 -> /data/kaibiao/data/projects/rpt-re/processed/cn/transfer_from_us/finetune/I60_R5/seed1/best.pt
[2026-08-19 02:47:13] [finetune I60_R5 seed3 gpu3] head finetune epoch=3 train_loss=0.671742 val_loss=0.671368
[2026-08-19 02:47:13] [finetune I60_R5 seed3 gpu3] new best epoch=3 val_loss=0.671368 -> /data/kaibiao/data/projects/rpt-re/processed/cn/transfer_from_us/finetune/I60_R5/seed3/best.pt
[2026-08-19 02:47:34] [finetune I20_R5 seed0 gpu1] head finetune epoch=22 train_loss=0.657800 val_loss=0.666111
[2026-08-19 02:47:51] [finetune I60_R20 seed1 gpu1] head finetune epoch=8 train_loss=0.601139 val_loss=0.628522
[2026-08-19 02:48:01] [finetune I60_R20 seed2 gpu2] head finetune epoch=8 train_loss=0.597896 val_loss=0.618604
[2026-08-19 02:48:01] [finetune I60_R20 seed2 gpu2] new best epoch=8 val_loss=0.618604 -> /data/kaibiao/data/projects/rpt-re/processed/cn/transfer_from_us/finetune/I60_R20/seed2/best.pt
[2026-08-19 02:48:11] [finetune I20_R5 seed0 gpu1] head finetune epoch=23 train_loss=0.657457 val_loss=0.665863
[2026-08-19 02:48:11] [finetune I20_R5 seed0 gpu1] early stop at epoch=23 best_epoch=21
[2026-08-19 02:48:11] [finetune I20_R5 seed0 gpu1] head finetune done best_epoch=21 val_loss=0.664497
[2026-08-19 02:48:19] [finetune I60_R20 seed0 gpu2] head finetune epoch=11 train_loss=0.580634 val_loss=0.621192
[2026-08-19 02:48:21] [finetune I60_R20 seed4 gpu2] head finetune epoch=10 train_loss=0.587606 val_loss=0.610471
[2026-08-19 02:48:21] [finetune I60_R20 seed4 gpu2] new best epoch=10 val_loss=0.610471 -> /data/kaibiao/data/projects/rpt-re/processed/cn/transfer_from_us/finetune/I60_R20/seed4/best.pt
[2026-08-19 02:48:31] [finetune I60_R20 seed3 gpu2] head finetune epoch=11 train_loss=0.576363 val_loss=0.606897
[2026-08-19 02:48:31] [finetune I60_R20 seed3 gpu2] new best epoch=11 val_loss=0.606897 -> /data/kaibiao/data/projects/rpt-re/processed/cn/transfer_from_us/finetune/I60_R20/seed3/best.pt
[2026-08-19 02:48:52] [finetune I20_R5 seed0 gpu1] I20_R5 seed0 finetune predict n=593994 -> /data/kaibiao/data/projects/rpt-re/processed/cn/transfer_from_us/finetune/I20_R5/seed0_pred.feather
[2026-08-19 02:48:53] [finetune I20_R5 seed0 gpu1] done
[2026-08-19 02:48:59] [finetune I60_R20 seed1 gpu1] head finetune epoch=9 train_loss=0.595829 val_loss=0.615263
[2026-08-19 02:48:59] [finetune I60_R20 seed1 gpu1] new best epoch=9 val_loss=0.615263 -> /data/kaibiao/data/projects/rpt-re/processed/cn/transfer_from_us/finetune/I60_R20/seed1/best.pt
[2026-08-19 02:49:27] [finetune I60_R20 seed2 gpu2] head finetune epoch=9 train_loss=0.592407 val_loss=0.619131
[2026-08-19 02:49:38] [finetune I60_R5 seed0 gpu1] head finetune epoch=3 train_loss=0.674611 val_loss=0.683474
[2026-08-19 02:49:40] [finetune I60_R5 seed4 gpu1] head finetune epoch=3 train_loss=0.677953 val_loss=0.675516
[2026-08-19 02:49:40] [finetune I60_R5 seed4 gpu1] new best epoch=3 val_loss=0.675516 -> /data/kaibiao/data/projects/rpt-re/processed/cn/transfer_from_us/finetune/I60_R5/seed4/best.pt
[2026-08-19 02:49:41] [finetune I60_R5 seed1 gpu3] head finetune epoch=4 train_loss=0.669029 val_loss=0.670575
[2026-08-19 02:49:41] [finetune I60_R5 seed1 gpu3] new best epoch=4 val_loss=0.670575 -> /data/kaibiao/data/projects/rpt-re/processed/cn/transfer_from_us/finetune/I60_R5/seed1/best.pt
[2026-08-19 02:49:46] [finetune I60_R20 seed0 gpu2] head finetune epoch=12 train_loss=0.579296 val_loss=0.604804
[2026-08-19 02:49:46] [finetune I60_R20 seed0 gpu2] new best epoch=12 val_loss=0.604804 -> /data/kaibiao/data/projects/rpt-re/processed/cn/transfer_from_us/finetune/I60_R20/seed0/best.pt
[2026-08-19 02:49:47] [finetune I60_R20 seed4 gpu2] head finetune epoch=11 train_loss=0.587750 val_loss=0.609112
[2026-08-19 02:49:48] [finetune I60_R20 seed4 gpu2] new best epoch=11 val_loss=0.609112 -> /data/kaibiao/data/projects/rpt-re/processed/cn/transfer_from_us/finetune/I60_R20/seed4/best.pt
[2026-08-19 02:49:48] [finetune I60_R5 seed3 gpu3] head finetune epoch=4 train_loss=0.667541 val_loss=0.670661
[2026-08-19 02:49:48] [finetune I60_R5 seed3 gpu3] new best epoch=4 val_loss=0.670661 -> /data/kaibiao/data/projects/rpt-re/processed/cn/transfer_from_us/finetune/I60_R5/seed3/best.pt
[2026-08-19 02:49:52] [finetune I60_R20 seed1 gpu1] head finetune epoch=10 train_loss=0.588023 val_loss=0.632163
[2026-08-19 02:49:57] [finetune I60_R20 seed3 gpu2] head finetune epoch=12 train_loss=0.572804 val_loss=0.621288
[2026-08-19 02:50:25] [finetune I60_R5 seed2 gpu2] head finetune epoch=3 train_loss=0.676007 val_loss=0.677020
[2026-08-19 02:50:25] [finetune I60_R5 seed2 gpu2] new best epoch=3 val_loss=0.677020 -> /data/kaibiao/data/projects/rpt-re/processed/cn/transfer_from_us/finetune/I60_R5/seed2/best.pt
[2026-08-19 02:50:45] [finetune I60_R20 seed1 gpu1] head finetune epoch=11 train_loss=0.583883 val_loss=0.610391
[2026-08-19 02:50:46] [finetune I60_R20 seed1 gpu1] new best epoch=11 val_loss=0.610391 -> /data/kaibiao/data/projects/rpt-re/processed/cn/transfer_from_us/finetune/I60_R20/seed1/best.pt
[2026-08-19 02:50:54] [finetune I60_R20 seed2 gpu2] head finetune epoch=10 train_loss=0.587511 val_loss=0.642064
[2026-08-19 02:50:54] [finetune I60_R20 seed2 gpu2] early stop at epoch=10 best_epoch=8
[2026-08-19 02:50:54] [finetune I60_R20 seed2 gpu2] head finetune done best_epoch=8 val_loss=0.618604
[2026-08-19 02:51:12] [finetune I60_R20 seed0 gpu2] head finetune epoch=13 train_loss=0.569832 val_loss=0.604568
[2026-08-19 02:51:12] [finetune I60_R20 seed0 gpu2] new best epoch=13 val_loss=0.604568 -> /data/kaibiao/data/projects/rpt-re/processed/cn/transfer_from_us/finetune/I60_R20/seed0/best.pt
[2026-08-19 02:51:15] [finetune I60_R20 seed4 gpu2] head finetune epoch=12 train_loss=0.579311 val_loss=0.606049
[2026-08-19 02:51:15] [finetune I60_R20 seed4 gpu2] new best epoch=12 val_loss=0.606049 -> /data/kaibiao/data/projects/rpt-re/processed/cn/transfer_from_us/finetune/I60_R20/seed4/best.pt
